date,symbol,return_1d,return_21d,momentum_63d,volatility_21d,zscore_63d,volume_zscore_21d,label_forward_21d,label_direction_21d,feature_set,source,created_at
2026-03-02,AAPL,0.020606102627758416,0.06707167308247675,-0.029030635287776718,0.19104369641547359,0.6014612918795569,0.8884655773131787,0.00706454165746373,1,final_v1,synthetic_sample,2026-05-23T18:18:53.460056+00:00
2026-03-03,AAPL,-0.0018893774032970878,0.07185698060604673,-0.05036818060779735,0.1889634528055975,0.5906010353601783,-1.5074749131302971,0.015615437936981058,1,final_v1,synthetic_sample,2026-05-23T18:18:53.460056+00:00
2026-03-04,AAPL,-0.022674386660432644,0.0606441498511312,-0.052317633496444804,0.20205427978597418,0.01961670276828051,2.084164776761505,0.046391284089768225,1,final_v1,synthetic_sample,2026-05-23T18:18:53.460056+00:00
2026-03-05,AAPL,0.00787063619107875,0.05917271012073799,-0.03289143409745243,0.20157842504129933,0.240814081494271,0.4610530004706009,0.04029334017718478,1,final_v1,synthetic_sample,2026-05-23T18:18:53.460056+00:00
2026-03-06,AAPL,0.011934819260359664,0.07795355053688624,-0.0012902769419896876,0.20145038645715882,0.5574656566422684,-0.3568346279591349,0.04880896260796508,1,final_v1,synthetic_sample,2026-05-23T18:18:53.460056+00:00
2026-03-09,AAPL,-0.014809497671101624,0.056604096676951654,-0.015579983882405779,0.2107726292037007,0.167686687455985,0.8920542178615409,0.07771336369316528,1,final_v1,synthetic_sample,2026-05-23T18:18:53.460056+00:00
2026-03-10,AAPL,0.011469540431431335,0.08691328340086679,-0.01394316576865251,0.20087638096924107,0.47913891318266855,-1.2458190194367886,0.06319350281170366,1,final_v1,synthetic_sample,2026-05-23T18:18:53.460056+00:00
2026-03-11,AAPL,-0.004584264454916442,0.1011382004096395,-0.039623826109003946,0.188695119293154,0.3796022174398903,-0.5748412607903549,0.06255953123187608,1,final_v1,synthetic_sample,2026-05-23T18:18:53.460056+00:00
2026-03-12,AAPL,0.011315730811694014,0.1095784587284172,-0.04066114082187566,0.18997129077525998,0.7231226816126097,1.0468949375220937,0.038906118781636856,1,final_v1,synthetic_sample,2026-05-23T18:18:53.460056+00:00
2026-03-13,AAPL,0.023436200139072882,0.10195170773920847,-0.021136873593201377,0.17980586205122587,1.4173228031350873,-1.4624931551169846,0.03550449574660086,1,final_v1,synthetic_sample,2026-05-23T18:18:53.460056+00:00
2026-03-16,AAPL,-0.0043522265195939935,0.07658035766740157,-0.024767308077597083,0.17465739465965985,1.327744892164421,0.13812510049886792,0.03652547349355073,1,final_v1,synthetic_sample,2026-05-23T18:18:53.460056+00:00
2026-03-17,AAPL,-0.020299098545526473,0.05130838572987795,-0.035398220762406285,0.19243121287330497,0.7564213742374684,0.08051189512942858,0.06569433656385337,1,final_v1,synthetic_sample,2026-05-23T18:18:53.460056+00:00
2026-03-18,AAPL,-0.009065094028987364,0.03051372009255182,-0.0367839505099381,0.19373607585738062,0.5136958691789417,1.4732673040604323,0.0910624122020427,1,final_v1,synthetic_sample,2026-05-23T18:18:53.460056+00:00
2026-03-19,AAPL,0.007707584426652758,0.043267103214085,-0.044568724767084955,0.1935438011278512,0.7952204634973936,-1.3235459598776367,0.09872420428350992,1,final_v1,synthetic_sample,2026-05-23T18:18:53.460056+00:00
2026-03-20,AAPL,-0.007465913808949898,0.0370102601808715,-0.029755920641058142,0.19591393146037075,0.5851020796842057,0.961392027088591,0.11779344651422052,1,final_v1,synthetic_sample,2026-05-23T18:18:53.460056+00:00
2026-03-23,AAPL,-0.010003463398525314,0.015930489726739605,-0.04460961061815938,0.19723285881359418,0.2982969233782854,-0.9106660150343795,0.10798868242515502,1,final_v1,synthetic_sample,2026-05-23T18:18:53.460056+00:00
2026-03-24,AAPL,-0.014002044596266638,-0.006410013678943449,-0.06362478516324344,0.2015285170614158,-0.12175049239975218,-0.7563504837449829,0.12101076958174839,1,final_v1,synthetic_sample,2026-05-23T18:18:53.460056+00:00
2026-03-25,AAPL,0.008576635649419462,-0.012921190799755733,-0.0520370670237974,0.19660068847563927,0.19434953449200942,-1.1760185271662533,0.103410918004186,1,final_v1,synthetic_sample,2026-05-23T18:18:53.460056+00:00
2026-03-26,AAPL,0.015668772220527538,0.004550722379157657,-0.03595913814083174,0.20396514398074314,0.7721370526629545,-1.0224215518612059,0.06854902340052837,1,final_v1,synthetic_sample,2026-05-23T18:18:53.460056+00:00
2026-03-27,AAPL,0.006554373757319265,0.016284879373180017,-0.020706665615447872,0.20407998238678096,1.0357863011779729,0.023084966168670087,0.0806335321603,1,final_v1,synthetic_sample,2026-05-23T18:18:53.460056+00:00
2026-03-30,AAPL,0.013980266016037302,0.028537831461823204,0.021113358816229777,0.20885455567081906,1.5135834755495803,-0.9455238960787336,0.07382659534576708,1,final_v1,synthetic_sample,2026-05-23T18:18:53.460056+00:00
2026-03-31,AAPL,-0.000701592575514276,0.00706454165746373,0.011374040319294565,0.19748747749458553,1.4692038169439467,0.38963852431962664,0.057652692093037805,1,final_v1,synthetic_sample,2026-05-23T18:18:53.460056+00:00
2026-04-01,AAPL,0.006585491938505106,0.015615437936981058,0.02069924745196028,0.19837817094652443,1.6701634339561806,-0.6930796078293912,0.04735781085408686,1,final_v1,synthetic_sample,2026-05-23T18:18:53.460056+00:00
2026-04-02,AAPL,0.006941176075019984,0.046391284089768225,0.04535642728800471,0.1807792148102511,1.8437093730686767,-0.975693223471185,0.04708982280382612,1,final_v1,synthetic_sample,2026-05-23T18:18:53.460056+00:00
2026-04-03,AAPL,0.0019971749877210065,0.04029334017718478,0.04571568593115849,0.17966573880992995,1.8393104214415843,-0.4455548275176895,0.04865758946797416,1,final_v1,synthetic_sample,2026-05-23T18:18:53.460056+00:00
2026-04-06,AAPL,0.02021830480484388,0.04880896260796508,0.05852643683494785,0.18721538407690064,2.391297238578704,0.27981979866466533,0.04517699617956583,1,final_v1,synthetic_sample,2026-05-23T18:18:53.460056+00:00
2026-04-07,AAPL,0.01234162559336327,0.07771336369316528,0.10567719798333064,0.1797181367879697,2.6021717657783587,-0.18338718451356165,0.02603714215906039,1,final_v1,synthetic_sample,2026-05-23T18:18:53.460056+00:00
2026-04-08,AAPL,-0.002157827946531632,0.06319350281170366,0.10725159450518063,0.17848912301238717,2.3743775814441546,0.04786033637372548,0.03857692158570547,1,final_v1,synthetic_sample,2026-05-23T18:18:53.460056+00:00
2026-04-09,AAPL,-0.0051778208346158205,0.06255953123187608,0.10907081185203493,0.17880219486687346,2.1003365124632096,0.6704858170509944,0.023758598926004293,1,final_v1,synthetic_sample,2026-05-23T18:18:53.460056+00:00
2026-04-10,AAPL,-0.011196954261650571,0.038906118781636856,0.08889377681831911,0.18233550847005847,1.697411904255944,1.1716908260444368,0.04574948219403785,1,final_v1,synthetic_sample,2026-05-23T18:18:53.460056+00:00
2026-04-13,AAPL,0.02008522925696332,0.03550449574660086,0.1133833404059732,0.17788016377483915,2.1468377023782708,-0.3632624578542568,0.04110034615477698,1,final_v1,synthetic_sample,2026-05-23T18:18:53.460056+00:00
2026-04-14,AAPL,-0.0033705463581856776,0.03652547349355073,0.09324364257209306,0.17750823682004027,1.9531350917221844,-0.8983824874816455,0.05411546450953075,1,final_v1,synthetic_sample,2026-05-23T18:18:53.460056+00:00
2026-04-15,AAPL,0.007270664258335335,0.06569433656385337,0.11018314987101463,0.15997476101783248,2.040551947850341,0.10632577828703245,0.03932850030897872,1,final_v1,synthetic_sample,2026-05-23T18:18:53.460056+00:00
2026-04-16,AAPL,0.014523387944415989,0.0910624122020427,0.10981250154041033,0.15834294119206244,2.2814811326995645,0.747853453900769,0.005319026346221278,1,final_v1,synthetic_sample,2026-05-23T18:18:53.460056+00:00
2026-04-17,AAPL,0.014784032028960059,0.09872420428350992,0.11098194097892189,0.16198482551671592,2.4861800827560017,-1.3203277872528383,0.00020985927072314503,1,final_v1,synthetic_sample,2026-05-23T18:18:53.460056+00:00
2026-04-20,AAPL,0.009760313517275687,0.11779344651422052,0.14079058744594208,0.15704982683706953,2.5383964754111243,-0.7770005651578435,0.008282636305655178,1,final_v1,synthetic_sample,2026-05-23T18:18:53.460056+00:00
2026-04-21,AAPL,-0.018687252447959324,0.10798868242515502,0.12803649422860253,0.1694978847619983,1.99186475159389,-0.5643943034151621,0.004390333148998504,1,final_v1,synthetic_sample,2026-05-23T18:18:53.460056+00:00
2026-04-22,AAPL,-0.002413703022788982,0.12101076958174839,0.123330676120186,0.15809095680214788,1.8493891925098571,0.0707591563308607,0.007025301824761021,1,final_v1,synthetic_sample,2026-05-23T18:18:53.460056+00:00
2026-04-23,AAPL,-0.0072580017810932596,0.103410918004186,0.12522660827493515,0.1633724687461377,1.6234788292778937,-0.6690905822358553,-0.004859137741672126,0,final_v1,synthetic_sample,2026-05-23T18:18:53.460056+00:00
2026-04-24,AAPL,-0.016420938975572952,0.06854902340052837,0.1219920930639733,0.1733490645886343,1.2312938247069818,1.328607893334467,,0,final_v1,synthetic_sample,2026-05-23T18:18:53.460056+00:00
2026-04-27,AAPL,0.017937768323669667,0.0806335321603,0.14406895951424414,0.18011468794224683,1.5482377666575142,-1.4945723177197172,,0,final_v1,synthetic_sample,2026-05-23T18:18:53.460056+00:00
2026-04-28,AAPL,0.007593179740677414,0.07382659534576708,0.14049364288707666,0.1770351727425998,1.6412227645143227,-1.4116868449691804,,0,final_v1,synthetic_sample,2026-05-23T18:18:53.460056+00:00
2026-04-29,AAPL,-0.01575295732317694,0.057652692093037805,0.13656420743418107,0.18823845844059606,1.2695706521805337,-0.020549660836465537,,0,final_v1,synthetic_sample,2026-05-23T18:18:53.460056+00:00
2026-04-30,AAPL,-0.0032123161452154436,0.04735781085408686,0.14014794903857086,0.18875186623542517,1.1671068249238148,0.16051523795043512,,0,final_v1,synthetic_sample,2026-05-23T18:18:53.460056+00:00
2026-05-01,AAPL,0.006683529452531367,0.04708982280382612,0.16211137696999534,0.1886774521917032,1.2680451121239955,-1.2973287579961092,,0,final_v1,synthetic_sample,2026-05-23T18:18:53.460056+00:00
2026-05-04,AAPL,0.0034974261928275574,0.04865758946797416,0.15546369678832517,0.18872014094716405,1.3014144668881247,-0.3727688902088707,,0,final_v1,synthetic_sample,2026-05-23T18:18:53.460056+00:00
2026-05-05,AAPL,0.016832104180275254,0.04517699617956583,0.18164298170750248,0.18518376724707683,1.6037578893181093,-0.07180899538839924,,0,final_v1,synthetic_sample,2026-05-23T18:18:53.460056+00:00
2026-05-06,AAPL,-0.006196929123745476,0.02603714215906039,0.16836527473884666,0.18356766984941464,1.428551413123272,-0.054553315229194,,0,final_v1,synthetic_sample,2026-05-23T18:18:53.460056+00:00
2026-05-07,AAPL,0.010037364825754125,0.03857692158570547,0.20017859847961983,0.18543786048148533,1.6021853030691107,0.6897535454066531,,0,final_v1,synthetic_sample,2026-05-23T18:18:53.460056+00:00
2026-05-08,AAPL,-0.01937185474150449,0.023758598926004293,0.19782304214488944,0.1977154046547574,1.1651673896639974,-0.32312926458554747,,0,final_v1,synthetic_sample,2026-05-23T18:18:53.460056+00:00
2026-05-11,AAPL,0.010043064993591422,0.04574948219403785,0.2054854672809283,0.194755301897935,1.3727612740187654,2.945678100685491,,0,final_v1,synthetic_sample,2026-05-23T18:18:53.460056+00:00
2026-05-12,AAPL,0.015550189954331994,0.04110034615477698,0.1879745638890742,0.1903125765164069,1.6883583331972298,1.1237652163042573,,0,final_v1,synthetic_sample,2026-05-23T18:18:53.460056+00:00
2026-05-13,AAPL,0.009088627575326136,0.05411546450953075,0.17629057228278855,0.1907602826869212,1.8378210026876474,-0.5446206233449046,,0,final_v1,synthetic_sample,2026-05-23T18:18:53.460056+00:00
2026-05-14,AAPL,-0.0068591685295600335,0.03932850030897872,0.16443599797359876,0.19256761026018643,1.6234468978300747,0.5548548227939758,,0,final_v1,synthetic_sample,2026-05-23T18:18:53.460056+00:00
2026-05-15,AAPL,-0.018674399604608594,0.005319026346221278,0.13033525797673295,0.19907227966853389,1.1482788129070067,0.6318281282012109,,0,final_v1,synthetic_sample,2026-05-23T18:18:53.460056+00:00
2026-05-18,AAPL,0.009626762516189213,0.00020985927072314503,0.1465033717130657,0.19530714350774345,1.3355206176574295,2.047737516837112,,0,final_v1,synthetic_sample,2026-05-23T18:18:53.460056+00:00
2026-05-19,AAPL,0.017910173063443002,0.008282636305655178,0.16876420060564512,0.2019808437834189,1.7071195650313775,-0.4502690129059816,,0,final_v1,synthetic_sample,2026-05-23T18:18:53.460056+00:00
2026-05-20,AAPL,-0.022475442948749147,0.004390333148998504,0.13058141709158289,0.20664543379354272,1.1305724188393476,1.1994860138377923,,0,final_v1,synthetic_sample,2026-05-23T18:18:53.460056+00:00
2026-05-21,AAPL,0.00020341559847825152,0.007025301824761021,0.12165003254785534,0.20642327507629377,1.1025568065111053,0.1970189386183189,,0,final_v1,synthetic_sample,2026-05-23T18:18:53.460056+00:00
2026-05-22,AAPL,-0.018973876507889176,-0.004859137741672126,0.08386118795371589,0.21526185877600357,0.621499893658578,2.0081545427733074,,0,final_v1,synthetic_sample,2026-05-23T18:18:53.460056+00:00
2026-03-02,ASML.AS,0.028527517384201673,0.024649979550851242,-0.06730046306250648,0.22669887475102724,-0.30418468274709487,-0.6768199670556853,-0.0022964417304403018,0,final_v1,synthetic_sample,2026-05-23T18:18:53.471068+00:00
2026-03-03,ASML.AS,0.008684512567470826,0.034214349129422894,-0.06755194221104832,0.22794806790221536,-0.0908205578692225,1.1383232393493294,0.004985468172181484,1,final_v1,synthetic_sample,2026-05-23T18:18:53.471068+00:00
2026-03-04,ASML.AS,0.0021029001321364316,0.036980416694611495,-0.06356213620267215,0.2278068967770279,-0.019801068696334825,1.909820958073157,0.01514654152863737,1,final_v1,synthetic_sample,2026-05-23T18:18:53.471068+00:00
2026-03-05,ASML.AS,0.01801538586983198,0.03560905416856719,-0.046102127499243806,0.226604449677371,0.41755879188652867,-0.363583040167512,0.02587087151410339,1,final_v1,synthetic_sample,2026-05-23T18:18:53.471068+00:00
2026-03-06,ASML.AS,0.022512338525975117,0.055915925483254414,-0.03660340323115696,0.23723026265391037,0.9865488020284752,0.13955174262699593,0.001145899800102157,1,final_v1,synthetic_sample,2026-05-23T18:18:53.471068+00:00
2026-03-09,ASML.AS,-0.01103038241904264,0.05269751621236951,-0.04239841411402612,0.23908157349123296,0.7470859449874141,0.5644771782565442,0.027988928006077884,1,final_v1,synthetic_sample,2026-05-23T18:18:53.471068+00:00
2026-03-10,ASML.AS,0.0146162333323272,0.08923017907360409,-0.049505972575527246,0.229013793918868,1.1790963044468656,-0.4565883852510647,0.02113465397886327,1,final_v1,synthetic_sample,2026-05-23T18:18:53.471068+00:00
2026-03-11,ASML.AS,-0.0050731618755145425,0.10171503550304672,-0.0625220815017894,0.21987487752662427,1.1358093388205228,-1.2988805867452238,0.02022264881058322,1,final_v1,synthetic_sample,2026-05-23T18:18:53.471068+00:00
2026-03-12,ASML.AS,0.015450805557291947,0.10573363414476966,-0.03648343765423945,0.2216400614053179,1.642509778427878,-0.8222151034947556,0.002513299986980133,1,final_v1,synthetic_sample,2026-05-23T18:18:53.471068+00:00
2026-03-13,ASML.AS,0.016890946817053498,0.11755096591228775,-0.003189347646587848,0.22531472140870096,2.146342092552891,0.03976721703659165,-0.009693420466209357,0,final_v1,synthetic_sample,2026-05-23T18:18:53.471068+00:00
2026-03-16,ASML.AS,0.0176540271580663,0.14124056796110107,0.01795909134565754,0.22664134576376443,2.6129287138925283,0.006560754112995678,-0.0005829447850183023,0,final_v1,synthetic_sample,2026-05-23T18:18:53.471068+00:00
2026-03-17,ASML.AS,-0.016931055688390928,0.0821137583753,0.039793031603575946,0.21257277632761887,2.0349607383513266,-1.7999281761243082,0.01775746307981607,1,final_v1,synthetic_sample,2026-05-23T18:18:53.471068+00:00
2026-03-18,ASML.AS,-0.014733685289130216,0.06069441217263316,0.0008914841348315328,0.22155505006443033,1.612767227657855,-0.6402943215338709,0.020342623399463022,1,final_v1,synthetic_sample,2026-05-23T18:18:53.471068+00:00
2026-03-19,ASML.AS,-0.009110327593523149,0.05050692120650058,-0.011232360438081068,0.22516055260642692,1.3721133861280395,-0.834651279838003,0.050477804347352606,1,final_v1,synthetic_sample,2026-05-23T18:18:53.471068+00:00
2026-03-20,ASML.AS,-0.0023182993663083407,0.039830586139893764,0.0032356130955428775,0.2248338303711415,1.3032305472003427,0.9002955758502981,0.07423094025623644,1,final_v1,synthetic_sample,2026-05-23T18:18:53.471068+00:00
2026-03-23,ASML.AS,-0.0019156416571508572,0.04963761911444586,-0.007860496368899628,0.22042971448852433,1.2592076966084396,-0.8732955877019101,0.054788939703871886,1,final_v1,synthetic_sample,2026-05-23T18:18:53.471068+00:00
2026-03-24,ASML.AS,-0.0007010369938174055,0.06994215064742759,0.0015518045131415192,0.20652903762213498,1.2378207390977927,-0.6475793521767302,0.03125149906220415,1,final_v1,synthetic_sample,2026-05-23T18:18:53.471068+00:00
2026-03-25,ASML.AS,-0.023998685898777516,0.04248710971427627,-0.02281500942334025,0.2262612572225535,0.5812398368461129,-0.6089841025901367,0.07130668588640865,1,final_v1,synthetic_sample,2026-05-23T18:18:53.471068+00:00
2026-03-26,ASML.AS,-0.000165698580279261,0.04867317642164837,-0.01753090635483745,0.22458473660496506,0.5882899138912687,0.8862877183453785,0.06018975043673036,1,final_v1,synthetic_sample,2026-05-23T18:18:53.471068+00:00
2026-03-27,ASML.AS,-0.021602786775047456,0.02061531989859411,-0.023944034413507342,0.23836047146196082,-0.000686406188690883,1.0385138990110576,0.08114646199624431,1,final_v1,synthetic_sample,2026-05-23T18:18:53.471068+00:00
2026-03-30,ASML.AS,0.00019949707525079852,0.03541319012142119,-0.03953932700190943,0.23225682713688414,0.022792641440322836,0.36223062359476615,0.10692594732203586,1,final_v1,synthetic_sample,2026-05-23T18:18:53.471068+00:00
2026-03-31,ASML.AS,-0.008931339041530095,-0.0022964417304403018,-0.044919324135386796,0.2142893752392112,-0.20456902774082872,1.0981220208570768,0.08286279427043208,1,final_v1,synthetic_sample,2026-05-23T18:18:53.471068+00:00
2026-04-01,ASML.AS,0.016046568841406428,0.004985468172181484,-0.033982395187936,0.21926483408663708,0.2558146162310708,1.2818771177207284,0.0704794277999774,1,final_v1,synthetic_sample,2026-05-23T18:18:53.471068+00:00
2026-04-02,ASML.AS,0.012234828803184161,0.01514654152863737,0.02418467969434257,0.2228920110121763,0.5897121112919375,-1.8399143858648497,0.044103084556059935,1,final_v1,synthetic_sample,2026-05-23T18:18:53.471068+00:00
2026-04-03,ASML.AS,0.02877002323667921,0.02587087151410339,0.046235162959000986,0.2354620903398785,1.3699534080959583,0.592376084880105,0.027334602832022936,1,final_v1,synthetic_sample,2026-05-23T18:18:53.471068+00:00
2026-04-06,ASML.AS,-0.002131687685587247,0.001145899800102157,0.039983269857643666,0.22327778864544304,1.2740195758252988,-0.5163303193700004,0.04491839487077853,1,final_v1,synthetic_sample,2026-05-23T18:18:53.471068+00:00
2026-04-07,ASML.AS,0.015486171606578614,0.027988928006077884,0.07980444110608498,0.22532522020738704,1.6468050797421383,-1.2397962918223069,0.015147513223360276,1,final_v1,synthetic_sample,2026-05-23T18:18:53.471068+00:00
2026-04-08,ASML.AS,0.007851123800253434,0.02113465397886327,0.09189759405849873,0.22170087055885312,1.7875731356661289,-0.31602961783514155,0.02455060517021157,1,final_v1,synthetic_sample,2026-05-23T18:18:53.471068+00:00
2026-04-09,ASML.AS,-0.005961760078400324,0.02022264881058322,0.10706859485761244,0.22201761126611136,1.5615684278000213,0.8871891378160349,-0.011716458733877833,0,final_v1,synthetic_sample,2026-05-23T18:18:53.471068+00:00
2026-04-10,ASML.AS,-0.0021757120952891063,0.002513299986980133,0.1103185950546881,0.2162202322092571,1.4511898293878005,1.7408448120482736,0.01131207778648391,1,final_v1,synthetic_sample,2026-05-23T18:18:53.471068+00:00
2026-04-13,ASML.AS,0.004509162436401315,-0.009693420466209357,0.11405393439449196,0.20867911510070314,1.5193084425718362,-1.2553521577662363,-0.0023382064694293936,0,final_v1,synthetic_sample,2026-05-23T18:18:53.471068+00:00
2026-04-14,ASML.AS,0.02701608983430792,-0.0005829447850183023,0.13262818022154277,0.22045441524238701,2.136611503032162,0.6086513072275519,-0.0345451549932031,0,final_v1,synthetic_sample,2026-05-23T18:18:53.471068+00:00
2026-04-15,ASML.AS,0.0011093462677760346,0.01775746307981607,0.13967697880108942,0.21203634738763813,2.0624553200270817,2.1835082159564916,-0.03340148344220639,0,final_v1,synthetic_sample,2026-05-23T18:18:53.471068+00:00
2026-04-16,ASML.AS,-0.012231054285700593,0.020342623399463022,0.1023128327575662,0.20997698787567712,1.6681889212030563,1.7251738638275589,-0.021632240639765765,0,final_v1,synthetic_sample,2026-05-23T18:18:53.471068+00:00
2026-04-17,ASML.AS,0.020154978875668306,0.050477804347352606,0.11863936554550825,0.2162048294375797,2.0711753479634347,-2.128167721666141,-0.007040630207103771,0,final_v1,synthetic_sample,2026-05-23T18:18:53.471068+00:00
2026-04-20,ASML.AS,0.020241024525053497,0.07423094025623644,0.14222835005530143,0.22357198036716683,2.4176669636350185,1.8428126880333207,-0.04810861855927617,0,final_v1,synthetic_sample,2026-05-23T18:18:53.471068+00:00
2026-04-21,ASML.AS,-0.019979501036940683,0.054788939703871886,0.14864040020259384,0.23678625137053008,1.845042405434803,0.44396626296902353,-0.024831191959821086,0,final_v1,synthetic_sample,2026-05-23T18:18:53.471068+00:00
2026-04-22,ASML.AS,-0.023000227988028477,0.03125149906220415,0.1117104396020967,0.2520839600995193,1.2563551997193434,-1.554178343591371,0.01995971808092123,1,final_v1,synthetic_sample,2026-05-23T18:18:53.471068+00:00
2026-04-23,ASML.AS,0.013910509881829514,0.07130668588640865,0.1286412079405348,0.2380905423669156,1.5212509478028777,-0.7903335252258221,-0.004568836696146272,0,final_v1,synthetic_sample,2026-05-23T18:18:53.471068+00:00
2026-04-24,ASML.AS,-0.010540966032344778,0.06018975043673036,0.12182920933888686,0.2424966640541368,1.2364723150080579,0.7203983872567389,,0,final_v1,synthetic_sample,2026-05-23T18:18:53.471068+00:00
2026-04-27,ASML.AS,-0.0022628637284971553,0.08114646199624431,0.1264515607444643,0.22738619209825875,1.1494186378972244,-0.026520427005133594,,0,final_v1,synthetic_sample,2026-05-23T18:18:53.471068+00:00
2026-04-28,ASML.AS,0.024048835868910823,0.10692594732203586,0.1609794787176848,0.23691783839367678,1.647637437029396,-0.626402225084793,,0,final_v1,synthetic_sample,2026-05-23T18:18:53.471068+00:00
2026-04-29,ASML.AS,-0.030475903003543303,0.08286279427043208,0.10700731082055404,0.2619498380824665,0.9016056250427089,-0.16862281714223154,,0,final_v1,synthetic_sample,2026-05-23T18:18:53.471068+00:00
2026-04-30,ASML.AS,0.004427297148275278,0.0704794277999774,0.11262462234006265,0.2584240410599903,0.9728185594327753,0.22801440682912427,,0,final_v1,synthetic_sample,2026-05-23T18:18:53.471068+00:00
2026-05-01,ASML.AS,-0.012706382204328626,0.044103084556059935,0.09911383110132754,0.26190159648670375,0.6529534288781025,-0.6241345444495817,,0,final_v1,synthetic_sample,2026-05-23T18:18:53.471068+00:00
2026-05-04,ASML.AS,0.012247793211646485,0.027334602832022936,0.09144147678526182,0.24733315127647132,0.9077949876413135,-0.29259332404733185,,0,final_v1,synthetic_sample,2026-05-23T18:18:53.471068+00:00
2026-05-05,ASML.AS,0.014947761247049884,0.04491839487077853,0.10461029790547571,0.2511118592807009,1.2189804623019456,0.4904562847296604,,0,final_v1,synthetic_sample,2026-05-23T18:18:53.471068+00:00
2026-05-06,ASML.AS,-0.013446153422715157,0.015147513223360276,0.09855344518891451,0.25181727112216623,0.8704981683744057,-0.7455519059870284,,0,final_v1,synthetic_sample,2026-05-23T18:18:53.471068+00:00
2026-05-07,ASML.AS,0.017186630869309383,0.02455060517021157,0.13955710935602683,0.25686251544668526,1.242404746909443,-1.0687341579638117,,0,final_v1,synthetic_sample,2026-05-23T18:18:53.471068+00:00
2026-05-08,ASML.AS,-0.04114874663467305,-0.011716458733877833,0.1108253950353022,0.29368265825402606,0.21434888698576787,-0.6081410930296098,,0,final_v1,synthetic_sample,2026-05-23T18:18:53.471068+00:00
2026-05-11,ASML.AS,0.02107513859223631,0.01131207778648391,0.12105225607401171,0.3023752085122229,0.6992386441949101,-0.68321763458394,,0,final_v1,synthetic_sample,2026-05-23T18:18:53.471068+00:00
2026-05-12,ASML.AS,-0.009049298800349881,-0.0023382064694293936,0.10413033914563408,0.3038060572432199,0.4450717282974488,-0.5380744762938412,,0,final_v1,synthetic_sample,2026-05-23T18:18:53.471068+00:00
2026-05-13,ASML.AS,-0.006138486749532435,-0.0345451549932031,0.1011739376277292,0.2888277890628191,0.25827125427853176,-1.065967597880161,,0,final_v1,synthetic_sample,2026-05-23T18:18:53.471068+00:00
2026-05-14,ASML.AS,0.0022952539098421987,-0.03340148344220639,0.0645433193228715,0.28898444217102376,0.2974485800907924,0.23281808134073237,,0,final_v1,synthetic_sample,2026-05-23T18:18:53.471068+00:00
2026-05-15,ASML.AS,-0.00020404166807130864,-0.021632240639765765,0.058859756875296654,0.28644917362197064,0.271202389029018,0.930052185455755,,0,final_v1,synthetic_sample,2026-05-23T18:18:53.471068+00:00
2026-05-18,ASML.AS,0.035369813880481216,-0.007040630207103771,0.09576462778916084,0.303938650042221,1.197287805642049,-0.6518044714000373,,0,final_v1,synthetic_sample,2026-05-23T18:18:53.471068+00:00
2026-05-19,ASML.AS,-0.021955310779524395,-0.04810861855927617,0.06327998631365772,0.3034383905614572,0.5546835639094105,-0.46800057847281634,,0,final_v1,synthetic_sample,2026-05-23T18:18:53.471068+00:00
2026-05-20,ASML.AS,0.003985791301400088,-0.024831191959821086,0.0796543927275466,0.29730550431100367,0.6408938379394686,0.10443122383301091,,0,final_v1,synthetic_sample,2026-05-23T18:18:53.471068+00:00
2026-05-21,ASML.AS,0.021874780869115984,0.01995971808092123,0.12540258945871074,0.2961976050408141,1.232423335207401,-0.8079426475428614,,0,final_v1,synthetic_sample,2026-05-23T18:18:53.471068+00:00
2026-05-22,ASML.AS,-0.01047257019458181,-0.004568836696146272,0.11172082680589579,0.29502641384644057,0.9012267532848022,1.6056611690096203,,0,final_v1,synthetic_sample,2026-05-23T18:18:53.471068+00:00
2026-03-02,ENEL.MI,0.029836256000518757,0.19093774991639223,0.049988601763287344,0.35738784379464517,1.5591734372686028,-0.11574321017897977,-0.1257754369013825,0,final_v1,synthetic_sample,2026-05-23T18:18:53.482708+00:00
2026-03-03,ENEL.MI,0.0073342589172522565,0.19641650493725793,0.0004643704658513492,0.3568162824968393,1.688034786432842,-0.7705221414532365,-0.13132856397784998,0,final_v1,synthetic_sample,2026-05-23T18:18:53.482708+00:00
2026-03-04,ENEL.MI,-0.04050094856611397,0.14775248110544603,-0.02059470645409678,0.39328363855768467,0.9807128874027229,0.5344604285780336,-0.1075035404997412,0,final_v1,synthetic_sample,2026-05-23T18:18:53.482708+00:00
2026-03-05,ENEL.MI,-0.0020132584380885277,0.140717910628662,-0.01326975225714866,0.3943482813453188,0.953538817011817,0.2595103430482172,-0.09468241728414217,0,final_v1,synthetic_sample,2026-05-23T18:18:53.482708+00:00
2026-03-06,ENEL.MI,-0.013595608733902975,0.06435577791941438,-0.02502436558735932,0.35614765227585854,0.7315159970341818,0.6132154412521714,-0.07987209241252402,0,final_v1,synthetic_sample,2026-05-23T18:18:53.482708+00:00
2026-03-09,ENEL.MI,-0.012821483406101786,0.08777521025405677,-0.02037263782126597,0.3361213159533705,0.5202552920196445,-0.3395677970737497,-0.0470549190566949,0,final_v1,synthetic_sample,2026-05-23T18:18:53.482708+00:00
2026-03-10,ENEL.MI,-0.012086125417579585,0.09079719782183826,-0.03556566761441515,0.334381777622126,0.32764102567639775,-0.15298921715194808,-0.00474285899686544,0,final_v1,synthetic_sample,2026-05-23T18:18:53.482708+00:00
2026-03-11,ENEL.MI,-0.012956845404922257,0.08768489737858598,-0.07579662177052393,0.3359838820605783,0.13374066012299698,-1.159587447084283,-0.02067746788744873,0,final_v1,synthetic_sample,2026-05-23T18:18:53.482708+00:00
2026-03-12,ENEL.MI,0.02946242014928946,0.11191345595615299,-0.06089283822723435,0.34661544936071914,0.6637028828676123,-0.7577370701153021,-0.03411163684230689,0,final_v1,synthetic_sample,2026-05-23T18:18:53.482708+00:00
2026-03-13,ENEL.MI,0.024253531648755766,0.12411253839118941,-0.04211421783198899,0.35163202728012405,1.129250136648891,1.0775906408790203,-0.07095513372244133,0,final_v1,synthetic_sample,2026-05-23T18:18:53.482708+00:00
2026-03-16,ENEL.MI,-0.015074223276698606,0.09868746471877721,-0.05591678617794982,0.35853769595439405,0.8882456080293846,0.4158013005181546,-0.03849669877062922,0,final_v1,synthetic_sample,2026-05-23T18:18:53.482708+00:00
2026-03-17,ENEL.MI,-0.02162479003383211,0.059247381369461394,-0.04315169508947192,0.3673156832305762,0.5021173881318215,0.11882719212649577,0.014153063655431453,1,final_v1,synthetic_sample,2026-05-23T18:18:53.482708+00:00
2026-03-18,ENEL.MI,-0.011709050389767772,0.0403859544909011,-0.05329713908120326,0.3704246591495966,0.3053130315264454,1.3892519832119732,0.03907678476426568,1,final_v1,synthetic_sample,2026-05-23T18:18:53.482708+00:00
2026-03-19,ENEL.MI,-0.028608154821714638,-0.006994816141383531,-0.08811935454283348,0.3800395152644227,-0.20244965433677117,-0.998789832168562,0.12015661155317581,1,final_v1,synthetic_sample,2026-05-23T18:18:53.482708+00:00
2026-03-20,ENEL.MI,0.0030494629574486787,-0.04171321158478414,-0.08347979387127202,0.35372952398953933,-0.12200744570593211,0.6716113619477081,0.12066393807022191,1,final_v1,synthetic_sample,2026-05-23T18:18:53.482708+00:00
2026-03-23,ENEL.MI,0.020374966374689496,-0.02360145097631461,-0.06543733339864355,0.3615043055525249,0.2884044726130199,-1.0435315248433499,0.06197597199326643,1,final_v1,synthetic_sample,2026-05-23T18:18:53.482708+00:00
2026-03-24,ENEL.MI,0.00047175481668770836,-0.004763859983168084,-0.03778010110650465,0.3560778165993744,0.31250009563915854,1.6113106919610325,0.04131104364135241,1,final_v1,synthetic_sample,2026-05-23T18:18:53.482708+00:00
2026-03-25,ENEL.MI,-0.017207900813077992,-0.07418394138302431,-0.057854724819265235,0.2983203080242109,-0.008793614490838934,0.5329556446719388,0.058777812029986665,1,final_v1,synthetic_sample,2026-05-23T18:18:53.482708+00:00
2026-03-26,ENEL.MI,0.002465290484698457,-0.08268501362546732,-0.028200322504978392,0.2942496493179944,0.04884610566978128,0.9471176716137278,0.04133122437682801,1,final_v1,synthetic_sample,2026-05-23T18:18:53.482708+00:00
2026-03-27,ENEL.MI,-0.014713335128483607,-0.10347664790182087,-0.015073508084825438,0.29314316125152606,-0.23691024222559356,-0.7555366212758197,0.0589845328781351,1,final_v1,synthetic_sample,2026-05-23T18:18:53.482708+00:00
2026-03-30,ENEL.MI,0.008034798073108362,-0.07810955924787544,0.005688335103640085,0.29146138697864626,-0.08240678030515489,2.4196258922343237,0.056809607368499604,1,final_v1,synthetic_sample,2026-05-23T18:18:53.482708+00:00
2026-03-31,ENEL.MI,-0.02341090527996703,-0.1257754369013825,-0.011661906313326198,0.27294685344754166,-0.5371294662328708,1.8407103736394157,0.060506062822828,1,final_v1,synthetic_sample,2026-05-23T18:18:53.482708+00:00
2026-04-01,ENEL.MI,0.0009356110361864456,-0.13132856397784998,-0.04159364389253084,0.26997135748836565,-0.5054034911243218,-0.042247287771851126,0.07048231128576488,1,final_v1,synthetic_sample,2026-05-23T18:18:53.482708+00:00
2026-04-02,ENEL.MI,-0.014184799007522342,-0.1075035404997412,-0.00384674132936369,0.24361444715930203,-0.7747555857431282,0.7441088543321479,0.07243741753335842,1,final_v1,synthetic_sample,2026-05-23T18:18:53.482708+00:00
2026-04-03,ENEL.MI,0.012323281326185764,-0.09468241728414217,0.033950927933120933,0.25064374124857636,-0.55743492856816,-0.6676718036119212,0.03088551921775662,1,final_v1,synthetic_sample,2026-05-23T18:18:53.482708+00:00
2026-04-06,ENEL.MI,0.002541236245531042,-0.07987209241252402,0.012870513551701768,0.2496293438423227,-0.5137288541429179,-1.229284286675628,0.011319573153629747,1,final_v1,synthetic_sample,2026-05-23T18:18:53.482708+00:00
2026-04-07,ENEL.MI,0.022387109057041332,-0.0470549190566949,0.0762523746114514,0.2624624634401242,-0.10522321004861511,0.38237195245613104,-0.02654889667034177,0,final_v1,synthetic_sample,2026-05-23T18:18:53.482708+00:00
2026-04-08,ENEL.MI,0.03177859672768024,-0.00474285899686544,0.11113978452552264,0.2835885719064944,0.5098077710806352,-1.0111379688174869,-0.07408232692812022,0,final_v1,synthetic_sample,2026-05-23T18:18:53.482708+00:00
2026-04-09,ENEL.MI,-0.02875994389939518,-0.02067746788744873,0.06563019606695009,0.2969264629463131,-0.11935820023899252,0.8704160415285908,-0.07942308233601392,0,final_v1,synthetic_sample,2026-05-23T18:18:53.482708+00:00
2026-04-10,ENEL.MI,0.015340441300166763,-0.03411163684230689,0.05955722564776034,0.28316260865431514,0.1825767127429919,0.49996589805463604,-0.08088420497325055,0,final_v1,synthetic_sample,2026-05-23T18:18:53.482708+00:00
2026-04-13,ENEL.MI,-0.014816285565313447,-0.07095513372244133,0.05990383865218463,0.27108122659173084,-0.1540317386720002,-0.30944263154379714,-0.06277840778069188,0,final_v1,synthetic_sample,2026-05-23T18:18:53.482708+00:00
2026-04-14,ENEL.MI,0.019336546769562313,-0.03849669877062922,0.07759413619688105,0.27809584938337584,0.23589120958402887,-0.35224749005143086,-0.092688044040936,0,final_v1,synthetic_sample,2026-05-23T18:18:53.482708+00:00
2026-04-15,ENEL.MI,0.031948840241180054,0.014153063655431453,0.09425664355747188,0.2907547398034271,0.9089573923228536,0.4332814141033594,-0.07984349732868101,0,final_v1,synthetic_sample,2026-05-23T18:18:53.482708+00:00
2026-04-16,ENEL.MI,0.012579086071297318,0.03907678476426568,0.07311178368850668,0.2897704059228098,1.1585696828547354,-0.2587949141163524,-0.12460190887478795,0,final_v1,synthetic_sample,2026-05-23T18:18:53.482708+00:00
2026-04-17,ENEL.MI,0.04719017279570337,0.12015661155317581,0.12532022560567535,0.30652725049807683,2.114493261575555,-0.9217326654354636,-0.1343563081718706,0,final_v1,synthetic_sample,2026-05-23T18:18:53.482708+00:00
2026-04-20,ENEL.MI,0.003503750853639964,0.12066393807022191,0.11689871455091438,0.30648568055061753,2.0809336711475557,-1.5441876447097014,-0.14251139924622624,0,final_v1,synthetic_sample,2026-05-23T18:18:53.482708+00:00
2026-04-21,ENEL.MI,-0.033060974033540136,0.06197597199326643,0.09036420913389898,0.3281004784170032,1.299578702463583,0.42951255069953037,-0.12497096189350898,0,final_v1,synthetic_sample,2026-05-23T18:18:53.482708+00:00
2026-04-22,ENEL.MI,-0.018996366568954648,0.04131104364135241,0.05685280046008878,0.33645231024983446,0.8722121404569395,-0.15017687668942828,-0.10319047009226201,0,final_v1,synthetic_sample,2026-05-23T18:18:53.482708+00:00
2026-04-23,ENEL.MI,-0.000722718911377318,0.058777812029986665,0.07592483658166937,0.3296148430058721,0.8317669796036513,2.520497751513647,-0.11495655897855828,0,final_v1,synthetic_sample,2026-05-23T18:18:53.482708+00:00
2026-04-24,ENEL.MI,-0.014053376945777463,0.04133122437682801,0.05300803755758965,0.334592064113129,0.5243955038317547,-0.5713697528711791,,0,final_v1,synthetic_sample,2026-05-23T18:18:53.482708+00:00
2026-04-27,ENEL.MI,0.001989870393476867,0.0589845328781351,0.04943527153298288,0.32921068940417525,0.5490718463424801,-0.29934797217969783,,0,final_v1,synthetic_sample,2026-05-23T18:18:53.482708+00:00
2026-04-28,ENEL.MI,0.005964512314570403,0.056809607368499604,0.11373481793253992,0.32890098503371756,0.6461136066465359,-0.19884172606503506,,0,final_v1,synthetic_sample,2026-05-23T18:18:53.482708+00:00
2026-04-29,ENEL.MI,-0.01999504109719874,0.060506062822828,0.10414274195126172,0.325816606854401,0.2040558079240465,0.20667824031145285,,0,final_v1,synthetic_sample,2026-05-23T18:18:53.482708+00:00
2026-04-30,ENEL.MI,0.01035147644342338,0.07048231128576488,0.11254460513175935,0.32665076023755807,0.39533774570260416,-1.1407694463901819,,0,final_v1,synthetic_sample,2026-05-23T18:18:53.482708+00:00
2026-05-01,ENEL.MI,-0.012384326979060556,0.07243741753335842,0.09856738284746491,0.32553854143740385,0.10019375787227144,-0.38715058101148797,,0,final_v1,synthetic_sample,2026-05-23T18:18:53.482708+00:00
2026-05-04,ENEL.MI,-0.026899477373273473,0.03088551921775662,0.0646078271593018,0.33954966878110837,-0.5215866775599424,0.4633485925417851,,0,final_v1,synthetic_sample,2026-05-23T18:18:53.482708+00:00
2026-05-05,ENEL.MI,-0.016486742506491514,0.011319573153629747,-0.009570795254489006,0.34501784414343656,-0.8758190184444231,-0.7191736252303682,,0,final_v1,synthetic_sample,2026-05-23T18:18:53.482708+00:00
2026-05-06,ENEL.MI,-0.01589578036337591,-0.02654889667034177,0.009069714034146248,0.34047955151636156,-1.223937858661468,0.40283299364461383,,0,final_v1,synthetic_sample,2026-05-23T18:18:53.482708+00:00
2026-05-07,ENEL.MI,-0.018602953820950563,-0.07408232692812022,0.005198170615674069,0.32440463551563603,-1.6237263897914456,-0.38020746402422073,,0,final_v1,synthetic_sample,2026-05-23T18:18:53.482708+00:00
2026-05-08,ENEL.MI,-0.03436212186060972,-0.07942308233601392,-0.01940668896262332,0.33015133243033634,-2.3018389241568102,-0.012574711171454542,,0,final_v1,synthetic_sample,2026-05-23T18:18:53.482708+00:00
2026-05-11,ENEL.MI,0.013728911752967088,-0.08088420497325055,-0.012884095720129052,0.3290782230073203,-2.009551138170504,0.8864445401648313,,0,final_v1,synthetic_sample,2026-05-23T18:18:53.482708+00:00
2026-05-12,ENEL.MI,0.0045909932862560066,-0.06277840778069188,-0.021211708960756304,0.3278158937111576,-1.8890881294629052,-0.630980300683159,,0,final_v1,synthetic_sample,2026-05-23T18:18:53.482708+00:00
2026-05-13,ENEL.MI,-0.013193631358810243,-0.092688044040936,-0.041523249055466005,0.31971817968569166,-2.0892557165370844,-1.4634372750364326,,0,final_v1,synthetic_sample,2026-05-23T18:18:53.482708+00:00
2026-05-14,ENEL.MI,0.04655783442017136,-0.07984349732868101,-0.011532019904420987,0.3426515546067804,-1.190940045844465,-0.5110904789412977,,0,final_v1,synthetic_sample,2026-05-23T18:18:53.482708+00:00
2026-05-15,ENEL.MI,-0.036674960741159834,-0.12460190887478795,-0.05365886627168315,0.3547730629824512,-1.8608531159065538,-0.9039325288227319,,0,final_v1,synthetic_sample,2026-05-23T18:18:53.482708+00:00
2026-05-18,ENEL.MI,0.03552152605202541,-0.1343563081718706,-0.03712606431974852,0.3354174778888338,-1.1715088136769467,-1.5824507947810977,,0,final_v1,synthetic_sample,2026-05-23T18:18:53.482708+00:00
2026-05-19,ENEL.MI,-0.005950097835981993,-0.14251139924622624,-0.07912803181344719,0.33350897748575514,-1.245304362102245,-0.3044495284170868,,0,final_v1,synthetic_sample,2026-05-23T18:18:53.482708+00:00
2026-05-20,ENEL.MI,-0.013281663388532094,-0.12497096189350898,-0.09267206666157046,0.3215022082127637,-1.443192058875463,0.01174071080746028,,0,final_v1,synthetic_sample,2026-05-23T18:18:53.482708+00:00
2026-05-21,ENEL.MI,0.005421956325991406,-0.10319047009226201,-0.07059109963661081,0.32037414768293343,-1.303220327752098,0.8389361669658628,,0,final_v1,synthetic_sample,2026-05-23T18:18:53.482708+00:00
2026-05-22,ENEL.MI,-0.013833178735053298,-0.11495655897855828,-0.1324507693725041,0.3213525888907751,-1.5009151283309399,-1.2799245026746624,,0,final_v1,synthetic_sample,2026-05-23T18:18:53.482708+00:00
2026-03-02,ISP.MI,0.025501275000975987,0.2839095656255586,0.22499763342720946,0.39659147848443305,2.534578816243719,-1.3879706117074646,-0.0009138433559121584,0,final_v1,synthetic_sample,2026-05-23T18:18:53.494942+00:00
2026-03-03,ISP.MI,0.017030596914717755,0.2525645957841409,0.19522201342368017,0.38241380416370396,2.6399160534111488,0.4655808218384477,-0.007535102809942962,0,final_v1,synthetic_sample,2026-05-23T18:18:53.494942+00:00
2026-03-04,ISP.MI,-0.008995303285959655,0.19472799006557984,0.19698115840522812,0.3747104897201557,2.3287225781731746,-0.048487424470798436,0.0015241121380977773,1,final_v1,synthetic_sample,2026-05-23T18:18:53.494942+00:00
2026-03-05,ISP.MI,0.010799147520168972,0.20413096766420447,0.23154010660126967,0.3741743290803045,2.3558735861184004,-0.7743624998121621,-0.0024243751868087138,0,final_v1,synthetic_sample,2026-05-23T18:18:53.494942+00:00
2026-03-06,ISP.MI,-0.009553372121274606,0.20445493948710536,0.23878771477720195,0.37401321741237736,2.0879234860803613,0.24749053140412314,0.008128357636211891,1,final_v1,synthetic_sample,2026-05-23T18:18:53.494942+00:00
2026-03-09,ISP.MI,-0.003842672148765436,0.20873408091997825,0.24366560089332356,0.37232774047891,1.9351172159402663,-1.0419967110657329,-0.011430413525529537,0,final_v1,synthetic_sample,2026-05-23T18:18:53.494942+00:00
2026-03-10,ISP.MI,0.024054872912514957,0.2349946987328706,0.21941448658923557,0.37464225647945976,2.174015750464532,0.9099699768650852,-0.045602597230142816,0,final_v1,synthetic_sample,2026-05-23T18:18:53.494942+00:00
2026-03-11,ISP.MI,0.01856316514858336,0.2725490990674455,0.2594396823457841,0.3672917747347888,2.3067951463020218,-0.3349637280382325,-0.073300043360216,0,final_v1,synthetic_sample,2026-05-23T18:18:53.494942+00:00
2026-03-12,ISP.MI,-0.021376756114346307,0.22771781148126102,0.21315306272180412,0.38381111655698386,1.899152213851821,-0.8359919158790314,-0.0238900310364496,0,final_v1,synthetic_sample,2026-05-23T18:18:53.494942+00:00
2026-03-13,ISP.MI,0.003520084997187478,0.18451367922995643,0.18840245483244678,0.3691273423477163,1.8600887129203871,-0.21856142998923309,-0.0085295841404186,0,final_v1,synthetic_sample,2026-05-23T18:18:53.494942+00:00
2026-03-16,ISP.MI,-0.026587159155556317,0.1445515835138469,0.1412919050042798,0.38761189391467066,1.4461509231588883,-0.34423582784831497,0.022745894307366843,1,final_v1,synthetic_sample,2026-05-23T18:18:53.494942+00:00
2026-03-17,ISP.MI,0.033763725069356765,0.11792824074860353,0.18640521289198575,0.3558930253111181,1.8051330939971146,0.4410168760434616,-0.001362507008376701,0,final_v1,synthetic_sample,2026-05-23T18:18:53.494942+00:00
2026-03-18,ISP.MI,0.01382782251805903,0.15404460031542389,0.20395614659025907,0.3468283835073193,1.8949708752982914,1.3779055112333478,-0.014548466046875763,0,final_v1,synthetic_sample,2026-05-23T18:18:53.494942+00:00
2026-03-19,ISP.MI,-0.039969156306142506,0.09310273324703244,0.10867510564989691,0.38041965999538696,1.3383970392156952,1.3000483925245987,0.058871708183123816,1,final_v1,synthetic_sample,2026-05-23T18:18:53.494942+00:00
2026-03-20,ISP.MI,-0.00252537760770688,0.06368640658167135,0.1225008657766975,0.37393538728732356,1.2694453378714892,0.11093112210206278,0.07979109765081227,1,final_v1,synthetic_sample,2026-05-23T18:18:53.494942+00:00
2026-03-23,ISP.MI,-0.0075421670489354,0.0769088848972106,0.09834857590021895,0.3671687943540916,1.1490889807293512,-0.2400398295335453,0.09415366843052841,1,final_v1,synthetic_sample,2026-05-23T18:18:53.494942+00:00
2026-03-24,ISP.MI,-0.00788207638997973,0.05732193995097412,0.1011240857826543,0.3684024848562255,1.029652013739302,-0.6040665970714216,0.072655085174127,1,final_v1,synthetic_sample,2026-05-23T18:18:53.494942+00:00
2026-03-25,ISP.MI,0.008674034266899389,0.03215711639014196,0.1577097605665041,0.3531650239775805,1.0965107478754845,-1.4481693881295703,0.04636791342823021,1,final_v1,synthetic_sample,2026-05-23T18:18:53.494942+00:00
2026-03-26,ISP.MI,0.026047963416378828,0.01172448559085626,0.19309682925055105,0.3274849888825889,1.3523170048828073,0.2244095599958617,0.013576196968149379,1,final_v1,synthetic_sample,2026-05-23T18:18:53.494942+00:00
2026-03-27,ISP.MI,0.0030443619418851764,0.009972967291807633,0.21681753478594712,0.3272818357864956,1.3406548445402957,-0.6956768633908079,0.02121019118377454,1,final_v1,synthetic_sample,2026-05-23T18:18:53.494942+00:00
2026-03-30,ISP.MI,-0.009314548395437106,0.04458071065874103,0.20329524460509196,0.2927322044995858,1.191593167406935,1.7872691072516644,0.08906492886879125,1,final_v1,synthetic_sample,2026-05-23T18:18:53.494942+00:00
2026-03-31,ISP.MI,-0.019162313625130212,-0.0009138433559121584,0.18873306515284405,0.28907790094809377,0.9405028689496409,-0.22684070525551955,0.06505498863955328,1,final_v1,synthetic_sample,2026-05-23T18:18:53.494942+00:00
2026-04-01,ISP.MI,0.010290413988472746,-0.007535102809942962,0.1881199893840384,0.2852194310661167,1.0239735790837012,1.051184884523992,0.056381535473840616,1,final_v1,synthetic_sample,2026-05-23T18:18:53.494942+00:00
2026-04-02,ISP.MI,5.058295895321585e-05,0.0015241121380977773,0.19074616809862888,0.2835056816437091,0.992790617845302,-0.523241677722133,0.04869391283049462,1,final_v1,synthetic_sample,2026-05-23T18:18:53.494942+00:00
2026-04-03,ISP.MI,0.006814093567259816,-0.0024243751868087138,0.21354655991502125,0.2820396215245803,1.0364903628222215,-0.7415164438635694,0.042075443478981844,1,final_v1,synthetic_sample,2026-05-23T18:18:53.494942+00:00
2026-04-06,ISP.MI,0.0009239474718372165,0.008128357636211891,0.21137979340655133,0.27997845997694515,1.0142691616580237,0.8330748373241831,0.08761834092490783,1,final_v1,synthetic_sample,2026-05-23T18:18:53.494942+00:00
2026-04-07,ISP.MI,-0.023169192496053315,-0.011430413525529537,0.22977492055280524,0.291015880263604,0.7247242740897434,0.31101803759564994,0.12866046251058472,1,final_v1,synthetic_sample,2026-05-23T18:18:53.494942+00:00
2026-04-08,ISP.MI,-0.011343941414325265,-0.045602597230142816,0.2122225118454273,0.27973738382950264,0.5733046870829459,0.4175410273765407,0.11089674101912794,1,final_v1,synthetic_sample,2026-05-23T18:18:53.494942+00:00
2026-04-09,ISP.MI,-0.010996427443458301,-0.073300043360216,0.17640514788451434,0.2713026353377324,0.42765556817516714,-0.17087536221863575,0.1428077693451073,1,final_v1,synthetic_sample,2026-05-23T18:18:53.494942+00:00
2026-04-10,ISP.MI,0.03080171459158243,-0.0238900310364496,0.17404621207645166,0.2868774030577292,0.7487428967497666,1.0246064142327864,0.1561320617386852,1,final_v1,synthetic_sample,2026-05-23T18:18:53.494942+00:00
2026-04-13,ISP.MI,0.019311868161810963,-0.0085295841404186,0.2155866945309679,0.29471515651540886,0.9427944094838553,0.7184885249929926,0.14510947681484598,1,final_v1,synthetic_sample,2026-05-23T18:18:53.494942+00:00
2026-04-14,ISP.MI,0.004118701390200874,0.022745894307366843,0.1710814527521589,0.279665358879304,0.9612464520674399,-2.16139495893091,0.10461989160162499,1,final_v1,synthetic_sample,2026-05-23T18:18:53.494942+00:00
2026-04-15,ISP.MI,0.009395608914260167,-0.001362507008376701,0.18529940075330087,0.2568469687090903,1.0395388748615382,-0.39719466793849945,0.095868271374697,1,final_v1,synthetic_sample,2026-05-23T18:18:53.494942+00:00
2026-04-16,ISP.MI,0.00044129113541857556,-0.014548466046875763,0.19379334516677638,0.25218476250963834,1.0121722173243834,1.3310307900132032,0.09529186708454906,1,final_v1,synthetic_sample,2026-05-23T18:18:53.494942+00:00
2026-04-17,ISP.MI,0.03155707241403061,0.058871708183123816,0.2653072576129909,0.23331025207479406,1.3440769370895764,-1.0931174617198742,0.09144891925177934,1,final_v1,synthetic_sample,2026-05-23T18:18:53.494942+00:00
2026-04-20,ISP.MI,0.017181032478330582,0.07979109765081227,0.3100492586279002,0.2373534283101103,1.504563146154181,-1.5136321677929105,0.035302578834094156,1,final_v1,synthetic_sample,2026-05-23T18:18:53.494942+00:00
2026-04-21,ISP.MI,0.0056587621888171125,0.09415366843052841,0.3216668158739435,0.23397267199578223,1.5248489748896805,-0.03736031234864113,0.013411224672238431,1,final_v1,synthetic_sample,2026-05-23T18:18:53.494942+00:00
2026-04-22,ISP.MI,-0.027375800531573957,0.072655085174127,0.2809756326493653,0.25462373690904283,1.14810474446779,0.7200453058297667,0.06107538984718297,1,final_v1,synthetic_sample,2026-05-23T18:18:53.494942+00:00
2026-04-23,ISP.MI,-0.016045176913735082,0.04636791342823021,0.281841140568599,0.2621668210522203,0.9246395421159719,-0.5401458349491911,0.10607543833648903,1,final_v1,synthetic_sample,2026-05-23T18:18:53.494942+00:00
2026-04-24,ISP.MI,-0.0061069540452614035,0.013576196968149379,0.2992827986014175,0.24943652773618222,0.8266207819417244,1.6988337261837045,,0,final_v1,synthetic_sample,2026-05-23T18:18:53.494942+00:00
2026-04-27,ISP.MI,0.010599033095356036,0.02121019118377454,0.3403731412071438,0.25156318016736945,0.9414745968931882,2.2066366434625846,,0,final_v1,synthetic_sample,2026-05-23T18:18:53.494942+00:00
2026-04-28,ISP.MI,0.056511960218882606,0.08906492886879125,0.4551980577310022,0.3103423519370859,1.6759646702972133,-1.6160837984687424,,0,final_v1,synthetic_sample,2026-05-23T18:18:53.494942+00:00
2026-04-29,ISP.MI,-0.04078623484432298,0.06505498863955328,0.36618466709296205,0.3373600284570514,1.081411030062498,-0.43537856193187324,,0,final_v1,synthetic_sample,2026-05-23T18:18:53.494942+00:00
2026-04-30,ISP.MI,0.0020629452821945282,0.056381535473840616,0.3132157675917391,0.336439119434864,1.0962138185843266,-1.603413004905626,,0,final_v1,synthetic_sample,2026-05-23T18:18:53.494942+00:00
2026-05-01,ISP.MI,-0.007227101521397272,0.04869391283049462,0.2548135368195541,0.3380584442392566,0.9652615449648327,0.6780146846976693,,0,final_v1,synthetic_sample,2026-05-23T18:18:53.494942+00:00
2026-05-04,ISP.MI,0.00045993422732393263,0.042075443478981844,0.2517532175161863,0.3377658816922318,0.9517286681717597,-0.5912254147812999,,0,final_v1,synthetic_sample,2026-05-23T18:18:53.494942+00:00
2026-05-05,ISP.MI,0.04466835866215857,0.08761834092490783,0.32063532813892004,0.36691533739976206,1.6378389897450931,-0.3771308685359531,,0,final_v1,synthetic_sample,2026-05-23T18:18:53.494942+00:00
2026-05-06,ISP.MI,0.013692275595886594,0.12866046251058472,0.34865642097830185,0.3547941189982679,1.852327396211481,1.2206009686800903,,0,final_v1,synthetic_sample,2026-05-23T18:18:53.494942+00:00
2026-05-07,ISP.MI,-0.026904166529761797,0.11089674101912794,0.309387030402712,0.3676047738109228,1.373664952931186,-0.9501890430500465,,0,final_v1,synthetic_sample,2026-05-23T18:18:53.494942+00:00
2026-05-08,ISP.MI,0.017413162622845757,0.1428077693451073,0.3476802837283759,0.365041178919747,1.709691252788921,-1.0269587870190355,,0,final_v1,synthetic_sample,2026-05-23T18:18:53.494942+00:00
2026-05-11,ISP.MI,0.04282009932210484,0.1561320617386852,0.3854943208086794,0.3766632697420772,2.532113973730603,-1.266857209444759,,0,final_v1,synthetic_sample,2026-05-23T18:18:53.494942+00:00
2026-05-12,ISP.MI,0.009593729549000507,0.14510947681484598,0.3448283300031205,0.3743426004634152,2.65326226203307,1.4112194217314247,,0,final_v1,synthetic_sample,2026-05-23T18:18:53.494942+00:00
2026-05-13,ISP.MI,-0.0313856329527602,0.10461989160162499,0.29305195395822303,0.3959545756250606,1.9690738839357116,1.0527762682879973,,0,final_v1,synthetic_sample,2026-05-23T18:18:53.494942+00:00
2026-05-14,ISP.MI,0.0013984262678949921,0.095868271374697,0.22343287852828375,0.3958263110007997,1.9334864364641762,-0.16824795160151487,,0,final_v1,synthetic_sample,2026-05-23T18:18:53.494942+00:00
2026-05-15,ISP.MI,-8.492051548369961e-05,0.09529186708454906,0.24562617599366665,0.39589788098056033,1.8891493216503434,-0.7614801878057527,,0,final_v1,synthetic_sample,2026-05-23T18:18:53.494942+00:00
2026-05-18,ISP.MI,0.027937744876828985,0.09144891925177934,0.2633036182680957,0.3931256784406846,2.3881845573375724,0.8582518502706731,,0,final_v1,synthetic_sample,2026-05-23T18:18:53.494942+00:00
2026-05-19,ISP.MI,-0.03514481759909871,0.035302578834094156,0.18910621113439263,0.41217597981625237,1.5757296887467422,2.641966835101944,,0,final_v1,synthetic_sample,2026-05-23T18:18:53.494942+00:00
2026-05-20,ISP.MI,-0.015605776873609534,0.013411224672238431,0.19410630406321805,0.41615337632551247,1.2239117356422022,-0.2617485265491863,,0,final_v1,synthetic_sample,2026-05-23T18:18:53.494942+00:00
2026-05-21,ISP.MI,0.018370012587483275,0.06107538984718297,0.20340990541705017,0.40739759157198313,1.580373488732253,-0.7605705839073978,,0,final_v1,synthetic_sample,2026-05-23T18:18:53.494942+00:00
2026-05-22,ISP.MI,0.025684199880637193,0.10607543833648903,0.19457926817429616,0.40822251959598305,2.054930367818662,0.8701763575220949,,0,final_v1,synthetic_sample,2026-05-23T18:18:53.494942+00:00
2026-03-02,MSFT,0.012529653746001568,-0.0072314304164909915,-0.05731358680510146,0.2808298460019975,-0.7318358238384912,2.0424947774285362,0.04092567998793517,1,final_v1,synthetic_sample,2026-05-23T18:18:53.506323+00:00
2026-03-03,MSFT,0.004670446441950915,-0.006298453533087667,-0.059324537284466405,0.2810057167103986,-0.591178716962109,0.15738777905780765,0.03183749382767953,1,final_v1,synthetic_sample,2026-05-23T18:18:53.506323+00:00
2026-03-04,MSFT,0.012673635691283991,-0.007271272531985784,-0.032246715681559235,0.280439962035422,-0.25408774993261474,0.7976007321332279,0.03582692982680524,1,final_v1,synthetic_sample,2026-05-23T18:18:53.506323+00:00
2026-03-05,MSFT,0.00547024082612424,0.02686713680822672,-0.030834387817559095,0.2629469862089835,-0.09936912936678284,-0.9871714579680956,0.033272326235913585,1,final_v1,synthetic_sample,2026-05-23T18:18:53.506323+00:00
2026-03-06,MSFT,0.011545283476455115,0.049470056395348294,-0.021643327141000812,0.2616836644564299,0.21339933169689548,0.1551678331407014,0.0011720501513292625,1,final_v1,synthetic_sample,2026-05-23T18:18:53.506323+00:00
2026-03-09,MSFT,-0.0243646659972383,0.04936660870316789,-0.03574555407462454,0.26180163057330336,-0.42037259007732297,0.8171605508991607,0.040004396670171305,1,final_v1,synthetic_sample,2026-05-23T18:18:53.506323+00:00
2026-03-10,MSFT,-0.001215236552376986,0.093548616360418,-0.044880002633692406,0.21103256113452837,-0.43401157784469596,-1.524997850094883,0.029730199660241707,1,final_v1,synthetic_sample,2026-05-23T18:18:53.506323+00:00
2026-03-11,MSFT,-0.009259145649200828,0.06701399874054825,-0.0657400212413326,0.21202372802331046,-0.651050915545751,-0.9060308529291876,0.037107435440119074,1,final_v1,synthetic_sample,2026-05-23T18:18:53.506323+00:00
2026-03-12,MSFT,0.02845137083341731,0.060448747756481236,-0.04679421833174602,0.2014522211201145,0.11115809807998696,-2.0342248323687087,0.0024726305845335084,1,final_v1,synthetic_sample,2026-05-23T18:18:53.506323+00:00
2026-03-13,MSFT,-0.009827759523162394,0.046077972012668944,-0.023112880154523285,0.20592523921575145,-0.14596930808743813,-0.7488928025292376,0.031097916906521972,1,final_v1,synthetic_sample,2026-05-23T18:18:53.506323+00:00
2026-03-16,MSFT,0.0028674360026330614,0.05640185186769253,-0.04296321936221115,0.20334032505488867,-0.04998147274919218,-1.1065031002912198,0.027880357038315928,1,final_v1,synthetic_sample,2026-05-23T18:18:53.506323+00:00
2026-03-17,MSFT,0.016455141526710904,0.061866855243311036,-0.01803718175302982,0.2067134930036088,0.4097160983389631,-0.6733585918831759,0.021407370534066494,1,final_v1,synthetic_sample,2026-05-23T18:18:53.506323+00:00
2026-03-18,MSFT,-0.01355985035667151,0.031454977066177836,-0.04240202337254584,0.20885043567283454,0.05126020560352628,2.451261288242684,0.040695087632781624,1,final_v1,synthetic_sample,2026-05-23T18:18:53.506323+00:00
2026-03-19,MSFT,-0.0054907918318641835,0.026854590604239226,-0.05262022506114672,0.21005506430243756,-0.07872109949069225,0.8939870052948173,0.06929048157905182,1,final_v1,synthetic_sample,2026-05-23T18:18:53.506323+00:00
2026-03-20,MSFT,0.002754861459380864,0.0045120713640312005,-0.015344081685043531,0.19265920195776187,0.005984716850266427,-1.3120669028620855,0.07865999437074378,1,final_v1,synthetic_sample,2026-05-23T18:18:53.506323+00:00
2026-03-23,MSFT,-0.00011991871489924755,0.00578187080483028,-0.019382558769664104,0.19257512408960714,0.011503386194113265,-0.10058662977029872,0.03289469830504155,1,final_v1,synthetic_sample,2026-05-23T18:18:53.506323+00:00
2026-03-24,MSFT,0.028241785128425345,0.047863061494651804,0.02447833897257401,0.20806965758877033,0.7983333613355693,0.10648307108287668,0.015633244001097113,1,final_v1,synthetic_sample,2026-05-23T18:18:53.506323+00:00
2026-03-25,MSFT,-0.007297182486479148,0.04333141085946912,0.0170827650559342,0.2098901863533541,0.5771494984548656,-0.6324778337267384,0.021089607739901206,1,final_v1,synthetic_sample,2026-05-23T18:18:53.506323+00:00
2026-03-26,MSFT,0.024650553323681823,0.060870424256704414,0.04418984840296014,0.2227348930414553,1.250333297498169,-0.2866323747084739,-0.006527627524913426,0,final_v1,synthetic_sample,2026-05-23T18:18:53.506323+00:00
2026-03-27,MSFT,-0.007140803631863757,0.07058712795801458,0.05007982265576705,0.21544157334658776,1.0131085757158411,-0.1362935206559757,0.010781849220870221,1,final_v1,synthetic_sample,2026-05-23T18:18:53.506323+00:00
2026-03-30,MSFT,-0.0061369817341404564,0.0659280866573968,0.04859701785674986,0.2171782448080032,0.8133232520133977,-1.120501517070543,0.017274724800392605,1,final_v1,synthetic_sample,2026-05-23T18:18:53.506323+00:00
2026-03-31,MSFT,-0.011220239407891519,0.04092567998793517,0.018823593189414067,0.21968054986460347,0.48548506043637674,-0.8774929412597002,0.008581785123534136,1,final_v1,synthetic_sample,2026-05-23T18:18:53.506323+00:00
2026-04-01,MSFT,-0.0041012000093858525,0.03183749382767953,0.031894052520203386,0.22040458933248017,0.35716366913919967,-0.047644344328228845,0.024502915176992435,1,final_v1,synthetic_sample,2026-05-23T18:18:53.506323+00:00
2026-04-02,MSFT,0.016588977672709504,0.03582692982680524,0.038542649809256924,0.22314782439157027,0.8001364708496553,-0.052260406880067306,-0.0028726113136784415,0,final_v1,synthetic_sample,2026-05-23T18:18:53.506323+00:00
2026-04-03,MSFT,0.0029905042854081465,0.033272326235913585,0.01943693082600917,0.2228123814683618,0.871546122307277,-0.6106791209905706,0.001425599963198687,1,final_v1,synthetic_sample,2026-05-23T18:18:53.506323+00:00
2026-04-06,MSFT,-0.01988000688232283,0.0011720501513292625,-0.03151605870571106,0.23124524113176984,0.3286883761673338,-0.6045258313210877,0.0317198800353633,1,final_v1,synthetic_sample,2026-05-23T18:18:53.506323+00:00
2026-04-07,MSFT,0.01347719081478016,0.040004396670171305,-0.013716419646935707,0.21809532590908884,0.7157593822787633,-0.060580600005367004,0.027638526597718815,1,final_v1,synthetic_sample,2026-05-23T18:18:53.506323+00:00
2026-04-08,MSFT,-0.011082225060341178,0.029730199660241707,-0.02136652804696293,0.2223306618166794,0.4126358054217191,0.7235421607477788,0.0491168871289831,1,final_v1,synthetic_sample,2026-05-23T18:18:53.506323+00:00
2026-04-09,MSFT,-0.0021612389531415754,0.037107435440119074,-0.029595610959312513,0.219488044473025,0.3690337217382538,-0.127008918679156,0.04043108604441881,1,final_v1,synthetic_sample,2026-05-23T18:18:53.506323+00:00
2026-04-10,MSFT,-0.005894359719713638,0.0024726305845335084,-0.040619558628868346,0.19928299164416793,0.22291691861097662,1.3836880270236056,0.05733815383592433,1,final_v1,synthetic_sample,2026-05-23T18:18:53.506323+00:00
2026-04-13,MSFT,0.01844629308135337,0.031097916906521972,0.0017044387238422942,0.2050564205007682,0.7549641195179612,-0.6884589068373426,0.046710338119621,1,final_v1,synthetic_sample,2026-05-23T18:18:53.506323+00:00
2026-04-14,MSFT,-0.000262030134679625,0.027880357038315928,-0.021358265113324948,0.2050866486630354,0.7658686980862459,-0.06634578768282012,0.06220311917285937,1,final_v1,synthetic_sample,2026-05-23T18:18:53.506323+00:00
2026-04-15,MSFT,0.010054104316276069,0.021407370534066494,-0.030569315988975942,0.20053657941286632,1.1059941156149042,-0.4892024857418197,0.056121531221651644,1,final_v1,synthetic_sample,2026-05-23T18:18:53.506323+00:00
2026-04-16,MSFT,0.005067564218559584,0.040695087632781624,-0.03961407797373151,0.19398910540738504,1.334817333012064,0.6056137188772163,0.046890853968788004,1,final_v1,synthetic_sample,2026-05-23T18:18:53.506323+00:00
2026-04-17,MSFT,0.021835543161653037,0.06929048157905182,-0.0018625666071919733,0.20314822346533126,2.0428981579582706,-0.8777841699520906,0.03514096229933794,1,final_v1,synthetic_sample,2026-05-23T18:18:53.506323+00:00
2026-04-20,MSFT,0.011541364905573115,0.07865999437074378,0.013876411507609543,0.20504016294362926,2.37863676273321,2.623107670967864,0.022847337781700672,1,final_v1,synthetic_sample,2026-05-23T18:18:53.506323+00:00
2026-04-21,MSFT,-0.04254274721416684,0.03289469830504155,0.005009592135937879,0.2578637412736737,0.9773931465620522,-1.5141536088556915,0.0910908093509728,1,final_v1,synthetic_sample,2026-05-23T18:18:53.506323+00:00
2026-04-22,MSFT,0.011058089039631236,0.015633244001097113,-0.005968740066483402,0.24271785016337943,1.3329381074269295,1.9812709583829706,0.09232162175235281,1,final_v1,synthetic_sample,2026-05-23T18:18:53.506323+00:00
2026-04-23,MSFT,-0.0019640096222757197,0.021089607739901206,0.018418988160089134,0.24123297074332709,1.250160905791452,-0.033224786434275726,0.0911212080876107,1,final_v1,synthetic_sample,2026-05-23T18:18:53.506323+00:00
2026-04-24,MSFT,-0.0030629942248021624,-0.006527627524913426,0.015534175899273306,0.22652592519786244,1.1381781422113821,0.4354845222168524,,0,final_v1,synthetic_sample,2026-05-23T18:18:53.506323+00:00
2026-04-27,MSFT,0.010157989618476693,0.010781849220870221,0.036796198656094736,0.2277193331903484,1.4151466270800566,1.2839177374746402,,0,final_v1,synthetic_sample,2026-05-23T18:18:53.506323+00:00
2026-04-28,MSFT,0.00024721375340508445,0.017274724800392605,0.06885554909611513,0.22646720744742155,1.3734425370200134,0.6251933391030461,,0,final_v1,synthetic_sample,2026-05-23T18:18:53.506323+00:00
2026-04-29,MSFT,-0.019669680451668836,0.008581785123534136,0.04226670050795267,0.2335913979547607,0.7493083909997303,-0.9585969168135607,,0,final_v1,synthetic_sample,2026-05-23T18:18:53.506323+00:00
2026-04-30,MSFT,0.011619720741519401,0.024502915176992435,0.05046229593867002,0.23589670025845283,1.065390213595478,0.29830775569254075,,0,final_v1,synthetic_sample,2026-05-23T18:18:53.506323+00:00
2026-05-01,MSFT,-0.010575082161708438,-0.0028726113136784415,0.025341257642591986,0.23257250737828886,0.7327972665083737,1.7317381408663228,,0,final_v1,synthetic_sample,2026-05-23T18:18:53.506323+00:00
2026-05-04,MSFT,0.007313989072843308,0.001425599963198687,0.06254600435417701,0.23370251243775614,0.9199461062002544,-1.1026956976309916,,0,final_v1,synthetic_sample,2026-05-23T18:18:53.506323+00:00
2026-05-05,MSFT,0.009769753995495734,0.0317198800353633,0.08402816867616658,0.22447963167401866,1.1726027653579536,1.825791084977113,,0,final_v1,synthetic_sample,2026-05-23T18:18:53.506323+00:00
2026-05-06,MSFT,0.009468003149845083,0.027638526597718815,0.12150907908897013,0.22233070056910945,1.4205107693970203,-0.19191909143120048,,0,final_v1,synthetic_sample,2026-05-23T18:18:53.506323+00:00
2026-05-07,MSFT,0.009586844808274542,0.0491168871289831,0.18136859870564215,0.21936787041348627,1.7328129577308682,-0.8109119557734895,,0,final_v1,synthetic_sample,2026-05-23T18:18:53.506323+00:00
2026-05-08,MSFT,-0.010422500495350873,0.04043108604441881,0.1513495212159035,0.22316619465970783,1.3990278308320636,-1.0809949021536496,,0,final_v1,synthetic_sample,2026-05-23T18:18:53.506323+00:00
2026-05-11,MSFT,0.010259916788917245,0.05733815383592433,0.12402536545638854,0.22300018694827345,1.7088740591987117,-0.5374805307069978,,0,final_v1,synthetic_sample,2026-05-23T18:18:53.506323+00:00
2026-05-12,MSFT,0.00820939821422595,0.046710338119621,0.12899100044529677,0.2169618696034212,1.9380276568676875,-1.5443762001509802,,0,final_v1,synthetic_sample,2026-05-23T18:18:53.506323+00:00
2026-05-13,MSFT,0.014535493987951398,0.06220311917285937,0.15339826277055524,0.2206249241391357,2.370970640552106,-0.594420918125665,,0,final_v1,synthetic_sample,2026-05-23T18:18:53.506323+00:00
2026-05-14,MSFT,0.004271092799927656,0.056121531221651644,0.14546796848654986,0.21926040718743744,2.4156743508699825,-0.4873251969264136,,0,final_v1,synthetic_sample,2026-05-23T18:18:53.506323+00:00
2026-05-15,MSFT,-0.003716892899639279,0.046890853968788004,0.12376418311304405,0.22013163015929768,2.1810160632039017,-0.9533017665119312,,0,final_v1,synthetic_sample,2026-05-23T18:18:53.506323+00:00
2026-05-18,MSFT,0.01036686245761742,0.03514096229933794,0.13659082151617774,0.2111374956578805,2.40911771178178,0.36679684185786754,,0,final_v1,synthetic_sample,2026-05-23T18:18:53.506323+00:00
2026-05-19,MSFT,-0.00047198417162352957,0.022847337781700672,0.10828269227030174,0.20832972912687345,2.257905694342917,-0.37292481353695,,0,final_v1,synthetic_sample,2026-05-23T18:18:53.506323+00:00
2026-05-20,MSFT,0.0213379556001847,0.0910908093509728,0.13349797616455317,0.15175747166310474,2.737661886211001,-0.7468959739822527,,0,final_v1,synthetic_sample,2026-05-23T18:18:53.506323+00:00
2026-05-21,MSFT,0.012198619987046744,0.09232162175235281,0.16249734417334216,0.15242298375023033,2.884770346801532,-0.4319815990218424,,0,final_v1,synthetic_sample,2026-05-23T18:18:53.506323+00:00
2026-05-22,MSFT,-0.0030608075038663918,0.0911212080876107,0.16240946061459338,0.1530044094948164,2.6140169026082374,0.19544509520939382,,0,final_v1,synthetic_sample,2026-05-23T18:18:53.506323+00:00
2026-03-02,NVDA,0.01565201132225913,0.024667653901983,0.02726900710107283,0.25843361659892483,-0.2704487984841971,-0.2597124635001883,0.07071842643245119,1,final_v1,synthetic_sample,2026-05-23T18:18:53.517746+00:00
2026-03-03,NVDA,-0.011116064889212462,-0.001314883554067392,0.0009309781163047148,0.2571553256065809,-0.511598655582117,-0.6468342707688812,0.10001639062822609,1,final_v1,synthetic_sample,2026-05-23T18:18:53.517746+00:00
2026-03-04,NVDA,0.0009557445872268033,0.0019415802861886267,-0.010175394148214667,0.2570314027268626,-0.48698184406510836,0.19385509958894334,0.1274164296771798,1,final_v1,synthetic_sample,2026-05-23T18:18:53.517746+00:00
2026-03-05,NVDA,0.016195506721873976,0.026180836051211243,-0.01122101124294439,0.2608133531754632,-0.1362656383821263,0.48388066286646014,0.13315521185135415,1,final_v1,synthetic_sample,2026-05-23T18:18:53.517746+00:00
2026-03-06,NVDA,0.0030600338628410384,0.05946020646226802,-0.006591517782492784,0.23837933228437216,-0.06738685208222875,-0.7287716335824795,0.1133981289875845,1,final_v1,synthetic_sample,2026-05-23T18:18:53.517746+00:00
2026-03-09,NVDA,0.0022896569989707682,0.05001323689327064,-0.0028028790349914345,0.23648928106959924,-0.016439457385353212,1.274937112114021,0.1120691371480258,1,final_v1,synthetic_sample,2026-05-23T18:18:53.517746+00:00
2026-03-10,NVDA,0.003931744938399984,0.0516974145886413,-0.03898485219194081,0.23654254313786172,0.08433432835916573,0.3551134409516854,0.11235120099992257,1,final_v1,synthetic_sample,2026-05-23T18:18:53.517746+00:00
2026-03-11,NVDA,-0.009498085267339085,0.053004825477441786,-0.06772333713318834,0.23575165661492006,-0.10232415076462774,0.9804165212689471,0.11351920732674725,1,final_v1,synthetic_sample,2026-05-23T18:18:53.517746+00:00
2026-03-12,NVDA,0.0010557068321881413,0.07253130281304565,-0.08720673519504063,0.22525544218276813,-0.04653102851146086,-0.2964643566447672,0.12053682508925201,1,final_v1,synthetic_sample,2026-05-23T18:18:53.517746+00:00
2026-03-13,NVDA,0.033649682637894696,0.11200338943303079,-0.07300791820725583,0.24580176553324687,0.8031764551169923,0.32824913626656727,0.09294089510388681,1,final_v1,synthetic_sample,2026-05-23T18:18:53.517746+00:00
2026-03-16,NVDA,0.03767860252107713,0.1279465861205633,-0.033461219899116545,0.2629669500990218,1.8265438324370382,-0.18673988147424306,0.05767252131572653,1,final_v1,synthetic_sample,2026-05-23T18:18:53.517746+00:00
2026-03-17,NVDA,-0.00020398048588021744,0.10443554851951276,-0.02120364279192477,0.25800645418228085,1.867462751845306,1.6920706626629514,0.0755603693345368,1,final_v1,synthetic_sample,2026-05-23T18:18:53.517746+00:00
2026-03-18,NVDA,-0.004060147147747384,0.11750154955855208,-0.03879076836735562,0.24973273838951884,1.8501630916448888,0.026304199180801794,0.07280904732306559,1,final_v1,synthetic_sample,2026-05-23T18:18:53.517746+00:00
2026-03-19,NVDA,0.000596250311152069,0.07356070255199043,-0.029938659916827093,0.21454204921350625,1.9456944504964007,-0.15370393417572428,0.12668826375097186,1,final_v1,synthetic_sample,2026-05-23T18:18:53.517746+00:00
2026-03-20,NVDA,-0.01118703380895636,0.054639413133908965,-0.011754466040335587,0.21980649823765264,1.6357372879817775,-0.6244364102053063,0.16539210447161645,1,final_v1,synthetic_sample,2026-05-23T18:18:53.517746+00:00
2026-03-23,NVDA,0.008296585116991384,0.06859083468346405,0.02082550990321863,0.21892056066418555,1.8440042481525973,-0.6048619220246179,0.10900051695989887,1,final_v1,synthetic_sample,2026-05-23T18:18:53.517746+00:00
2026-03-24,NVDA,0.015216103141905801,0.10853201346119956,0.04817151999680891,0.20396868584145525,2.1949546053437303,0.14105465462036537,0.09281631302878424,1,final_v1,synthetic_sample,2026-05-23T18:18:53.517746+00:00
2026-03-25,NVDA,-0.02077106179135535,0.09713286235575369,0.03971110636898412,0.21585800361627483,1.5502609841846953,0.8512213459350292,0.12752071246716845,1,final_v1,synthetic_sample,2026-05-23T18:18:53.517746+00:00
2026-03-26,NVDA,0.02152362137093422,0.12309702741668871,0.0833059422786846,0.22186330301433646,2.0415104285597585,-0.9483843735347576,0.08176930007814387,1,final_v1,synthetic_sample,2026-05-23T18:18:53.517746+00:00
2026-03-27,NVDA,-0.0025594709641363345,0.1145584146987213,0.0978103204666636,0.22359117601878034,1.8800438870309977,0.09856057425398189,0.06277390607056677,1,final_v1,synthetic_sample,2026-05-23T18:18:53.517746+00:00
2026-03-30,NVDA,-0.010099727508089962,0.09227503082683608,0.08169972300383077,0.22873202794904623,1.5506271890882548,0.14185258937905973,0.06999116098739111,1,final_v1,synthetic_sample,2026-05-23T18:18:53.517746+00:00
2026-03-31,NVDA,-0.004392398732470215,0.07071842643245119,0.050998358651814124,0.22683921846714752,1.3952360045516783,0.3737810159846156,0.07333481278715803,1,final_v1,synthetic_sample,2026-05-23T18:18:53.517746+00:00
2026-04-01,NVDA,0.015942670077352172,0.10001639062822609,0.038818833020146215,0.22455024291917677,1.749231472894263,-2.1972429876641844,0.033627001105116294,1,final_v1,synthetic_sample,2026-05-23T18:18:53.517746+00:00
2026-04-02,NVDA,0.025888306248695647,0.1274164296771798,0.0817583918133804,0.2351966522578838,2.2741587642666383,-1.261483821581739,-0.020877775151998068,0,final_v1,synthetic_sample,2026-05-23T18:18:53.517746+00:00
2026-04-03,NVDA,0.021368151457165974,0.13315521185135415,0.12542091196114113,0.2385567782392031,2.6045148773209585,-1.534879919378343,-0.03911972716871459,0,final_v1,synthetic_sample,2026-05-23T18:18:53.517746+00:00
2026-04-06,NVDA,-0.014428779672231329,0.1133981289875845,0.0862406523281154,0.24834118043119668,2.1475383300158146,-0.015053513624991856,-0.014777047546883915,0,final_v1,synthetic_sample,2026-05-23T18:18:53.517746+00:00
2026-04-07,NVDA,0.0010932882065812777,0.1120691371480258,0.11392242921064932,0.24854512845787016,2.0613711473273595,-1.060999086946471,-0.02989405147986357,0,final_v1,synthetic_sample,2026-05-23T18:18:53.517746+00:00
2026-04-08,NVDA,0.004186380954776636,0.11235120099992257,0.12535163506511338,0.24853112041557973,2.0433800681765493,-0.5349134160031599,-0.036354888107961614,0,final_v1,synthetic_sample,2026-05-23T18:18:53.517746+00:00
2026-04-09,NVDA,-0.008458024806128894,0.11351920732674725,0.14116956327144736,0.2478166304711844,1.78249065345553,-1.2126471348579426,-0.06384640610646575,0,final_v1,synthetic_sample,2026-05-23T18:18:53.517746+00:00
2026-04-10,NVDA,0.007364557423447771,0.12053682508925201,0.14843864102131676,0.24745156858386916,1.8477463921114117,-0.28713042925167714,-0.047967258493906595,0,final_v1,synthetic_sample,2026-05-23T18:18:53.517746+00:00
2026-04-13,NVDA,0.008193558722290106,0.09294089510388681,0.16720218012524257,0.22687763692884255,1.9215240430121219,-1.0306431836785674,-0.06113820291871752,0,final_v1,synthetic_sample,2026-05-23T18:18:53.517746+00:00
2026-04-14,NVDA,0.004193501003112221,0.05767252131572653,0.1537294645579237,0.1936421211839678,1.9112695452365918,1.3586419836660648,-0.07329036971803049,0,final_v1,synthetic_sample,2026-05-23T18:18:53.517746+00:00
2026-04-15,NVDA,0.016705033302841787,0.0755603693345368,0.1578667583202793,0.1989145935318148,2.1181877177841177,1.1884254077455798,-0.07871362746315524,0,final_v1,synthetic_sample,2026-05-23T18:18:53.517746+00:00
2026-04-16,NVDA,-0.006607797021597861,0.07280904732306559,0.10141264879734835,0.20026653071422693,1.9058558387552922,0.6270309625935959,-0.08706371289241133,0,final_v1,synthetic_sample,2026-05-23T18:18:53.517746+00:00
2026-04-17,NVDA,0.05084875522988708,0.12668826375097186,0.14761354892055611,0.25602306330664715,2.6469782104852024,-0.04521385601390219,-0.13048123125188382,0,final_v1,synthetic_sample,2026-05-23T18:18:53.517746+00:00
2026-04-20,NVDA,0.022780533598335984,0.16539210447161645,0.16202760331598265,0.2546876674996859,2.8264832840446097,-1.835268516627749,-0.17593521554974578,0,final_v1,synthetic_sample,2026-05-23T18:18:53.517746+00:00
2026-04-21,NVDA,-0.0404933842840548,0.10900051695989887,0.13422991398995032,0.3017788810420611,2.0153161980417296,-0.1693053480497952,-0.1376721134981307,0,final_v1,synthetic_sample,2026-05-23T18:18:53.517746+00:00
2026-04-22,NVDA,0.0004005424671091884,0.09281631302878424,0.13909503119818312,0.299981206764118,1.9296089664074494,-0.48413932594715986,-0.1403338786482652,0,final_v1,synthetic_sample,2026-05-23T18:18:53.517746+00:00
2026-04-23,NVDA,0.010326160869085221,0.12752071246716845,0.1676524962328385,0.2867833449836686,1.9901158966704722,1.002322606813937,-0.15937459211602223,0,final_v1,synthetic_sample,2026-05-23T18:18:53.517746+00:00
2026-04-24,NVDA,-0.019926746635349768,0.08176930007814387,0.16120501004459675,0.29382320771852694,1.6163816224609537,1.4695238242716027,,0,final_v1,synthetic_sample,2026-05-23T18:18:53.517746+00:00
2026-04-27,NVDA,-0.020074088772936816,0.06277390607056677,0.1804988669229468,0.30423951128123833,1.274984977399179,0.9550159879943002,,0,final_v1,synthetic_sample,2026-05-23T18:18:53.517746+00:00
2026-04-28,NVDA,-0.003377354510409658,0.06999116098739111,0.2099123614651237,0.3015804389949688,1.1885793778871414,2.226516751038365,,0,final_v1,synthetic_sample,2026-05-23T18:18:53.517746+00:00
2026-04-29,NVDA,-0.0012811906503700232,0.07333481278715803,0.17758840060962533,0.30079737759186226,1.133030763956406,-0.2974351141058721,,0,final_v1,synthetic_sample,2026-05-23T18:18:53.517746+00:00
2026-04-30,NVDA,-0.02164193049889085,0.033627001105116294,0.13551161167576642,0.308947508487444,0.7963987818168703,-0.41420149002717344,,0,final_v1,synthetic_sample,2026-05-23T18:18:53.517746+00:00
2026-05-01,NVDA,-0.028208396466202657,-0.020877775151998068,0.10602175165656602,0.3123677470088983,0.38128673199179125,1.7209854093991277,,0,final_v1,synthetic_sample,2026-05-23T18:18:53.517746+00:00
2026-05-04,NVDA,0.002339118781315541,-0.03911972716871459,0.11733287692389172,0.3026262697302472,0.3933720920321232,0.36007018165707966,,0,final_v1,synthetic_sample,2026-05-23T18:18:53.517746+00:00
2026-05-05,NVDA,0.010539413701375455,-0.014777047546883915,0.1621699913769481,0.3018116180376978,0.5158079001889002,-0.1647530780445527,,0,final_v1,synthetic_sample,2026-05-23T18:18:53.517746+00:00
2026-05-06,NVDA,-0.014267226017551815,-0.02989405147986357,0.13278040965846505,0.3052685754345135,0.290898784685264,2.5632984369644145,,0,final_v1,synthetic_sample,2026-05-23T18:18:53.517746+00:00
2026-05-07,NVDA,-0.0025014289297077275,-0.036354888107961614,0.12732686615125388,0.30467341985304913,0.23328232158142492,0.5922909523051487,,0,final_v1,synthetic_sample,2026-05-23T18:18:53.517746+00:00
2026-05-08,NVDA,-0.03674540334509513,-0.06384640610646575,0.09767856342061987,0.3265598204179267,-0.3203885776768002,-0.3599415036779204,,0,final_v1,synthetic_sample,2026-05-23T18:18:53.517746+00:00
2026-05-11,NVDA,0.02445159379368511,-0.047967258493906595,0.14416325055786117,0.3379317744502137,-0.004516262789816415,-0.8487509295606518,,0,final_v1,synthetic_sample,2026-05-23T18:18:53.517746+00:00
2026-05-12,NVDA,-0.005754345328128241,-0.06113820291871752,0.1410494215700735,0.33611240047088864,-0.12253115439233835,1.4925014389138866,,0,final_v1,synthetic_sample,2026-05-23T18:18:53.517746+00:00
2026-05-13,NVDA,-0.008804287341149575,-0.07329036971803049,0.10556283712232517,0.3357502390658487,-0.2858208662482964,0.005770119125804988,,0,final_v1,synthetic_sample,2026-05-23T18:18:53.517746+00:00
2026-05-14,NVDA,0.010755107602070435,-0.07871362746315524,0.09438420330472908,0.3320580995902563,-0.14371888820975465,-0.1807811514354582,,0,final_v1,synthetic_sample,2026-05-23T18:18:53.517746+00:00
2026-05-15,NVDA,-0.015611414145322078,-0.08706371289241133,0.09448806732749948,0.3343980946842054,-0.4227157479522178,0.5889542202915605,,0,final_v1,synthetic_sample,2026-05-23T18:18:53.517746+00:00
2026-05-18,NVDA,0.0008723814483446724,-0.13048123125188382,0.05174229023063681,0.272856800007072,-0.4255882982112307,0.7924024151764237,,0,final_v1,synthetic_sample,2026-05-23T18:18:53.517746+00:00
2026-05-19,NVDA,-0.030685190185028133,-0.17593521554974578,0.012832023311351914,0.26375217162670045,-0.9279880735135815,0.2669588827154262,,0,final_v1,synthetic_sample,2026-05-23T18:18:53.517746+00:00
2026-05-20,NVDA,0.004058573582742309,-0.1376721134981307,0.02191700105868888,0.2420957326663895,-0.8744192939273763,0.693901799295385,,0,final_v1,synthetic_sample,2026-05-23T18:18:53.517746+00:00
2026-05-21,NVDA,-0.0026874143783045534,-0.1403338786482652,0.04141833843382825,0.2411999941176435,-0.9387738162971005,-0.030374542392583036,,0,final_v1,synthetic_sample,2026-05-23T18:18:53.517746+00:00
2026-05-22,NVDA,-0.012051516301487153,-0.15937459211602223,0.03988727695843597,0.23358905591208323,-1.1578855598396591,0.1061698906474028,,0,final_v1,synthetic_sample,2026-05-23T18:18:53.517746+00:00
2026-03-02,SAP.DE,0.003239075153207871,0.025910157777193188,-0.04523732729802554,0.25999709758278405,0.3541146695888102,0.4464949257209265,-0.0387663926581886,0,final_v1,synthetic_sample,2026-05-23T18:18:53.529540+00:00
2026-03-03,SAP.DE,-0.0022816492053758797,0.028220051839754623,-0.06045963584777447,0.2594992991141723,0.3351176724963973,-0.3727297815218593,-0.012952809043285218,0,final_v1,synthetic_sample,2026-05-23T18:18:53.529540+00:00
2026-03-04,SAP.DE,-0.00750213072508199,0.011292272997323938,-0.0693541410717069,0.2596977558674182,0.2077697494394197,-0.05381470219337455,0.002264264571574248,1,final_v1,synthetic_sample,2026-05-23T18:18:53.529540+00:00
2026-03-05,SAP.DE,0.008946868063033797,0.022303929932288913,-0.06589370734607869,0.2609935891981648,0.4343753510328548,0.36610944064255657,0.004166790778123763,1,final_v1,synthetic_sample,2026-05-23T18:18:53.529540+00:00
2026-03-06,SAP.DE,-0.0031263039463035325,0.028733365931277843,-0.04177879106646554,0.25881467123126894,0.38562060345277677,-0.5193555250263705,-0.03449626946265649,0,final_v1,synthetic_sample,2026-05-23T18:18:53.529540+00:00
2026-03-09,SAP.DE,0.005998004744324437,0.06262318493516972,-0.03682453176697387,0.23983755034549473,0.540082940234027,-0.8611370121288607,-0.025374898521510092,0,final_v1,synthetic_sample,2026-05-23T18:18:53.529540+00:00
2026-03-10,SAP.DE,-0.0035726498404664575,0.07397369108058172,-0.07163104938269538,0.2333759244676152,0.5058718358027742,-0.9058007117563306,-0.014943026589012698,0,final_v1,synthetic_sample,2026-05-23T18:18:53.529540+00:00
2026-03-11,SAP.DE,-0.022619412249970106,0.062084498112092046,-0.1092403011484413,0.24458297303103108,0.019232202295440422,2.178819735681857,0.005565033958631949,1,final_v1,synthetic_sample,2026-05-23T18:18:53.529540+00:00
2026-03-12,SAP.DE,-0.011740180225389807,0.02290825881072145,-0.11684898896376816,0.23492954803492658,-0.23580903722026705,-0.5839818652557912,-0.006350457895273887,0,final_v1,synthetic_sample,2026-05-23T18:18:53.529540+00:00
2026-03-13,SAP.DE,0.02050411610790248,0.04800356665615446,-0.09448086265149669,0.24292728316809828,0.37630334520331205,0.12411895900578726,-0.026367157561613563,0,final_v1,synthetic_sample,2026-05-23T18:18:53.529540+00:00
2026-03-16,SAP.DE,0.006142719898845961,0.05954540861146951,-0.06877110523041263,0.24186956386616332,0.6257740088473865,0.7687082175845978,-0.014724934971595216,0,final_v1,synthetic_sample,2026-05-23T18:18:53.529540+00:00
2026-03-17,SAP.DE,0.011411613375077012,0.06944699435213852,-0.03240894620696522,0.24355181315502059,1.0233298914906126,-0.45891372937836566,-0.030708160503123194,0,final_v1,synthetic_sample,2026-05-23T18:18:53.529540+00:00
2026-03-18,SAP.DE,0.016193552990312554,0.09041989288734698,-0.015273238152036739,0.24607780680188235,1.5768582017612984,-0.239050053352927,-0.04246649613289755,0,final_v1,synthetic_sample,2026-05-23T18:18:53.529540+00:00
2026-03-19,SAP.DE,-0.01847055564320277,0.02738082443491674,-0.04910528614708598,0.21862352461423307,1.0411661280697586,0.3099186361777513,-0.016174360993749137,0,final_v1,synthetic_sample,2026-05-23T18:18:53.529540+00:00
2026-03-20,SAP.DE,-0.0013534932563923352,0.021620958050385664,-0.02872981164481947,0.21855739581007932,1.0362998971660244,-1.1012647597088914,-0.008361822089198667,0,final_v1,synthetic_sample,2026-05-23T18:18:53.529540+00:00
2026-03-23,SAP.DE,-0.005398921120916,0.0351237765453174,-0.015771378620923815,0.20886187960699296,0.8639690175643068,-1.5099274295400582,-0.012769895631681516,0,final_v1,synthetic_sample,2026-05-23T18:18:53.529540+00:00
2026-03-24,SAP.DE,-0.011014900979112507,0.031125312491908863,-0.026686669050143386,0.21121454331220385,0.4970740638200005,-0.807697441725598,-0.02213263532790788,0,final_v1,synthetic_sample,2026-05-23T18:18:53.529540+00:00
2026-03-25,SAP.DE,-0.02142603061596926,-0.020706201569375415,-0.03463987380394784,0.19861209746155611,-0.24534324851276934,1.9717894265929445,-0.002231493281841024,0,final_v1,synthetic_sample,2026-05-23T18:18:53.529540+00:00
2026-03-26,SAP.DE,0.02892650021284715,-0.006478690079340321,0.003019304364545672,0.21741921548264023,0.7640182296560288,-0.6276659156098765,-0.04161468091178422,0,final_v1,synthetic_sample,2026-05-23T18:18:53.529540+00:00
2026-03-27,SAP.DE,-0.010889228803170226,-0.032854923185606344,-0.0004580231841642135,0.21221060093461305,0.37280432721279166,0.025577504066976762,-0.01783717409910901,0,final_v1,synthetic_sample,2026-05-23T18:18:53.529540+00:00
2026-03-30,SAP.DE,-0.006334535155466003,-0.025854842506864872,-0.018639326010410073,0.20871983003060607,0.15899561653578476,-1.2702359012480946,-0.0014862059580804665,0,final_v1,synthetic_sample,2026-05-23T18:18:53.529540+00:00
2026-03-31,SAP.DE,-0.010058092658971618,-0.0387663926581886,-0.03300939319043594,0.2101920697354953,-0.18069348724839648,1.5837113327661319,0.012129923254826425,1,final_v1,synthetic_sample,2026-05-23T18:18:53.529540+00:00
2026-04-01,SAP.DE,0.024511719103481378,-0.012952809043285218,-0.0031762693648643703,0.22819123249518722,0.6909734928964612,-0.37706232649547106,-0.00921993070481586,0,final_v1,synthetic_sample,2026-05-23T18:18:53.529540+00:00
2026-04-02,SAP.DE,0.007798974711132001,0.002264264571574248,0.0214107088474067,0.22843393996749578,0.9556139544676114,-0.49928414837237906,-0.022779549505802965,0,final_v1,synthetic_sample,2026-05-23T18:18:53.529540+00:00
2026-04-03,SAP.DE,0.010862079375417943,0.004166790778123763,0.0338649673796132,0.2294025562756628,1.3133453662656058,-0.16258154630171143,-0.037458624550871344,0,final_v1,synthetic_sample,2026-05-23T18:18:53.529540+00:00
2026-04-06,SAP.DE,-0.041508560875062606,-0.03449626946265649,-0.023106962255894037,0.2694814890422789,-0.17996903374187181,2.718962340385268,0.026799577044604783,1,final_v1,synthetic_sample,2026-05-23T18:18:53.529540+00:00
2026-04-07,SAP.DE,0.015501935881099493,-0.025374898521510092,0.014701283863156167,0.27453350169010615,0.3522246967428079,0.17605568033833277,0.0139260866812414,1,final_v1,synthetic_sample,2026-05-23T18:18:53.529540+00:00
2026-04-08,SAP.DE,0.007092581837984779,-0.014943026589012698,0.032504527193912836,0.2757331883572012,0.5850508429286153,-0.3656532802144267,-0.002884222912481138,0,final_v1,synthetic_sample,2026-05-23T18:18:53.529540+00:00
2026-04-09,SAP.DE,-0.0022711676177206153,0.005565033958631949,0.04778963277539616,0.2645570448253265,0.482410186960957,-1.7873383771721854,-0.013784098486650631,0,final_v1,synthetic_sample,2026-05-23T18:18:53.529540+00:00
2026-04-10,SAP.DE,-0.023450613100834405,-0.006350457895273887,0.01755065474403783,0.27380787632791814,-0.36978452682370716,1.1780781265582165,0.03461549340378278,1,final_v1,synthetic_sample,2026-05-23T18:18:53.529540+00:00
2026-04-13,SAP.DE,-5.35589423239502e-05,-0.026367157561613563,0.035792603735211426,0.26383398538735775,-0.3986810947301882,-0.616322628202889,0.06070541307313104,1,final_v1,synthetic_sample,2026-05-23T18:18:53.529540+00:00
2026-04-14,SAP.DE,0.018173679611598548,-0.014724934971595216,0.06491529578053035,0.27085666563636546,0.22562039855881924,-0.6572246747600071,0.02724108617294263,1,final_v1,synthetic_sample,2026-05-23T18:18:53.529540+00:00
2026-04-15,SAP.DE,-0.004995601722073917,-0.030708160503123194,0.05485470445731355,0.26781677114545965,0.006215588217216833,-0.5753407124880269,0.04557912778901163,1,final_v1,synthetic_sample,2026-05-23T18:18:53.529540+00:00
2026-04-16,SAP.DE,0.0038662596262468707,-0.04246649613289755,0.02790107737596803,0.26129447341284234,0.14008632959974024,1.275585985819492,0.02455950008044394,1,final_v1,synthetic_sample,2026-05-23T18:18:53.529540+00:00
2026-04-17,SAP.DE,0.008480464545500555,-0.016174360993749137,0.06602453155075616,0.2566632209524552,0.4466368658212134,-0.09302147491630411,0.029874195201570863,1,final_v1,synthetic_sample,2026-05-23T18:18:53.529540+00:00
2026-04-20,SAP.DE,0.006576737850116032,-0.008361822089198667,0.0742162206949708,0.2577980806585751,0.6921923367568212,-1.0007987561807596,0.006759207385304888,1,final_v1,synthetic_sample,2026-05-23T18:18:53.529540+00:00
2026-04-21,SAP.DE,-0.009820165480798004,-0.012769895631681516,0.07339932660847248,0.259283204538395,0.24421030668537833,-0.23714008228128566,0.015335126172179914,1,final_v1,synthetic_sample,2026-05-23T18:18:53.529540+00:00
2026-04-22,SAP.DE,-0.020394284776878657,-0.02213263532790788,0.02548603546820427,0.2657163239110241,-0.6928873249932584,-0.6612407418306301,0.03682833961035925,1,final_v1,synthetic_sample,2026-05-23T18:18:53.529540+00:00
2026-04-23,SAP.DE,-0.0015105080503649004,-0.002231493281841024,0.006604737188424359,0.255614565692419,-0.7678327914595658,0.29701497559202267,0.020794312838233076,1,final_v1,synthetic_sample,2026-05-23T18:18:53.529540+00:00
2026-04-24,SAP.DE,-0.011686532913031789,-0.04161468091178422,0.00255224214322336,0.23668057521131824,-1.2932481507725004,-0.32675212770178885,,0,final_v1,synthetic_sample,2026-05-23T18:18:53.529540+00:00
2026-04-27,SAP.DE,0.013650575419830835,-0.01783717409910901,-0.009724334459251582,0.2400241537184256,-0.6816991717167238,-1.0148417661112707,,0,final_v1,synthetic_sample,2026-05-23T18:18:53.529540+00:00
2026-04-28,SAP.DE,0.01020792799835002,-0.0014862059580804665,0.007852498906074645,0.2419058944631921,-0.23268354660611282,-0.073139784953642,,0,final_v1,synthetic_sample,2026-05-23T18:18:53.529540+00:00
2026-04-29,SAP.DE,0.0034411469149397966,0.012129923254826425,-0.0018988839395996937,0.2394314548163608,-0.07597507013634396,0.013065885308500044,,0,final_v1,synthetic_sample,2026-05-23T18:18:53.529540+00:00
2026-04-30,SAP.DE,0.0029006837213227943,-0.00921993070481586,0.005544390379866648,0.22429685586151804,0.051448482325471126,-0.820351512717777,,0,final_v1,synthetic_sample,2026-05-23T18:18:53.529540+00:00
2026-05-01,SAP.DE,-0.0059935614415478344,-0.022779549505802965,-0.009506837505225962,0.2231345892609235,-0.2140090299700877,-1.1399751770583615,,0,final_v1,synthetic_sample,2026-05-23T18:18:53.529540+00:00
2026-05-04,SAP.DE,-0.004322335068489114,-0.037458624550871344,-0.011890006067180603,0.21932270027692957,-0.4001811427324265,0.3562788149621015,,0,final_v1,synthetic_sample,2026-05-23T18:18:53.529540+00:00
2026-05-05,SAP.DE,0.022479271434057146,0.026799577044604783,0.01986447262410862,0.18382626050931372,0.5940604535179748,0.05551678244230922,,0,final_v1,synthetic_sample,2026-05-23T18:18:53.529540+00:00
2026-05-06,SAP.DE,0.0027700895911253465,0.0139260866812414,0.050081909652395895,0.1769559162779115,0.6957791521047901,0.16147597582140258,,0,final_v1,synthetic_sample,2026-05-23T18:18:53.529540+00:00
2026-05-07,SAP.DE,-0.009604432187614753,-0.002884222912481138,0.05487398134488486,0.17873527693045832,0.21839063489268323,1.215847953124226,,0,final_v1,synthetic_sample,2026-05-23T18:18:53.529540+00:00
2026-05-08,SAP.DE,-0.013177744747102205,-0.013784098486650631,0.05327368567344681,0.1840675658958342,-0.4824098788907254,-1.4144339477696826,,0,final_v1,synthetic_sample,2026-05-23T18:18:53.529540+00:00
2026-05-11,SAP.DE,0.024474584327279558,0.03461549340378278,0.05159593704413723,0.18395618434044936,0.7305936119533685,0.5319721239408259,,0,final_v1,synthetic_sample,2026-05-23T18:18:53.529540+00:00
2026-05-12,SAP.DE,0.025162110537954918,0.06070541307313104,0.08231271580355459,0.20013028979172773,2.001918285889021,1.2438504736847698,,0,final_v1,synthetic_sample,2026-05-23T18:18:53.529540+00:00
2026-05-13,SAP.DE,-0.013948808343821284,0.02724108617294263,0.07238183088170724,0.20015376593876646,1.228384840529693,0.10555013158018899,,0,final_v1,synthetic_sample,2026-05-23T18:18:53.529540+00:00
2026-05-14,SAP.DE,0.01276695889723567,0.04557912778901163,0.08385385288038516,0.20238088734540782,1.9053802189690057,-1.095103195735435,,0,final_v1,synthetic_sample,2026-05-23T18:18:53.529540+00:00
2026-05-15,SAP.DE,-0.01631480031051391,0.02455950008044394,0.06975648829256653,0.21167967181538624,0.9626667608539516,-0.30278587403324264,,0,final_v1,synthetic_sample,2026-05-23T18:18:53.529540+00:00
2026-05-18,SAP.DE,0.013711752922848097,0.029874195201570863,0.04095934507505716,0.21454488312247072,1.7068016908619519,-0.011536850097479004,,0,final_v1,synthetic_sample,2026-05-23T18:18:53.529540+00:00
2026-05-19,SAP.DE,-0.016015350717544563,0.006759207385304888,0.01992595199039826,0.22160015403949254,0.737599669683376,-1.2882022865574754,,0,final_v1,synthetic_sample,2026-05-23T18:18:53.529540+00:00
2026-05-20,SAP.DE,-0.0013854754546772652,0.015335126172179914,0.03757640149185648,0.21873997843162266,0.6324606038610849,1.1073558834698611,,0,final_v1,synthetic_sample,2026-05-23T18:18:53.529540+00:00
2026-05-21,SAP.DE,0.00034258739450754305,0.03682833961035925,0.04543794645435062,0.205435744569868,0.6287439991315561,0.5099540209688882,,0,final_v1,synthetic_sample,2026-05-23T18:18:53.529540+00:00
2026-05-22,SAP.DE,-0.016951643900898872,0.020794312838233076,-0.0025731890489989473,0.21484457321832248,-0.3934300323076423,-0.27715875928783285,,0,final_v1,synthetic_sample,2026-05-23T18:18:53.529540+00:00
2026-03-02,SPY,0.022788456979908833,0.07258391462525715,-0.0006069005599463884,0.3114079812341811,1.5606458940772354,1.0056657585577258,0.016538210796077202,1,final_v1,synthetic_sample,2026-05-23T18:18:53.541501+00:00
2026-03-03,SPY,-0.003816748331974429,0.07332754747398296,-0.0008294533460574405,0.31120277013751735,1.4771776049963108,-0.055131432569791,0.03487922130293253,1,final_v1,synthetic_sample,2026-05-23T18:18:53.541501+00:00
2026-03-04,SPY,0.006071077675969594,0.06975332264351053,0.00989491221301364,0.31064959622561705,1.5992642686697363,-0.4452857924377153,0.08950474140585696,1,final_v1,synthetic_sample,2026-05-23T18:18:53.541501+00:00
2026-03-05,SPY,-0.006490221229602189,0.11301073453895549,-0.0125424984756759,0.2618912115713984,1.4709466324254206,-0.40608403476865007,0.09163978873402723,1,final_v1,synthetic_sample,2026-05-23T18:18:53.541501+00:00
2026-03-06,SPY,-0.005608606447543463,0.13930310684424962,-0.005071425253968309,0.23661810706201866,1.3523150652546077,-0.4360173451613907,0.08975720006000554,1,final_v1,synthetic_sample,2026-05-23T18:18:53.541501+00:00
2026-03-09,SPY,-0.03126534427969607,0.09960307732434415,-0.03643769632689875,0.26865493613855523,0.6867306079871006,0.5072903142096312,0.15879218124015915,1,final_v1,synthetic_sample,2026-05-23T18:18:53.541501+00:00
2026-03-10,SPY,0.015924975294342225,0.12860158131265065,-0.04200536303281943,0.26581592790721653,1.0713687494155595,-1.0155964049105466,0.16576366121247244,1,final_v1,synthetic_sample,2026-05-23T18:18:53.541501+00:00
2026-03-11,SPY,0.007786702154282565,0.13905555247374135,-0.006857316881477393,0.26457082055686193,1.2530694371638362,-0.5377765247107071,0.15112586483328405,1,final_v1,synthetic_sample,2026-05-23T18:18:53.541501+00:00
2026-03-12,SPY,0.018964114046306157,0.12094919292536832,0.03449766533698617,0.24821808841249163,1.6460857427483606,-0.5854439418433525,0.14974234066494407,1,final_v1,synthetic_sample,2026-05-23T18:18:53.541501+00:00
2026-03-13,SPY,0.03334250337004563,0.15294573464302452,0.07967018238316981,0.2653031796538923,2.2848157475197732,-1.3312560060225123,0.11840698456847987,1,final_v1,synthetic_sample,2026-05-23T18:18:53.541501+00:00
2026-03-16,SPY,0.018952824872012775,0.17625010337869673,0.11882450368310016,0.2666140075054266,2.5340604720953075,0.27877653590203555,0.1343177844612624,1,final_v1,synthetic_sample,2026-05-23T18:18:53.541501+00:00
2026-03-17,SPY,0.008148831279141788,0.1879594298769891,0.15575493375065297,0.26438781445920434,2.525530192304829,0.4588660234964844,0.15134760637680444,1,final_v1,synthetic_sample,2026-05-23T18:18:53.541501+00:00
2026-03-18,SPY,0.005452811862607376,0.19546836558567326,0.13250056680677336,0.2625962739316012,2.469818380333078,-0.7677075552424779,0.13354442608838202,1,final_v1,synthetic_sample,2026-05-23T18:18:53.541501+00:00
2026-03-19,SPY,0.007468819659250281,0.18223507512852666,0.13199780943495365,0.26016216116412166,2.4544323533116676,0.45033209362677995,0.1484691042666948,1,final_v1,synthetic_sample,2026-05-23T18:18:53.541501+00:00
2026-03-20,SPY,-0.012357992715742228,0.12205907170882768,0.15938940003403657,0.24180331436975924,2.1007531727428375,-1.2901559360881218,0.14900065286060737,1,final_v1,synthetic_sample,2026-05-23T18:18:53.541501+00:00
2026-03-23,SPY,-0.006335296649375821,0.11188921534303176,0.17380534172422313,0.24502470229793744,1.8932960321370336,-0.35713635037217467,0.15221482260928187,1,final_v1,synthetic_sample,2026-05-23T18:18:53.541501+00:00
2026-03-24,SPY,0.0109767533720182,0.12246273409096808,0.167212532775026,0.24540034186437967,1.9836544539447183,-0.42502243882159957,0.14091942213901687,1,final_v1,synthetic_sample,2026-05-23T18:18:53.541501+00:00
2026-03-25,SPY,-0.02183089241812486,0.0704091143471195,0.12404946354700197,0.251262089151884,1.5471795772729575,-0.2659936344686136,0.19072568261068445,1,final_v1,synthetic_sample,2026-05-23T18:18:53.541501+00:00
2026-03-26,SPY,-0.01578841139554288,0.04696683747236108,0.0944835253399845,0.25915358273289385,1.247412075999069,-0.14631761186504383,0.18750186740399166,1,final_v1,synthetic_sample,2026-05-23T18:18:53.541501+00:00
2026-03-27,SPY,-0.022734565052753952,0.005579114267111995,0.1191540321765514,0.2664758198139637,0.8539975793971737,-0.3352314529870609,0.18128898996313625,1,final_v1,synthetic_sample,2026-05-23T18:18:53.541501+00:00
2026-03-30,SPY,0.008127419892528964,0.03562971978762408,0.11512675403289352,0.25626701644536004,0.952114319983022,-0.5882166251929917,0.23860617722180488,1,final_v1,synthetic_sample,2026-05-23T18:18:53.541501+00:00
2026-03-31,SPY,0.003933672639723218,0.016538210796077202,0.10358598685851739,0.24543348376630725,0.9846235588700699,-0.17543656655516687,0.22378230185680192,1,final_v1,synthetic_sample,2026-05-23T18:18:53.541501+00:00
2026-04-01,SPY,0.014157005425189162,0.03487922130293253,0.120848741927295,0.2487861263551397,1.1697741008797486,1.9800762824934959,0.19221989385804727,1,final_v1,synthetic_sample,2026-05-23T18:18:53.541501+00:00
2026-04-02,SPY,0.059175976051808465,0.08950474140585696,0.2273795264860936,0.3156311358179446,2.0060464716955027,-0.7280350588403155,0.136798876066329,1,final_v1,synthetic_sample,2026-05-23T18:18:53.541501+00:00
2026-04-03,SPY,-0.004543290373718367,0.09163978873402723,0.24044785445529548,0.31490127328591316,1.8514042340877113,2.7937623182709874,0.1728013070642973,1,final_v1,synthetic_sample,2026-05-23T18:18:53.541501+00:00
2026-04-06,SPY,-0.00732348528795046,0.08975720006000554,0.22807361451461072,0.3156064962404762,1.6690035431042483,-0.7163493512088281,0.1958862495575966,1,final_v1,synthetic_sample,2026-05-23T18:18:53.541501+00:00
2026-04-07,SPY,0.030102985034880847,0.15879218124015915,0.32394638438842627,0.30045118257785686,2.062926659925223,0.14580340143925444,0.1535556823411819,1,final_v1,synthetic_sample,2026-05-23T18:18:53.541501+00:00
2026-04-08,SPY,0.02203694319790328,0.16576366121247244,0.3275155456633563,0.3032736038081357,2.3003392078958864,0.4525331415690884,0.13897351331704044,1,final_v1,synthetic_sample,2026-05-23T18:18:53.541501+00:00
2026-04-09,SPY,-0.004867472127016659,0.15112586483328405,0.317071028963154,0.30613874239554695,2.1265894617761147,-0.4493220623542769,0.10417880395805712,1,final_v1,synthetic_sample,2026-05-23T18:18:53.541501+00:00
2026-04-10,SPY,0.017739433477897082,0.14974234066494407,0.33495681220633755,0.3055874687972085,2.289099843986116,1.3552000080198243,0.09380520908423651,1,final_v1,synthetic_sample,2026-05-23T18:18:53.541501+00:00
2026-04-13,SPY,0.005179536618742597,0.11840698456847987,0.3424786480195634,0.2907597410742117,2.25915388886174,0.2444759864158823,0.12724381851370148,1,final_v1,synthetic_sample,2026-05-23T18:18:53.541501+00:00
2026-04-14,SPY,0.033448759465070976,0.1343177844612624,0.3723012319316965,0.3026882297908209,2.6041932621142165,-0.5134027852516251,0.08715240787408818,1,final_v1,synthetic_sample,2026-05-23T18:18:53.541501+00:00
2026-04-15,SPY,0.023284444328883103,0.15134760637680444,0.3439164570453428,0.3081343582129832,2.7406431740465567,1.344606900381468,0.05493016950318941,1,final_v1,synthetic_sample,2026-05-23T18:18:53.541501+00:00
2026-04-16,SPY,-0.010094410871821058,0.13354442608838202,0.2871717092669952,0.31345878570401026,2.424741266666968,-1.196427539760351,0.043843376654742805,1,final_v1,synthetic_sample,2026-05-23T18:18:53.541501+00:00
2026-04-17,SPY,0.020733538325800938,0.1484691042666948,0.29816573580305783,0.3172979102031098,2.5288520123109444,-0.7494634135503219,0.05344879607071373,1,final_v1,synthetic_sample,2026-05-23T18:18:53.541501+00:00
2026-04-20,SPY,-0.011900880096595068,0.14900065286060737,0.2763170162914441,0.31697012465657626,2.231111555657358,0.31589727553378455,0.030145286156304296,1,final_v1,synthetic_sample,2026-05-23T18:18:53.541501+00:00
2026-04-21,SPY,-0.0035556576457913547,0.15221482260928187,0.2990016809863303,0.31572129370315055,2.072873294020477,0.5713870873282519,0.036602351602376126,1,final_v1,synthetic_sample,2026-05-23T18:18:53.541501+00:00
2026-04-22,SPY,0.0010659389376010964,0.14091942213901687,0.2559890830440277,0.31598762346171316,1.9831872802016854,-0.03796435645823815,0.07267749413189906,1,final_v1,synthetic_sample,2026-05-23T18:18:53.541501+00:00
2026-04-23,SPY,0.02087058536566322,0.19072568261068445,0.2777033753084288,0.30275436235491476,2.1158861782952036,-0.5178372433866026,0.08000099804672467,1,final_v1,synthetic_sample,2026-05-23T18:18:53.541501+00:00
2026-04-24,SPY,-0.018453102627355222,0.18750186740399166,0.2772781562909401,0.3054444782071572,1.8119209458753744,-0.6226565636329449,,0,final_v1,synthetic_sample,2026-05-23T18:18:53.541501+00:00
2026-04-27,SPY,-0.027847508906715834,0.18128898996313625,0.23218091654242823,0.3121146309505401,1.4401617866535616,0.9304087571292875,,0,final_v1,synthetic_sample,2026-05-23T18:18:53.541501+00:00
2026-04-28,SPY,0.05704265451973223,0.23860617722180488,0.3044584726663988,0.35316773213654473,1.964310838242658,-0.20386581833478862,,0,final_v1,synthetic_sample,2026-05-23T18:18:53.541501+00:00
2026-04-29,SPY,-0.008081597356202064,0.22378230185680192,0.3343174198151866,0.3581431901658005,1.7933262702730268,-1.2204062133953464,,0,final_v1,synthetic_sample,2026-05-23T18:18:53.541501+00:00
2026-04-30,SPY,-0.011998984191148976,0.19221989385804727,0.32427538709130843,0.3652684132205128,1.5988927509194777,-1.154570951765951,,0,final_v1,synthetic_sample,2026-05-23T18:18:53.541501+00:00
2026-05-01,SPY,0.00993958021934871,0.136798876066329,0.32494058739537324,0.31849915841028414,1.6381768874670588,1.4256902848931055,,0,final_v1,synthetic_sample,2026-05-23T18:18:53.541501+00:00
2026-05-04,SPY,0.026982832896035536,0.1728013070642973,0.4249615667803712,0.3233867375369345,1.8468958139509402,-1.055344793371052,,0,final_v1,synthetic_sample,2026-05-23T18:18:53.541501+00:00
2026-05-05,SPY,0.012215954273161689,0.1958862495575966,0.48476903299877194,0.3191221222637936,1.903122267257473,0.013659931830705884,,0,final_v1,synthetic_sample,2026-05-23T18:18:53.541501+00:00
2026-05-06,SPY,-0.006359382237909106,0.1535556823411819,0.4698738568879888,0.3136100015259527,1.7710210437721299,1.4633999862882023,,0,final_v1,synthetic_sample,2026-05-23T18:18:53.541501+00:00
2026-05-07,SPY,0.009117310723481653,0.13897351331704044,0.498527760306257,0.30919566735227727,1.8059218634482428,0.2837729576971389,,0,final_v1,synthetic_sample,2026-05-23T18:18:53.541501+00:00
2026-05-08,SPY,-0.03526795701640728,0.10417880395805712,0.4477951710493253,0.3382116855742115,1.3913359637458438,-1.133971772357964,,0,final_v1,synthetic_sample,2026-05-23T18:18:53.541501+00:00
2026-05-11,SPY,0.00817792357373448,0.09380520908423651,0.40969916016381425,0.3354076852714787,1.43346039786806,-1.2544731329038936,,0,final_v1,synthetic_sample,2026-05-23T18:18:53.541501+00:00
2026-05-12,SPY,0.03590877949702942,0.12724381851370148,0.4535387027302027,0.3518399264616134,1.7509816263099625,2.13778141452216,,0,final_v1,synthetic_sample,2026-05-23T18:18:53.541501+00:00
2026-05-13,SPY,-0.0033067480038834196,0.08715240787408818,0.4505237629114678,0.3390945769305444,1.66123946478659,-1.1471713546441387,,0,final_v1,synthetic_sample,2026-05-23T18:18:53.541501+00:00
2026-05-14,SPY,-0.007044803941720801,0.05493016950318941,0.4428852186364969,0.33408939632260803,1.5400116103588515,-0.6761388021074223,,0,final_v1,synthetic_sample,2026-05-23T18:18:53.541501+00:00
2026-05-15,SPY,-0.020497827631958176,0.043843376654742805,0.41452938559929664,0.34068219043428527,1.2853010452304767,0.1969751866430231,,0,final_v1,synthetic_sample,2026-05-23T18:18:53.541501+00:00
2026-05-18,SPY,0.030126301614665785,0.05344879607071373,0.4303311195855164,0.34818678648807966,1.5631759848540585,-0.4600083276219784,,0,final_v1,synthetic_sample,2026-05-23T18:18:53.541501+00:00
2026-05-19,SPY,-0.03375877933476801,0.030145286156304296,0.3281113138037639,0.3665576866706011,1.1533750922716586,0.42365189429836336,,0,final_v1,synthetic_sample,2026-05-23T18:18:53.541501+00:00
2026-05-20,SPY,0.002690166529122795,0.036602351602376126,0.32802779733995346,0.36609503954822764,1.1487185961700719,-1.3824422339217122,,0,final_v1,synthetic_sample,2026-05-23T18:18:53.541501+00:00
2026-05-21,SPY,0.03590436697396493,0.07267749413189906,0.3737132061654971,0.3835813963659083,1.4941334221897684,-0.3052211583816696,,0,final_v1,synthetic_sample,2026-05-23T18:18:53.541501+00:00
2026-05-22,SPY,0.027840387351213636,0.08000099804672467,0.37652998529601556,0.3880370548328164,1.7425222808769176,0.6146085327389246,,0,final_v1,synthetic_sample,2026-05-23T18:18:53.541501+00:00
