date,symbol,strategy_name,model_name,signal,target_weight,score,confidence,horizon,reasoning,status,created_at
2021-04-30,AAPL,risk_balanced_blend,synthetic_factor_baseline,1.0,0.1540836163345959,0.2380007205080815,0.09520028820323259,21D,"Blend di z-score prezzo, momentum a 63 sedute e penalita' per volatilita' recente.",paper,2026-05-23T18:18:53.579192+00:00
2021-04-30,ASML.AS,risk_balanced_blend,synthetic_factor_baseline,1.0,0.09307098874634455,0.14375936200723802,0.057503744802895204,21D,"Blend di z-score prezzo, momentum a 63 sedute e penalita' per volatilita' recente.",paper,2026-05-23T18:18:53.579192+00:00
2021-04-30,ENEL.MI,risk_balanced_blend,synthetic_factor_baseline,1.0,0.10214711666400793,0.15777853572092243,0.06311141428836897,21D,"Blend di z-score prezzo, momentum a 63 sedute e penalita' per volatilita' recente.",paper,2026-05-23T18:18:53.579192+00:00
2021-04-30,ISP.MI,risk_balanced_blend,synthetic_factor_baseline,-1.0,0.0,-1.3180582196960948,0.527223287878438,21D,"Blend di z-score prezzo, momentum a 63 sedute e penalita' per volatilita' recente.",paper,2026-05-23T18:18:53.579192+00:00
2021-04-30,MSFT,risk_balanced_blend,synthetic_factor_baseline,1.0,0.32534913912752583,0.8844425765706796,0.3537770306282718,21D,"Blend di z-score prezzo, momentum a 63 sedute e penalita' per volatilita' recente.",paper,2026-05-23T18:18:53.579192+00:00
2021-04-30,NVDA,risk_balanced_blend,synthetic_factor_baseline,1.0,0.32534913912752583,0.5861826726061338,0.23447306904245352,21D,"Blend di z-score prezzo, momentum a 63 sedute e penalita' per volatilita' recente.",paper,2026-05-23T18:18:53.579192+00:00
2021-04-30,SAP.DE,risk_balanced_blend,synthetic_factor_baseline,-1.0,0.0,-0.07692353043289243,0.030769412173156974,21D,"Blend di z-score prezzo, momentum a 63 sedute e penalita' per volatilita' recente.",paper,2026-05-23T18:18:53.579192+00:00
2021-04-30,SPY,risk_balanced_blend,synthetic_factor_baseline,-1.0,0.0,-0.8155521229614672,0.3262208491845869,21D,"Blend di z-score prezzo, momentum a 63 sedute e penalita' per volatilita' recente.",paper,2026-05-23T18:18:53.579192+00:00
2021-05-31,AAPL,risk_balanced_blend,synthetic_factor_baseline,-1.0,0.0,-1.0192545292190456,0.4077018116876182,21D,"Blend di z-score prezzo, momentum a 63 sedute e penalita' per volatilita' recente.",paper,2026-05-23T18:18:53.582804+00:00
2021-05-31,ASML.AS,risk_balanced_blend,synthetic_factor_baseline,-1.0,0.0,-1.182881981562093,0.4731527926248372,21D,"Blend di z-score prezzo, momentum a 63 sedute e penalita' per volatilita' recente.",paper,2026-05-23T18:18:53.582804+00:00
2021-05-31,ENEL.MI,risk_balanced_blend,synthetic_factor_baseline,-1.0,0.0,-1.8085347386247408,0.7234138954498963,21D,"Blend di z-score prezzo, momentum a 63 sedute e penalita' per volatilita' recente.",paper,2026-05-23T18:18:53.582804+00:00
2021-05-31,ISP.MI,risk_balanced_blend,synthetic_factor_baseline,-1.0,0.0,-1.0965054158917438,0.4386021663566975,21D,"Blend di z-score prezzo, momentum a 63 sedute e penalita' per volatilita' recente.",paper,2026-05-23T18:18:53.582804+00:00
2021-05-31,MSFT,risk_balanced_blend,synthetic_factor_baseline,-1.0,0.0,-1.5281418055192246,0.6112567222076899,21D,"Blend di z-score prezzo, momentum a 63 sedute e penalita' per volatilita' recente.",paper,2026-05-23T18:18:53.582804+00:00
2021-05-31,NVDA,risk_balanced_blend,synthetic_factor_baseline,-1.0,0.0,-1.1651878642029536,0.46607514568118147,21D,"Blend di z-score prezzo, momentum a 63 sedute e penalita' per volatilita' recente.",paper,2026-05-23T18:18:53.582804+00:00
2021-05-31,SAP.DE,risk_balanced_blend,synthetic_factor_baseline,-1.0,0.0,-1.0728153207823787,0.4291261283129515,21D,"Blend di z-score prezzo, momentum a 63 sedute e penalita' per volatilita' recente.",paper,2026-05-23T18:18:53.582804+00:00
2021-05-31,SPY,risk_balanced_blend,synthetic_factor_baseline,-1.0,0.0,-0.8139419640018146,0.32557678560072584,21D,"Blend di z-score prezzo, momentum a 63 sedute e penalita' per volatilita' recente.",paper,2026-05-23T18:18:53.582804+00:00
2021-06-30,AAPL,risk_balanced_blend,synthetic_factor_baseline,-1.0,0.0,-0.8750013920200845,0.3500005568080338,21D,"Blend di z-score prezzo, momentum a 63 sedute e penalita' per volatilita' recente.",paper,2026-05-23T18:18:53.586799+00:00
2021-06-30,ASML.AS,risk_balanced_blend,synthetic_factor_baseline,1.0,0.41053729922722637,0.3759072841824123,0.15036291367296492,21D,"Blend di z-score prezzo, momentum a 63 sedute e penalita' per volatilita' recente.",paper,2026-05-23T18:18:53.586799+00:00
2021-06-30,ENEL.MI,risk_balanced_blend,synthetic_factor_baseline,-1.0,0.0,-0.822284138999459,0.3289136555997836,21D,"Blend di z-score prezzo, momentum a 63 sedute e penalita' per volatilita' recente.",paper,2026-05-23T18:18:53.586799+00:00
2021-06-30,ISP.MI,risk_balanced_blend,synthetic_factor_baseline,-1.0,0.0,-1.2670972207441318,0.5068388882976527,21D,"Blend di z-score prezzo, momentum a 63 sedute e penalita' per volatilita' recente.",paper,2026-05-23T18:18:53.586799+00:00
2021-06-30,MSFT,risk_balanced_blend,synthetic_factor_baseline,1.0,0.41053729922722637,0.8715420785121482,0.3486168314048593,21D,"Blend di z-score prezzo, momentum a 63 sedute e penalita' per volatilita' recente.",paper,2026-05-23T18:18:53.586799+00:00
2021-06-30,NVDA,risk_balanced_blend,synthetic_factor_baseline,1.0,0.08909923567247305,0.0759602086218111,0.030384083448724442,21D,"Blend di z-score prezzo, momentum a 63 sedute e penalita' per volatilita' recente.",paper,2026-05-23T18:18:53.586799+00:00
2021-06-30,SAP.DE,risk_balanced_blend,synthetic_factor_baseline,1.0,0.08982616587307414,0.07657994199297193,0.03063197679718877,21D,"Blend di z-score prezzo, momentum a 63 sedute e penalita' per volatilita' recente.",paper,2026-05-23T18:18:53.586799+00:00
2021-06-30,SPY,risk_balanced_blend,synthetic_factor_baseline,-1.0,0.0,-0.313363434951617,0.1253453739806468,21D,"Blend di z-score prezzo, momentum a 63 sedute e penalita' per volatilita' recente.",paper,2026-05-23T18:18:53.586799+00:00
2021-07-30,AAPL,risk_balanced_blend,synthetic_factor_baseline,-1.0,0.0,-1.1984973574085456,0.47939894296341823,21D,"Blend di z-score prezzo, momentum a 63 sedute e penalita' per volatilita' recente.",paper,2026-05-23T18:18:53.590720+00:00
2021-07-30,ASML.AS,risk_balanced_blend,synthetic_factor_baseline,1.0,0.2747941732824505,1.512496426412452,0.6049985705649809,21D,"Blend di z-score prezzo, momentum a 63 sedute e penalita' per volatilita' recente.",paper,2026-05-23T18:18:53.590720+00:00
2021-07-30,ENEL.MI,risk_balanced_blend,synthetic_factor_baseline,-1.0,0.0,-1.1831075798506694,0.47324303194026773,21D,"Blend di z-score prezzo, momentum a 63 sedute e penalita' per volatilita' recente.",paper,2026-05-23T18:18:53.590720+00:00
2021-07-30,ISP.MI,risk_balanced_blend,synthetic_factor_baseline,-1.0,0.0,-0.5680196056467385,0.2272078422586954,21D,"Blend di z-score prezzo, momentum a 63 sedute e penalita' per volatilita' recente.",paper,2026-05-23T18:18:53.590720+00:00
2021-07-30,MSFT,risk_balanced_blend,synthetic_factor_baseline,1.0,0.2747941732824505,1.2310029458100964,0.49240117832403857,21D,"Blend di z-score prezzo, momentum a 63 sedute e penalita' per volatilita' recente.",paper,2026-05-23T18:18:53.590720+00:00
2021-07-30,NVDA,risk_balanced_blend,synthetic_factor_baseline,1.0,0.1415761987488839,0.59869781604138,0.23947912641655197,21D,"Blend di z-score prezzo, momentum a 63 sedute e penalita' per volatilita' recente.",paper,2026-05-23T18:18:53.590720+00:00
2021-07-30,SAP.DE,risk_balanced_blend,synthetic_factor_baseline,1.0,0.2673597560734688,1.1306116668837578,0.4522446667535031,21D,"Blend di z-score prezzo, momentum a 63 sedute e penalita' per volatilita' recente.",paper,2026-05-23T18:18:53.590720+00:00
2021-07-30,SPY,risk_balanced_blend,synthetic_factor_baseline,1.0,0.04147569861274633,0.17539254760106682,0.07015701904042673,21D,"Blend di z-score prezzo, momentum a 63 sedute e penalita' per volatilita' recente.",paper,2026-05-23T18:18:53.590720+00:00
2021-08-31,AAPL,risk_balanced_blend,synthetic_factor_baseline,-1.0,0.0,-1.6779043096302655,0.6711617238521062,21D,"Blend di z-score prezzo, momentum a 63 sedute e penalita' per volatilita' recente.",paper,2026-05-23T18:18:53.596095+00:00
2021-08-31,ASML.AS,risk_balanced_blend,synthetic_factor_baseline,1.0,0.3008134234188877,1.397524958586229,0.5590099834344916,21D,"Blend di z-score prezzo, momentum a 63 sedute e penalita' per volatilita' recente.",paper,2026-05-23T18:18:53.596095+00:00
2021-08-31,ENEL.MI,risk_balanced_blend,synthetic_factor_baseline,-1.0,0.0,-0.5962336653764426,0.23849346615057704,21D,"Blend di z-score prezzo, momentum a 63 sedute e penalita' per volatilita' recente.",paper,2026-05-23T18:18:53.596095+00:00
2021-08-31,ISP.MI,risk_balanced_blend,synthetic_factor_baseline,-1.0,0.0,-0.31177592156410844,0.12471036862564337,21D,"Blend di z-score prezzo, momentum a 63 sedute e penalita' per volatilita' recente.",paper,2026-05-23T18:18:53.596095+00:00
2021-08-31,MSFT,risk_balanced_blend,synthetic_factor_baseline,1.0,0.2907200061044394,0.806020568913991,0.3224082275655964,21D,"Blend di z-score prezzo, momentum a 63 sedute e penalita' per volatilita' recente.",paper,2026-05-23T18:18:53.596095+00:00
2021-08-31,NVDA,risk_balanced_blend,synthetic_factor_baseline,1.0,0.21790919874495504,0.6041527678040268,0.24166110712161074,21D,"Blend di z-score prezzo, momentum a 63 sedute e penalita' per volatilita' recente.",paper,2026-05-23T18:18:53.596095+00:00
2021-08-31,SAP.DE,risk_balanced_blend,synthetic_factor_baseline,1.0,0.1404663140027079,0.3894425424751842,0.15577701699007368,21D,"Blend di z-score prezzo, momentum a 63 sedute e penalita' per volatilita' recente.",paper,2026-05-23T18:18:53.596095+00:00
2021-08-31,SPY,risk_balanced_blend,synthetic_factor_baseline,1.0,0.05009105772900991,0.13887734590145775,0.0555509383605831,21D,"Blend di z-score prezzo, momentum a 63 sedute e penalita' per volatilita' recente.",paper,2026-05-23T18:18:53.596095+00:00
2021-09-30,AAPL,risk_balanced_blend,synthetic_factor_baseline,-1.0,0.0,-0.7995662591402082,0.3198265036560833,21D,"Blend di z-score prezzo, momentum a 63 sedute e penalita' per volatilita' recente.",paper,2026-05-23T18:18:53.600732+00:00
2021-09-30,ASML.AS,risk_balanced_blend,synthetic_factor_baseline,1.0,0.35375679705028756,1.5529554597539685,0.6211821839015874,21D,"Blend di z-score prezzo, momentum a 63 sedute e penalita' per volatilita' recente.",paper,2026-05-23T18:18:53.600732+00:00
2021-09-30,ENEL.MI,risk_balanced_blend,synthetic_factor_baseline,-1.0,0.0,-0.10337361664098409,0.04134944665639363,21D,"Blend di z-score prezzo, momentum a 63 sedute e penalita' per volatilita' recente.",paper,2026-05-23T18:18:53.600732+00:00
2021-09-30,ISP.MI,risk_balanced_blend,synthetic_factor_baseline,1.0,0.29248640589942493,0.8991729918379037,0.35966919673516146,21D,"Blend di z-score prezzo, momentum a 63 sedute e penalita' per volatilita' recente.",paper,2026-05-23T18:18:53.600732+00:00
2021-09-30,MSFT,risk_balanced_blend,synthetic_factor_baseline,-1.0,0.0,-0.37409168578837443,0.14963667431534977,21D,"Blend di z-score prezzo, momentum a 63 sedute e penalita' per volatilita' recente.",paper,2026-05-23T18:18:53.600732+00:00
2021-09-30,NVDA,risk_balanced_blend,synthetic_factor_baseline,-1.0,0.0,-0.581844333830913,0.2327377335323652,21D,"Blend di z-score prezzo, momentum a 63 sedute e penalita' per volatilita' recente.",paper,2026-05-23T18:18:53.600732+00:00
2021-09-30,SAP.DE,risk_balanced_blend,synthetic_factor_baseline,1.0,0.35375679705028756,1.8980027158180741,0.7592010863272296,21D,"Blend di z-score prezzo, momentum a 63 sedute e penalita' per volatilita' recente.",paper,2026-05-23T18:18:53.600732+00:00
2021-09-30,SPY,risk_balanced_blend,synthetic_factor_baseline,-1.0,0.0,-0.02046409371175475,0.008185637484701901,21D,"Blend di z-score prezzo, momentum a 63 sedute e penalita' per volatilita' recente.",paper,2026-05-23T18:18:53.600732+00:00
2021-10-29,AAPL,risk_balanced_blend,synthetic_factor_baseline,-1.0,0.0,-0.6161147192565235,0.2464458877026094,21D,"Blend di z-score prezzo, momentum a 63 sedute e penalita' per volatilita' recente.",paper,2026-05-23T18:18:53.604839+00:00
2021-10-29,ASML.AS,risk_balanced_blend,synthetic_factor_baseline,-1.0,0.0,-0.14214922952177542,0.056859691808710165,21D,"Blend di z-score prezzo, momentum a 63 sedute e penalita' per volatilita' recente.",paper,2026-05-23T18:18:53.604839+00:00
2021-10-29,ENEL.MI,risk_balanced_blend,synthetic_factor_baseline,-1.0,0.0,-0.7894762000712511,0.3157904800285004,21D,"Blend di z-score prezzo, momentum a 63 sedute e penalita' per volatilita' recente.",paper,2026-05-23T18:18:53.604839+00:00
2021-10-29,ISP.MI,risk_balanced_blend,synthetic_factor_baseline,1.0,0.47084564415152136,1.6703827824073314,0.6681531129629326,21D,"Blend di z-score prezzo, momentum a 63 sedute e penalita' per volatilita' recente.",paper,2026-05-23T18:18:53.604839+00:00
2021-10-29,MSFT,risk_balanced_blend,synthetic_factor_baseline,1.0,0.05830871169695731,0.08710785461142294,0.03484314184456917,21D,"Blend di z-score prezzo, momentum a 63 sedute e penalita' per volatilita' recente.",paper,2026-05-23T18:18:53.604839+00:00
2021-10-29,NVDA,risk_balanced_blend,synthetic_factor_baseline,-1.0,0.0,-0.38247159041587,0.152988636166348,21D,"Blend di z-score prezzo, momentum a 63 sedute e penalita' per volatilita' recente.",paper,2026-05-23T18:18:53.604839+00:00
2021-10-29,SAP.DE,risk_balanced_blend,synthetic_factor_baseline,1.0,0.47084564415152136,1.056109781960335,0.42244391278413396,21D,"Blend di z-score prezzo, momentum a 63 sedute e penalita' per volatilita' recente.",paper,2026-05-23T18:18:53.604839+00:00
2021-10-29,SPY,risk_balanced_blend,synthetic_factor_baseline,-1.0,0.0,-1.7859297299385313,0.7143718919754125,21D,"Blend di z-score prezzo, momentum a 63 sedute e penalita' per volatilita' recente.",paper,2026-05-23T18:18:53.604839+00:00
2021-11-30,AAPL,risk_balanced_blend,synthetic_factor_baseline,1.0,0.22326564296043316,0.3417557872402677,0.1367023148961071,21D,"Blend di z-score prezzo, momentum a 63 sedute e penalita' per volatilita' recente.",paper,2026-05-23T18:18:53.608737+00:00
2021-11-30,ASML.AS,risk_balanced_blend,synthetic_factor_baseline,-1.0,0.0,-1.3614953938545624,0.544598157541825,21D,"Blend di z-score prezzo, momentum a 63 sedute e penalita' per volatilita' recente.",paper,2026-05-23T18:18:53.608737+00:00
2021-11-30,ENEL.MI,risk_balanced_blend,synthetic_factor_baseline,-1.0,0.0,-1.0303892805452222,0.4121557122180889,21D,"Blend di z-score prezzo, momentum a 63 sedute e penalita' per volatilita' recente.",paper,2026-05-23T18:18:53.608737+00:00
2021-11-30,ISP.MI,risk_balanced_blend,synthetic_factor_baseline,1.0,0.3883671785197834,1.1827814715568092,0.4731125886227237,21D,"Blend di z-score prezzo, momentum a 63 sedute e penalita' per volatilita' recente.",paper,2026-05-23T18:18:53.608737+00:00
2021-11-30,MSFT,risk_balanced_blend,synthetic_factor_baseline,-1.0,0.0,-0.1758677341006287,0.07034709364025148,21D,"Blend di z-score prezzo, momentum a 63 sedute e penalita' per volatilita' recente.",paper,2026-05-23T18:18:53.608737+00:00
2021-11-30,NVDA,risk_balanced_blend,synthetic_factor_baseline,1.0,0.3883671785197834,0.8533786457441666,0.3413514582976666,21D,"Blend di z-score prezzo, momentum a 63 sedute e penalita' per volatilita' recente.",paper,2026-05-23T18:18:53.608737+00:00
2021-11-30,SAP.DE,risk_balanced_blend,synthetic_factor_baseline,-1.0,0.0,-0.16006665840841156,0.06402666336336463,21D,"Blend di z-score prezzo, momentum a 63 sedute e penalita' per volatilita' recente.",paper,2026-05-23T18:18:53.608737+00:00
2021-11-30,SPY,risk_balanced_blend,synthetic_factor_baseline,-1.0,0.0,-1.1393896526854035,0.4557558610741614,21D,"Blend di z-score prezzo, momentum a 63 sedute e penalita' per volatilita' recente.",paper,2026-05-23T18:18:53.608737+00:00
2021-12-31,AAPL,risk_balanced_blend,synthetic_factor_baseline,1.0,0.06694326627748093,0.09636814496100571,0.03854725798440228,21D,"Blend di z-score prezzo, momentum a 63 sedute e penalita' per volatilita' recente.",paper,2026-05-23T18:18:53.612756+00:00
2021-12-31,ASML.AS,risk_balanced_blend,synthetic_factor_baseline,-1.0,0.0,-1.4108601256485098,0.5643440502594039,21D,"Blend di z-score prezzo, momentum a 63 sedute e penalita' per volatilita' recente.",paper,2026-05-23T18:18:53.612756+00:00
2021-12-31,ENEL.MI,risk_balanced_blend,synthetic_factor_baseline,-1.0,0.0,-0.010329029416232344,0.004131611766492937,21D,"Blend di z-score prezzo, momentum a 63 sedute e penalita' per volatilita' recente.",paper,2026-05-23T18:18:53.612756+00:00
2021-12-31,ISP.MI,risk_balanced_blend,synthetic_factor_baseline,1.0,0.3110189112408397,0.5200341977448646,0.20801367909794583,21D,"Blend di z-score prezzo, momentum a 63 sedute e penalita' per volatilita' recente.",paper,2026-05-23T18:18:53.612756+00:00
2021-12-31,MSFT,risk_balanced_blend,synthetic_factor_baseline,1.0,0.3110189112408397,0.6869881844399677,0.27479527377598706,21D,"Blend di z-score prezzo, momentum a 63 sedute e penalita' per volatilita' recente.",paper,2026-05-23T18:18:53.612756+00:00
2021-12-31,NVDA,risk_balanced_blend,synthetic_factor_baseline,1.0,0.3110189112408397,0.48751793554169653,0.19500717421667862,21D,"Blend di z-score prezzo, momentum a 63 sedute e penalita' per volatilita' recente.",paper,2026-05-23T18:18:53.612756+00:00
2021-12-31,SAP.DE,risk_balanced_blend,synthetic_factor_baseline,-1.0,0.0,-0.5139058833588552,0.2055623533435421,21D,"Blend di z-score prezzo, momentum a 63 sedute e penalita' per volatilita' recente.",paper,2026-05-23T18:18:53.612756+00:00
2021-12-31,SPY,risk_balanced_blend,synthetic_factor_baseline,-1.0,0.0,-0.767919724490401,0.3071678897961604,21D,"Blend di z-score prezzo, momentum a 63 sedute e penalita' per volatilita' recente.",paper,2026-05-23T18:18:53.612756+00:00
2022-01-31,AAPL,risk_balanced_blend,synthetic_factor_baseline,-1.0,0.0,-0.3252398087476284,0.13009592349905136,21D,"Blend di z-score prezzo, momentum a 63 sedute e penalita' per volatilita' recente.",paper,2026-05-23T18:18:53.616692+00:00
2022-01-31,ASML.AS,risk_balanced_blend,synthetic_factor_baseline,1.0,0.05974349225063634,0.11849849412964464,0.047399397651857855,21D,"Blend di z-score prezzo, momentum a 63 sedute e penalita' per volatilita' recente.",paper,2026-05-23T18:18:53.616692+00:00
2022-01-31,ENEL.MI,risk_balanced_blend,synthetic_factor_baseline,1.0,0.3515645035352641,1.053591780478362,0.4214367121913448,21D,"Blend di z-score prezzo, momentum a 63 sedute e penalita' per volatilita' recente.",paper,2026-05-23T18:18:53.616692+00:00
2022-01-31,ISP.MI,risk_balanced_blend,synthetic_factor_baseline,-1.0,0.0,-0.8136994600242231,0.32547978400968924,21D,"Blend di z-score prezzo, momentum a 63 sedute e penalita' per volatilita' recente.",paper,2026-05-23T18:18:53.616692+00:00
2022-01-31,MSFT,risk_balanced_blend,synthetic_factor_baseline,1.0,0.3515645035352641,1.1468268168985711,0.45873072675942844,21D,"Blend di z-score prezzo, momentum a 63 sedute e penalita' per volatilita' recente.",paper,2026-05-23T18:18:53.616692+00:00
2022-01-31,NVDA,risk_balanced_blend,synthetic_factor_baseline,-1.0,0.0,-2.088096986088811,0.8352387944355243,21D,"Blend di z-score prezzo, momentum a 63 sedute e penalita' per volatilita' recente.",paper,2026-05-23T18:18:53.616692+00:00
2022-01-31,SAP.DE,risk_balanced_blend,synthetic_factor_baseline,1.0,0.23712750067883542,0.47033159074943415,0.18813263629977367,21D,"Blend di z-score prezzo, momentum a 63 sedute e penalita' per volatilita' recente.",paper,2026-05-23T18:18:53.616692+00:00
2022-01-31,SPY,risk_balanced_blend,synthetic_factor_baseline,-1.0,0.0,-0.3844330462183886,0.15377321848735542,21D,"Blend di z-score prezzo, momentum a 63 sedute e penalita' per volatilita' recente.",paper,2026-05-23T18:18:53.616692+00:00
2022-02-28,AAPL,risk_balanced_blend,synthetic_factor_baseline,-1.0,0.0,-1.2021016643985216,0.48084066575940865,21D,"Blend di z-score prezzo, momentum a 63 sedute e penalita' per volatilita' recente.",paper,2026-05-23T18:18:53.620718+00:00
2022-02-28,ASML.AS,risk_balanced_blend,synthetic_factor_baseline,-1.0,0.0,-0.2649032064370694,0.10596128257482776,21D,"Blend di z-score prezzo, momentum a 63 sedute e penalita' per volatilita' recente.",paper,2026-05-23T18:18:53.620718+00:00
2022-02-28,ENEL.MI,risk_balanced_blend,synthetic_factor_baseline,-1.0,0.0,-0.35022108582668976,0.14008843433067591,21D,"Blend di z-score prezzo, momentum a 63 sedute e penalita' per volatilita' recente.",paper,2026-05-23T18:18:53.620718+00:00
2022-02-28,ISP.MI,risk_balanced_blend,synthetic_factor_baseline,-1.0,0.0,-1.1428826432171342,0.4571530572868537,21D,"Blend di z-score prezzo, momentum a 63 sedute e penalita' per volatilita' recente.",paper,2026-05-23T18:18:53.620718+00:00
2022-02-28,MSFT,risk_balanced_blend,synthetic_factor_baseline,-1.0,0.0,-0.06713998679651541,0.026855994718606162,21D,"Blend di z-score prezzo, momentum a 63 sedute e penalita' per volatilita' recente.",paper,2026-05-23T18:18:53.620718+00:00
2022-02-28,NVDA,risk_balanced_blend,synthetic_factor_baseline,-1.0,0.0,-1.4199527970962131,0.5679811188384852,21D,"Blend di z-score prezzo, momentum a 63 sedute e penalita' per volatilita' recente.",paper,2026-05-23T18:18:53.620718+00:00
2022-02-28,SAP.DE,risk_balanced_blend,synthetic_factor_baseline,1.0,0.6459806285976639,0.4915462773439143,0.19661851093756572,21D,"Blend di z-score prezzo, momentum a 63 sedute e penalita' per volatilita' recente.",paper,2026-05-23T18:18:53.620718+00:00
2022-02-28,SPY,risk_balanced_blend,synthetic_factor_baseline,1.0,0.35401937140233614,0.07803787562147155,0.03121515024858862,21D,"Blend di z-score prezzo, momentum a 63 sedute e penalita' per volatilita' recente.",paper,2026-05-23T18:18:53.620718+00:00
2022-03-31,AAPL,risk_balanced_blend,synthetic_factor_baseline,-1.0,0.0,-0.38565484240319814,0.15426193696127927,21D,"Blend di z-score prezzo, momentum a 63 sedute e penalita' per volatilita' recente.",paper,2026-05-23T18:18:53.624711+00:00
2022-03-31,ASML.AS,risk_balanced_blend,synthetic_factor_baseline,1.0,0.10068806799495611,0.3550406458290585,0.1420162583316234,21D,"Blend di z-score prezzo, momentum a 63 sedute e penalita' per volatilita' recente.",paper,2026-05-23T18:18:53.624711+00:00
2022-03-31,ENEL.MI,risk_balanced_blend,synthetic_factor_baseline,-1.0,0.0,-0.5149449310796509,0.20597797243186036,21D,"Blend di z-score prezzo, momentum a 63 sedute e penalita' per volatilita' recente.",paper,2026-05-23T18:18:53.624711+00:00
2022-03-31,ISP.MI,risk_balanced_blend,synthetic_factor_baseline,-1.0,0.0,-0.060485019506489324,0.02419400780259573,21D,"Blend di z-score prezzo, momentum a 63 sedute e penalita' per volatilita' recente.",paper,2026-05-23T18:18:53.624711+00:00
2022-03-31,MSFT,risk_balanced_blend,synthetic_factor_baseline,1.0,0.30786640844985763,1.3829994363446072,0.5531997745378429,21D,"Blend di z-score prezzo, momentum a 63 sedute e penalita' per volatilita' recente.",paper,2026-05-23T18:18:53.624711+00:00
2022-03-31,NVDA,risk_balanced_blend,synthetic_factor_baseline,-1.0,0.0,-0.8662279194280509,0.34649116777122035,21D,"Blend di z-score prezzo, momentum a 63 sedute e penalita' per volatilita' recente.",paper,2026-05-23T18:18:53.624711+00:00
2022-03-31,SAP.DE,risk_balanced_blend,synthetic_factor_baseline,1.0,0.30786640844985763,1.6043444572403835,0.6417377828961535,21D,"Blend di z-score prezzo, momentum a 63 sedute e penalita' per volatilita' recente.",paper,2026-05-23T18:18:53.624711+00:00
2022-03-31,SPY,risk_balanced_blend,synthetic_factor_baseline,1.0,0.2835791151053286,0.999940848757495,0.399976339502998,21D,"Blend di z-score prezzo, momentum a 63 sedute e penalita' per volatilita' recente.",paper,2026-05-23T18:18:53.624711+00:00
2022-04-29,AAPL,risk_balanced_blend,synthetic_factor_baseline,-1.0,0.0,-0.48693797587077614,0.19477519034831045,21D,"Blend di z-score prezzo, momentum a 63 sedute e penalita' per volatilita' recente.",paper,2026-05-23T18:18:53.629525+00:00
2022-04-29,ASML.AS,risk_balanced_blend,synthetic_factor_baseline,1.0,0.28288644148701075,1.989547897165271,0.7958191588661083,21D,"Blend di z-score prezzo, momentum a 63 sedute e penalita' per volatilita' recente.",paper,2026-05-23T18:18:53.629525+00:00
2022-04-29,ENEL.MI,risk_balanced_blend,synthetic_factor_baseline,1.0,0.09685677906319747,0.4649764126780235,0.1859905650712094,21D,"Blend di z-score prezzo, momentum a 63 sedute e penalita' per volatilita' recente.",paper,2026-05-23T18:18:53.629525+00:00
2022-04-29,ISP.MI,risk_balanced_blend,synthetic_factor_baseline,-1.0,0.0,-1.067137792780621,0.4268551171122484,21D,"Blend di z-score prezzo, momentum a 63 sedute e penalita' per volatilita' recente.",paper,2026-05-23T18:18:53.629525+00:00
2022-04-29,MSFT,risk_balanced_blend,synthetic_factor_baseline,1.0,0.20768163542306928,0.9970088077687929,0.39880352310751715,21D,"Blend di z-score prezzo, momentum a 63 sedute e penalita' per volatilita' recente.",paper,2026-05-23T18:18:53.629525+00:00
2022-04-29,NVDA,risk_balanced_blend,synthetic_factor_baseline,-1.0,0.0,-0.7746668659241258,0.30986674636965034,21D,"Blend di z-score prezzo, momentum a 63 sedute e penalita' per volatilita' recente.",paper,2026-05-23T18:18:53.629525+00:00
2022-04-29,SAP.DE,risk_balanced_blend,synthetic_factor_baseline,1.0,0.19243351424562055,0.9238077705905507,0.3695231082362203,21D,"Blend di z-score prezzo, momentum a 63 sedute e penalita' per volatilita' recente.",paper,2026-05-23T18:18:53.629525+00:00
2022-04-29,SPY,risk_balanced_blend,synthetic_factor_baseline,1.0,0.22014162978110197,1.056824997555635,0.422729999022254,21D,"Blend di z-score prezzo, momentum a 63 sedute e penalita' per volatilita' recente.",paper,2026-05-23T18:18:53.629525+00:00
2022-05-31,AAPL,risk_balanced_blend,synthetic_factor_baseline,-1.0,0.0,-0.15920485135805754,0.06368194054322301,21D,"Blend di z-score prezzo, momentum a 63 sedute e penalita' per volatilita' recente.",paper,2026-05-23T18:18:53.633418+00:00
2022-05-31,ASML.AS,risk_balanced_blend,synthetic_factor_baseline,1.0,0.18970759876943522,1.4850447865638563,0.5940179146255425,21D,"Blend di z-score prezzo, momentum a 63 sedute e penalita' per volatilita' recente.",paper,2026-05-23T18:18:53.633418+00:00
2022-05-31,ENEL.MI,risk_balanced_blend,synthetic_factor_baseline,1.0,0.2178711388302923,1.705511012534013,0.6822044050136051,21D,"Blend di z-score prezzo, momentum a 63 sedute e penalita' per volatilita' recente.",paper,2026-05-23T18:18:53.633418+00:00
2022-05-31,ISP.MI,risk_balanced_blend,synthetic_factor_baseline,-1.0,0.0,-0.7149916364538862,0.2859966545815545,21D,"Blend di z-score prezzo, momentum a 63 sedute e penalita' per volatilita' recente.",paper,2026-05-23T18:18:53.633418+00:00
2022-05-31,MSFT,risk_balanced_blend,synthetic_factor_baseline,-1.0,0.0,-0.9244681416759303,0.3697872566703721,21D,"Blend di z-score prezzo, momentum a 63 sedute e penalita' per volatilita' recente.",paper,2026-05-23T18:18:53.633418+00:00
2022-05-31,NVDA,risk_balanced_blend,synthetic_factor_baseline,1.0,0.1568443676370981,1.2277890394072317,0.4911156157628927,21D,"Blend di z-score prezzo, momentum a 63 sedute e penalita' per volatilita' recente.",paper,2026-05-23T18:18:53.633418+00:00
2022-05-31,SAP.DE,risk_balanced_blend,synthetic_factor_baseline,1.0,0.22312250533588907,1.746619088868639,0.6986476355474556,21D,"Blend di z-score prezzo, momentum a 63 sedute e penalita' per volatilita' recente.",paper,2026-05-23T18:18:53.633418+00:00
2022-05-31,SPY,risk_balanced_blend,synthetic_factor_baseline,1.0,0.2124543894272853,1.663108306932141,0.6652433227728565,21D,"Blend di z-score prezzo, momentum a 63 sedute e penalita' per volatilita' recente.",paper,2026-05-23T18:18:53.633418+00:00
2022-06-30,AAPL,risk_balanced_blend,synthetic_factor_baseline,1.0,0.12656003122730214,0.21641489097437427,0.0865659563897497,21D,"Blend di z-score prezzo, momentum a 63 sedute e penalita' per volatilita' recente.",paper,2026-05-23T18:18:53.638348+00:00
2022-06-30,ASML.AS,risk_balanced_blend,synthetic_factor_baseline,1.0,0.06131725777812229,0.1048511724295251,0.041940468971810044,21D,"Blend di z-score prezzo, momentum a 63 sedute e penalita' per volatilita' recente.",paper,2026-05-23T18:18:53.638348+00:00
2022-06-30,ENEL.MI,risk_balanced_blend,synthetic_factor_baseline,1.0,0.40606135549728783,1.2743122171873014,0.5097248868749206,21D,"Blend di z-score prezzo, momentum a 63 sedute e penalita' per volatilita' recente.",paper,2026-05-23T18:18:53.638348+00:00
2022-06-30,ISP.MI,risk_balanced_blend,synthetic_factor_baseline,-1.0,0.0,-0.4694323569026456,0.18777294276105824,21D,"Blend di z-score prezzo, momentum a 63 sedute e penalita' per volatilita' recente.",paper,2026-05-23T18:18:53.638348+00:00
2022-06-30,MSFT,risk_balanced_blend,synthetic_factor_baseline,-1.0,0.0,-1.346905188912126,0.5387620755648503,21D,"Blend di z-score prezzo, momentum a 63 sedute e penalita' per volatilita' recente.",paper,2026-05-23T18:18:53.638348+00:00
2022-06-30,NVDA,risk_balanced_blend,synthetic_factor_baseline,1.0,0.40606135549728783,1.1818459386245344,0.47273837544981373,21D,"Blend di z-score prezzo, momentum a 63 sedute e penalita' per volatilita' recente.",paper,2026-05-23T18:18:53.638348+00:00
2022-06-30,SAP.DE,risk_balanced_blend,synthetic_factor_baseline,-1.0,0.0,-0.12876421673453425,0.0515056866938137,21D,"Blend di z-score prezzo, momentum a 63 sedute e penalita' per volatilita' recente.",paper,2026-05-23T18:18:53.638348+00:00
2022-06-30,SPY,risk_balanced_blend,synthetic_factor_baseline,-1.0,0.0,-0.39634663163849587,0.15853865265539835,21D,"Blend di z-score prezzo, momentum a 63 sedute e penalita' per volatilita' recente.",paper,2026-05-23T18:18:53.638348+00:00
2022-07-29,AAPL,risk_balanced_blend,synthetic_factor_baseline,-1.0,0.0,-1.3983248824992918,0.5593299529997167,21D,"Blend di z-score prezzo, momentum a 63 sedute e penalita' per volatilita' recente.",paper,2026-05-23T18:18:53.642783+00:00
2022-07-29,ASML.AS,risk_balanced_blend,synthetic_factor_baseline,-1.0,0.0,-0.5025121821795756,0.20100487287183025,21D,"Blend di z-score prezzo, momentum a 63 sedute e penalita' per volatilita' recente.",paper,2026-05-23T18:18:53.642783+00:00
2022-07-29,ENEL.MI,risk_balanced_blend,synthetic_factor_baseline,1.0,1.0,1.5297140080256606,0.6118856032102642,21D,"Blend di z-score prezzo, momentum a 63 sedute e penalita' per volatilita' recente.",paper,2026-05-23T18:18:53.642783+00:00
2022-07-29,ISP.MI,risk_balanced_blend,synthetic_factor_baseline,-1.0,0.0,-1.5111653836240542,0.6044661534496216,21D,"Blend di z-score prezzo, momentum a 63 sedute e penalita' per volatilita' recente.",paper,2026-05-23T18:18:53.642783+00:00
2022-07-29,MSFT,risk_balanced_blend,synthetic_factor_baseline,-1.0,0.0,-1.1850035390354756,0.47400141561419024,21D,"Blend di z-score prezzo, momentum a 63 sedute e penalita' per volatilita' recente.",paper,2026-05-23T18:18:53.642783+00:00
2022-07-29,NVDA,risk_balanced_blend,synthetic_factor_baseline,-1.0,0.0,-0.07665060509164365,0.03066024203665746,21D,"Blend di z-score prezzo, momentum a 63 sedute e penalita' per volatilita' recente.",paper,2026-05-23T18:18:53.642783+00:00
2022-07-29,SAP.DE,risk_balanced_blend,synthetic_factor_baseline,-1.0,0.0,-1.601158316423111,0.6404633265692443,21D,"Blend di z-score prezzo, momentum a 63 sedute e penalita' per volatilita' recente.",paper,2026-05-23T18:18:53.642783+00:00
2022-07-29,SPY,risk_balanced_blend,synthetic_factor_baseline,-1.0,0.0,-0.04508752385044629,0.018035009540178514,21D,"Blend di z-score prezzo, momentum a 63 sedute e penalita' per volatilita' recente.",paper,2026-05-23T18:18:53.642783+00:00
2022-08-31,AAPL,risk_balanced_blend,synthetic_factor_baseline,-1.0,0.0,-0.5111220657379724,0.20444882629518896,21D,"Blend di z-score prezzo, momentum a 63 sedute e penalita' per volatilita' recente.",paper,2026-05-23T18:18:53.647705+00:00
2022-08-31,ASML.AS,risk_balanced_blend,synthetic_factor_baseline,1.0,0.31092710413772273,0.3047818924748826,0.12191275698995303,21D,"Blend di z-score prezzo, momentum a 63 sedute e penalita' per volatilita' recente.",paper,2026-05-23T18:18:53.647705+00:00
2022-08-31,ENEL.MI,risk_balanced_blend,synthetic_factor_baseline,1.0,0.39007102197663773,0.931572143627191,0.37262885745087637,21D,"Blend di z-score prezzo, momentum a 63 sedute e penalita' per volatilita' recente.",paper,2026-05-23T18:18:53.647705+00:00
2022-08-31,ISP.MI,risk_balanced_blend,synthetic_factor_baseline,-1.0,0.0,-0.5935667308149404,0.23742669232597616,21D,"Blend di z-score prezzo, momentum a 63 sedute e penalita' per volatilita' recente.",paper,2026-05-23T18:18:53.647705+00:00
2022-08-31,MSFT,risk_balanced_blend,synthetic_factor_baseline,-1.0,0.0,-0.8115415632659422,0.32461662530637686,21D,"Blend di z-score prezzo, momentum a 63 sedute e penalita' per volatilita' recente.",paper,2026-05-23T18:18:53.647705+00:00
2022-08-31,NVDA,risk_balanced_blend,synthetic_factor_baseline,-1.0,0.0,-0.14705177675303985,0.05882071070121594,21D,"Blend di z-score prezzo, momentum a 63 sedute e penalita' per volatilita' recente.",paper,2026-05-23T18:18:53.647705+00:00
2022-08-31,SAP.DE,risk_balanced_blend,synthetic_factor_baseline,-1.0,0.0,-0.7384555937788759,0.29538223751155035,21D,"Blend di z-score prezzo, momentum a 63 sedute e penalita' per volatilita' recente.",paper,2026-05-23T18:18:53.647705+00:00
2022-08-31,SPY,risk_balanced_blend,synthetic_factor_baseline,1.0,0.29900187388563954,0.2930923543289295,0.1172369417315718,21D,"Blend di z-score prezzo, momentum a 63 sedute e penalita' per volatilita' recente.",paper,2026-05-23T18:18:53.647705+00:00
2022-09-30,AAPL,risk_balanced_blend,synthetic_factor_baseline,-1.0,0.0,-0.32345702563919304,0.12938281025567722,21D,"Blend di z-score prezzo, momentum a 63 sedute e penalita' per volatilita' recente.",paper,2026-05-23T18:18:53.651761+00:00
2022-09-30,ASML.AS,risk_balanced_blend,synthetic_factor_baseline,1.0,0.18352577559095226,1.0519509677277974,0.420780387091119,21D,"Blend di z-score prezzo, momentum a 63 sedute e penalita' per volatilita' recente.",paper,2026-05-23T18:18:53.651761+00:00
2022-09-30,ENEL.MI,risk_balanced_blend,synthetic_factor_baseline,1.0,0.22137661691106464,1.2689081173586447,0.5075632469434579,21D,"Blend di z-score prezzo, momentum a 63 sedute e penalita' per volatilita' recente.",paper,2026-05-23T18:18:53.651761+00:00
2022-09-30,ISP.MI,risk_balanced_blend,synthetic_factor_baseline,-1.0,0.0,-0.05133547081730051,0.020534188326920205,21D,"Blend di z-score prezzo, momentum a 63 sedute e penalita' per volatilita' recente.",paper,2026-05-23T18:18:53.651761+00:00
2022-09-30,MSFT,risk_balanced_blend,synthetic_factor_baseline,1.0,0.10644137741751514,0.6101110845061859,0.24404443380247437,21D,"Blend di z-score prezzo, momentum a 63 sedute e penalita' per volatilita' recente.",paper,2026-05-23T18:18:53.651761+00:00
2022-09-30,NVDA,risk_balanced_blend,synthetic_factor_baseline,1.0,0.15720401140669157,0.9010773086094706,0.36043092344378824,21D,"Blend di z-score prezzo, momentum a 63 sedute e penalita' per volatilita' recente.",paper,2026-05-23T18:18:53.651761+00:00
2022-09-30,SAP.DE,risk_balanced_blend,synthetic_factor_baseline,1.0,0.0699894357307592,0.40117228444135966,0.16046891377654388,21D,"Blend di z-score prezzo, momentum a 63 sedute e penalita' per volatilita' recente.",paper,2026-05-23T18:18:53.651761+00:00
2022-09-30,SPY,risk_balanced_blend,synthetic_factor_baseline,1.0,0.26146278294301717,1.7614919154532642,0.7045967661813057,21D,"Blend di z-score prezzo, momentum a 63 sedute e penalita' per volatilita' recente.",paper,2026-05-23T18:18:53.651761+00:00
2022-10-31,AAPL,risk_balanced_blend,synthetic_factor_baseline,1.0,0.009399388567698145,0.04537949671877018,0.01815179868750807,21D,"Blend di z-score prezzo, momentum a 63 sedute e penalita' per volatilita' recente.",paper,2026-05-23T18:18:53.655804+00:00
2022-10-31,ASML.AS,risk_balanced_blend,synthetic_factor_baseline,-1.0,0.0,-0.9126032860963443,0.3650413144385377,21D,"Blend di z-score prezzo, momentum a 63 sedute e penalita' per volatilita' recente.",paper,2026-05-23T18:18:53.655804+00:00
2022-10-31,ENEL.MI,risk_balanced_blend,synthetic_factor_baseline,1.0,0.22679135142848483,1.094930517434152,0.4379722069736608,21D,"Blend di z-score prezzo, momentum a 63 sedute e penalita' per volatilita' recente.",paper,2026-05-23T18:18:53.655804+00:00
2022-10-31,ISP.MI,risk_balanced_blend,synthetic_factor_baseline,1.0,0.2876770379009393,1.8476476019236143,0.7390590407694457,21D,"Blend di z-score prezzo, momentum a 63 sedute e penalita' per volatilita' recente.",paper,2026-05-23T18:18:53.655804+00:00
2022-10-31,MSFT,risk_balanced_blend,synthetic_factor_baseline,-1.0,0.0,-1.7609671407881975,0.704386856315279,21D,"Blend di z-score prezzo, momentum a 63 sedute e penalita' per volatilita' recente.",paper,2026-05-23T18:18:53.655804+00:00
2022-10-31,NVDA,risk_balanced_blend,synthetic_factor_baseline,-1.0,0.0,-0.24007732442405083,0.09603092976962033,21D,"Blend di z-score prezzo, momentum a 63 sedute e penalita' per volatilita' recente.",paper,2026-05-23T18:18:53.655804+00:00
2022-10-31,SAP.DE,risk_balanced_blend,synthetic_factor_baseline,1.0,0.1884551842019385,0.9098465662454716,0.36393862649818864,21D,"Blend di z-score prezzo, momentum a 63 sedute e penalita' per volatilita' recente.",paper,2026-05-23T18:18:53.655804+00:00
2022-10-31,SPY,risk_balanced_blend,synthetic_factor_baseline,1.0,0.2876770379009393,1.6577227983816758,0.6630891193526703,21D,"Blend di z-score prezzo, momentum a 63 sedute e penalita' per volatilita' recente.",paper,2026-05-23T18:18:53.655804+00:00
2022-11-30,AAPL,risk_balanced_blend,synthetic_factor_baseline,-1.0,0.0,-1.1681247563760015,0.4672499025504006,21D,"Blend di z-score prezzo, momentum a 63 sedute e penalita' per volatilita' recente.",paper,2026-05-23T18:18:53.660339+00:00
2022-11-30,ASML.AS,risk_balanced_blend,synthetic_factor_baseline,1.0,0.196618099150911,0.735439698120345,0.29417587924813804,21D,"Blend di z-score prezzo, momentum a 63 sedute e penalita' per volatilita' recente.",paper,2026-05-23T18:18:53.660339+00:00
2022-11-30,ENEL.MI,risk_balanced_blend,synthetic_factor_baseline,1.0,0.04544615541713319,0.169988963198416,0.0679955852793664,21D,"Blend di z-score prezzo, momentum a 63 sedute e penalita' per volatilita' recente.",paper,2026-05-23T18:18:53.660339+00:00
2022-11-30,ISP.MI,risk_balanced_blend,synthetic_factor_baseline,1.0,0.2426983891064804,0.9078006083344692,0.3631202433337877,21D,"Blend di z-score prezzo, momentum a 63 sedute e penalita' per volatilita' recente.",paper,2026-05-23T18:18:53.660339+00:00
2022-11-30,MSFT,risk_balanced_blend,synthetic_factor_baseline,-1.0,0.0,-1.0975040231211532,0.4390016092484613,21D,"Blend di z-score prezzo, momentum a 63 sedute e penalita' per volatilita' recente.",paper,2026-05-23T18:18:53.660339+00:00
2022-11-30,NVDA,risk_balanced_blend,synthetic_factor_baseline,1.0,0.12971299418154159,0.4851846584578122,0.19407386338312488,21D,"Blend di z-score prezzo, momentum a 63 sedute e penalita' per volatilita' recente.",paper,2026-05-23T18:18:53.660339+00:00
2022-11-30,SAP.DE,risk_balanced_blend,synthetic_factor_baseline,1.0,0.1713960469488517,0.6410979333613395,0.2564391733445358,21D,"Blend di z-score prezzo, momentum a 63 sedute e penalita' per volatilita' recente.",paper,2026-05-23T18:18:53.660339+00:00
2022-11-30,SPY,risk_balanced_blend,synthetic_factor_baseline,1.0,0.21412831519508213,0.8009357437903989,0.32037429751615953,21D,"Blend di z-score prezzo, momentum a 63 sedute e penalita' per volatilita' recente.",paper,2026-05-23T18:18:53.660339+00:00
2022-12-30,AAPL,risk_balanced_blend,synthetic_factor_baseline,-1.0,0.0,-1.1703498933489804,0.4681399573395922,21D,"Blend di z-score prezzo, momentum a 63 sedute e penalita' per volatilita' recente.",paper,2026-05-23T18:18:53.664660+00:00
2022-12-30,ASML.AS,risk_balanced_blend,synthetic_factor_baseline,1.0,0.23211245011226367,0.5025882478407452,0.20103529913629808,21D,"Blend di z-score prezzo, momentum a 63 sedute e penalita' per volatilita' recente.",paper,2026-05-23T18:18:53.664660+00:00
2022-12-30,ENEL.MI,risk_balanced_blend,synthetic_factor_baseline,1.0,0.07673215371744062,0.16614653230036985,0.06645861292014794,21D,"Blend di z-score prezzo, momentum a 63 sedute e penalita' per volatilita' recente.",paper,2026-05-23T18:18:53.664660+00:00
2022-12-30,ISP.MI,risk_balanced_blend,synthetic_factor_baseline,1.0,0.19959033089363235,0.4321687813009099,0.17286751252036398,21D,"Blend di z-score prezzo, momentum a 63 sedute e penalita' per volatilita' recente.",paper,2026-05-23T18:18:53.664660+00:00
2022-12-30,MSFT,risk_balanced_blend,synthetic_factor_baseline,-1.0,0.0,-0.3892859938521167,0.15571439754084668,21D,"Blend di z-score prezzo, momentum a 63 sedute e penalita' per volatilita' recente.",paper,2026-05-23T18:18:53.664660+00:00
2022-12-30,NVDA,risk_balanced_blend,synthetic_factor_baseline,1.0,0.3273519113422432,1.37876218939809,0.551504875759236,21D,"Blend di z-score prezzo, momentum a 63 sedute e penalita' per volatilita' recente.",paper,2026-05-23T18:18:53.664660+00:00
2022-12-30,SAP.DE,risk_balanced_blend,synthetic_factor_baseline,1.0,0.16421315393442024,0.355567317773715,0.14222692710948598,21D,"Blend di z-score prezzo, momentum a 63 sedute e penalita' per volatilita' recente.",paper,2026-05-23T18:18:53.664660+00:00
2022-12-30,SPY,risk_balanced_blend,synthetic_factor_baseline,-1.0,0.0,-0.4615470932681446,0.18461883730725784,21D,"Blend di z-score prezzo, momentum a 63 sedute e penalita' per volatilita' recente.",paper,2026-05-23T18:18:53.664660+00:00
2023-01-31,AAPL,risk_balanced_blend,synthetic_factor_baseline,-1.0,0.0,-1.8320441950892594,0.7328176780357037,21D,"Blend di z-score prezzo, momentum a 63 sedute e penalita' per volatilita' recente.",paper,2026-05-23T18:18:53.669218+00:00
2023-01-31,ASML.AS,risk_balanced_blend,synthetic_factor_baseline,-1.0,0.0,-0.2653650932381073,0.10614603729524293,21D,"Blend di z-score prezzo, momentum a 63 sedute e penalita' per volatilita' recente.",paper,2026-05-23T18:18:53.669218+00:00
2023-01-31,ENEL.MI,risk_balanced_blend,synthetic_factor_baseline,-1.0,0.0,-1.0851977813414027,0.43407911253656106,21D,"Blend di z-score prezzo, momentum a 63 sedute e penalita' per volatilita' recente.",paper,2026-05-23T18:18:53.669218+00:00
2023-01-31,ISP.MI,risk_balanced_blend,synthetic_factor_baseline,1.0,0.35135709134145,1.0253528582595228,0.41014114330380913,21D,"Blend di z-score prezzo, momentum a 63 sedute e penalita' per volatilita' recente.",paper,2026-05-23T18:18:53.669218+00:00
2023-01-31,MSFT,risk_balanced_blend,synthetic_factor_baseline,-1.0,0.0,-0.08016146027917657,0.03206458411167063,21D,"Blend di z-score prezzo, momentum a 63 sedute e penalita' per volatilita' recente.",paper,2026-05-23T18:18:53.669218+00:00
2023-01-31,NVDA,risk_balanced_blend,synthetic_factor_baseline,1.0,0.2991445515400024,0.40530472439160214,0.16212188975664085,21D,"Blend di z-score prezzo, momentum a 63 sedute e penalita' per volatilita' recente.",paper,2026-05-23T18:18:53.669218+00:00
2023-01-31,SAP.DE,risk_balanced_blend,synthetic_factor_baseline,1.0,0.34949835711854754,0.47352804715317837,0.18941121886127135,21D,"Blend di z-score prezzo, momentum a 63 sedute e penalita' per volatilita' recente.",paper,2026-05-23T18:18:53.669218+00:00
2023-01-31,SPY,risk_balanced_blend,synthetic_factor_baseline,-1.0,0.0,-0.27244209755818244,0.10897683902327297,21D,"Blend di z-score prezzo, momentum a 63 sedute e penalita' per volatilita' recente.",paper,2026-05-23T18:18:53.669218+00:00
2023-02-28,AAPL,risk_balanced_blend,synthetic_factor_baseline,-1.0,0.0,-1.490332644719261,0.5961330578877044,21D,"Blend di z-score prezzo, momentum a 63 sedute e penalita' per volatilita' recente.",paper,2026-05-23T18:18:53.673187+00:00
2023-02-28,ASML.AS,risk_balanced_blend,synthetic_factor_baseline,-1.0,0.0,-1.4297355625329868,0.5718942250131948,21D,"Blend di z-score prezzo, momentum a 63 sedute e penalita' per volatilita' recente.",paper,2026-05-23T18:18:53.673187+00:00
2023-02-28,ENEL.MI,risk_balanced_blend,synthetic_factor_baseline,-1.0,0.0,-0.9649570718131744,0.38598282872526973,21D,"Blend di z-score prezzo, momentum a 63 sedute e penalita' per volatilita' recente.",paper,2026-05-23T18:18:53.673187+00:00
2023-02-28,ISP.MI,risk_balanced_blend,synthetic_factor_baseline,1.0,0.32827683506729577,1.7099188233959544,0.6839675293583818,21D,"Blend di z-score prezzo, momentum a 63 sedute e penalita' per volatilita' recente.",paper,2026-05-23T18:18:53.673187+00:00
2023-02-28,MSFT,risk_balanced_blend,synthetic_factor_baseline,1.0,0.13612123642604632,0.3682553129328173,0.14730212517312694,21D,"Blend di z-score prezzo, momentum a 63 sedute e penalita' per volatilita' recente.",paper,2026-05-23T18:18:53.673187+00:00
2023-02-28,NVDA,risk_balanced_blend,synthetic_factor_baseline,-1.0,0.0,-0.6927784575116037,0.2771113830046415,21D,"Blend di z-score prezzo, momentum a 63 sedute e penalita' per volatilita' recente.",paper,2026-05-23T18:18:53.673187+00:00
2023-02-28,SAP.DE,risk_balanced_blend,synthetic_factor_baseline,1.0,0.20732509343936228,0.5608865241597889,0.22435460966391557,21D,"Blend di z-score prezzo, momentum a 63 sedute e penalita' per volatilita' recente.",paper,2026-05-23T18:18:53.673187+00:00
2023-02-28,SPY,risk_balanced_blend,synthetic_factor_baseline,1.0,0.32827683506729577,0.9133516390274041,0.36534065561096163,21D,"Blend di z-score prezzo, momentum a 63 sedute e penalita' per volatilita' recente.",paper,2026-05-23T18:18:53.673187+00:00
2023-03-31,AAPL,risk_balanced_blend,synthetic_factor_baseline,-1.0,0.0,-1.3040770620186515,0.5216308248074606,21D,"Blend di z-score prezzo, momentum a 63 sedute e penalita' per volatilita' recente.",paper,2026-05-23T18:18:53.678134+00:00
2023-03-31,ASML.AS,risk_balanced_blend,synthetic_factor_baseline,-1.0,0.0,-1.097296371788132,0.4389185487152528,21D,"Blend di z-score prezzo, momentum a 63 sedute e penalita' per volatilita' recente.",paper,2026-05-23T18:18:53.678134+00:00
2023-03-31,ENEL.MI,risk_balanced_blend,synthetic_factor_baseline,1.0,0.22867749875142968,0.561150119479491,0.2244600477917964,21D,"Blend di z-score prezzo, momentum a 63 sedute e penalita' per volatilita' recente.",paper,2026-05-23T18:18:53.678134+00:00
2023-03-31,ISP.MI,risk_balanced_blend,synthetic_factor_baseline,1.0,0.3732542895965315,1.6621819635601596,0.6648727854240638,21D,"Blend di z-score prezzo, momentum a 63 sedute e penalita' per volatilita' recente.",paper,2026-05-23T18:18:53.678134+00:00
2023-03-31,MSFT,risk_balanced_blend,synthetic_factor_baseline,-1.0,0.0,-0.6450003860696754,0.25800015442787017,21D,"Blend di z-score prezzo, momentum a 63 sedute e penalita' per volatilita' recente.",paper,2026-05-23T18:18:53.678134+00:00
2023-03-31,NVDA,risk_balanced_blend,synthetic_factor_baseline,-1.0,0.0,-0.5910508109638681,0.23642032438554725,21D,"Blend di z-score prezzo, momentum a 63 sedute e penalita' per volatilita' recente.",paper,2026-05-23T18:18:53.678134+00:00
2023-03-31,SAP.DE,risk_balanced_blend,synthetic_factor_baseline,1.0,0.02481392205550721,0.06089071028950806,0.024356284115803224,21D,"Blend di z-score prezzo, momentum a 63 sedute e penalita' per volatilita' recente.",paper,2026-05-23T18:18:53.678134+00:00
2023-03-31,SPY,risk_balanced_blend,synthetic_factor_baseline,1.0,0.3732542895965315,1.3794815999220236,0.5517926399688095,21D,"Blend di z-score prezzo, momentum a 63 sedute e penalita' per volatilita' recente.",paper,2026-05-23T18:18:53.678134+00:00
2023-04-28,AAPL,risk_balanced_blend,synthetic_factor_baseline,-1.0,0.0,-0.4357500479572569,0.17430001918290278,21D,"Blend di z-score prezzo, momentum a 63 sedute e penalita' per volatilita' recente.",paper,2026-05-23T18:18:53.682282+00:00
2023-04-28,ASML.AS,risk_balanced_blend,synthetic_factor_baseline,-1.0,0.0,-1.1390947731624734,0.45563790926498937,21D,"Blend di z-score prezzo, momentum a 63 sedute e penalita' per volatilita' recente.",paper,2026-05-23T18:18:53.682282+00:00
2023-04-28,ENEL.MI,risk_balanced_blend,synthetic_factor_baseline,1.0,0.26594886279301366,0.9349776434149486,0.37399105736597943,21D,"Blend di z-score prezzo, momentum a 63 sedute e penalita' per volatilita' recente.",paper,2026-05-23T18:18:53.682282+00:00
2023-04-28,ISP.MI,risk_balanced_blend,synthetic_factor_baseline,1.0,0.20215341162095904,0.5959212794184242,0.23836851176736967,21D,"Blend di z-score prezzo, momentum a 63 sedute e penalita' per volatilita' recente.",paper,2026-05-23T18:18:53.682282+00:00
2023-04-28,MSFT,risk_balanced_blend,synthetic_factor_baseline,-1.0,0.0,-0.6062419350482485,0.24249677401929942,21D,"Blend di z-score prezzo, momentum a 63 sedute e penalita' per volatilita' recente.",paper,2026-05-23T18:18:53.682282+00:00
2023-04-28,NVDA,risk_balanced_blend,synthetic_factor_baseline,-1.0,0.0,-0.7204113875996381,0.2881645550398552,21D,"Blend di z-score prezzo, momentum a 63 sedute e penalita' per volatilita' recente.",paper,2026-05-23T18:18:53.682282+00:00
2023-04-28,SAP.DE,risk_balanced_blend,synthetic_factor_baseline,1.0,0.26594886279301366,0.7852529722938566,0.31410118891754263,21D,"Blend di z-score prezzo, momentum a 63 sedute e penalita' per volatilita' recente.",paper,2026-05-23T18:18:53.682282+00:00
2023-04-28,SPY,risk_balanced_blend,synthetic_factor_baseline,1.0,0.26594886279301366,0.8197751279130513,0.32791005116522054,21D,"Blend di z-score prezzo, momentum a 63 sedute e penalita' per volatilita' recente.",paper,2026-05-23T18:18:53.682282+00:00
2023-05-31,AAPL,risk_balanced_blend,synthetic_factor_baseline,-1.0,0.0,-0.5106486407506127,0.20425945630024506,21D,"Blend di z-score prezzo, momentum a 63 sedute e penalita' per volatilita' recente.",paper,2026-05-23T18:18:53.686352+00:00
2023-05-31,ASML.AS,risk_balanced_blend,synthetic_factor_baseline,1.0,0.015224516068829803,0.03428641722428298,0.013714566889713193,21D,"Blend di z-score prezzo, momentum a 63 sedute e penalita' per volatilita' recente.",paper,2026-05-23T18:18:53.686352+00:00
2023-05-31,ENEL.MI,risk_balanced_blend,synthetic_factor_baseline,1.0,0.3282584946437234,0.8723096410024413,0.34892385640097656,21D,"Blend di z-score prezzo, momentum a 63 sedute e penalita' per volatilita' recente.",paper,2026-05-23T18:18:53.686352+00:00
2023-05-31,ISP.MI,risk_balanced_blend,synthetic_factor_baseline,-1.0,0.0,-0.15306718586280907,0.061226874345123625,21D,"Blend di z-score prezzo, momentum a 63 sedute e penalita' per volatilita' recente.",paper,2026-05-23T18:18:53.686352+00:00
2023-05-31,MSFT,risk_balanced_blend,synthetic_factor_baseline,-1.0,0.0,-1.8515990475300173,0.7406396190120069,21D,"Blend di z-score prezzo, momentum a 63 sedute e penalita' per volatilita' recente.",paper,2026-05-23T18:18:53.686352+00:00
2023-05-31,NVDA,risk_balanced_blend,synthetic_factor_baseline,-1.0,0.0,-0.05994373596668037,0.023977494386672148,21D,"Blend di z-score prezzo, momentum a 63 sedute e penalita' per volatilita' recente.",paper,2026-05-23T18:18:53.686352+00:00
2023-05-31,SAP.DE,risk_balanced_blend,synthetic_factor_baseline,1.0,0.3282584946437234,0.8419131467794796,0.33676525871179186,21D,"Blend di z-score prezzo, momentum a 63 sedute e penalita' per volatilita' recente.",paper,2026-05-23T18:18:53.686352+00:00
2023-05-31,SPY,risk_balanced_blend,synthetic_factor_baseline,1.0,0.3282584946437234,1.2085129174407623,0.4834051669763049,21D,"Blend di z-score prezzo, momentum a 63 sedute e penalita' per volatilita' recente.",paper,2026-05-23T18:18:53.686352+00:00
2023-06-30,AAPL,risk_balanced_blend,synthetic_factor_baseline,1.0,0.22904975489702592,1.1312033309954523,0.45248133239818095,21D,"Blend di z-score prezzo, momentum a 63 sedute e penalita' per volatilita' recente.",paper,2026-05-23T18:18:53.690327+00:00
2023-06-30,ASML.AS,risk_balanced_blend,synthetic_factor_baseline,1.0,0.2542971051446341,1.340780002812784,0.5363120011251137,21D,"Blend di z-score prezzo, momentum a 63 sedute e penalita' per volatilita' recente.",paper,2026-05-23T18:18:53.690327+00:00
2023-06-30,ENEL.MI,risk_balanced_blend,synthetic_factor_baseline,1.0,0.24823089019365502,1.2259328108395846,0.49037312433583385,21D,"Blend di z-score prezzo, momentum a 63 sedute e penalita' per volatilita' recente.",paper,2026-05-23T18:18:53.690327+00:00
2023-06-30,ISP.MI,risk_balanced_blend,synthetic_factor_baseline,1.0,0.021337556144729472,0.10537935129889922,0.04215174051955969,21D,"Blend di z-score prezzo, momentum a 63 sedute e penalita' per volatilita' recente.",paper,2026-05-23T18:18:53.690327+00:00
2023-06-30,MSFT,risk_balanced_blend,synthetic_factor_baseline,-1.0,0.0,-0.6813983353041396,0.27255933412165584,21D,"Blend di z-score prezzo, momentum a 63 sedute e penalita' per volatilita' recente.",paper,2026-05-23T18:18:53.690327+00:00
2023-06-30,NVDA,risk_balanced_blend,synthetic_factor_baseline,-1.0,0.0,-0.6046630928693778,0.24186523714775113,21D,"Blend di z-score prezzo, momentum a 63 sedute e penalita' per volatilita' recente.",paper,2026-05-23T18:18:53.690327+00:00
2023-06-30,SAP.DE,risk_balanced_blend,synthetic_factor_baseline,-1.0,0.0,-1.9321557480324523,0.7728622992129809,21D,"Blend di z-score prezzo, momentum a 63 sedute e penalita' per volatilita' recente.",paper,2026-05-23T18:18:53.690327+00:00
2023-06-30,SPY,risk_balanced_blend,synthetic_factor_baseline,1.0,0.2470846936199554,1.2202721133080483,0.4881088453232193,21D,"Blend di z-score prezzo, momentum a 63 sedute e penalita' per volatilita' recente.",paper,2026-05-23T18:18:53.690327+00:00
2023-07-31,AAPL,risk_balanced_blend,synthetic_factor_baseline,-1.0,0.0,-1.8991491419558333,0.7596596567823333,21D,"Blend di z-score prezzo, momentum a 63 sedute e penalita' per volatilita' recente.",paper,2026-05-23T18:18:53.694280+00:00
2023-07-31,ASML.AS,risk_balanced_blend,synthetic_factor_baseline,1.0,0.3333333333333333,0.836268934883536,0.3345075739534144,21D,"Blend di z-score prezzo, momentum a 63 sedute e penalita' per volatilita' recente.",paper,2026-05-23T18:18:53.694280+00:00
2023-07-31,ENEL.MI,risk_balanced_blend,synthetic_factor_baseline,1.0,0.3333333333333333,0.5210386337196465,0.20841545348785862,21D,"Blend di z-score prezzo, momentum a 63 sedute e penalita' per volatilita' recente.",paper,2026-05-23T18:18:53.694280+00:00
2023-07-31,ISP.MI,risk_balanced_blend,synthetic_factor_baseline,-1.0,0.0,-0.41930114413549346,0.16772045765419738,21D,"Blend di z-score prezzo, momentum a 63 sedute e penalita' per volatilita' recente.",paper,2026-05-23T18:18:53.694280+00:00
2023-07-31,MSFT,risk_balanced_blend,synthetic_factor_baseline,-1.0,0.0,-1.3148909287991228,0.5259563715196491,21D,"Blend di z-score prezzo, momentum a 63 sedute e penalita' per volatilita' recente.",paper,2026-05-23T18:18:53.694280+00:00
2023-07-31,NVDA,risk_balanced_blend,synthetic_factor_baseline,-1.0,0.0,-0.42493976855495463,0.16997590742198185,21D,"Blend di z-score prezzo, momentum a 63 sedute e penalita' per volatilita' recente.",paper,2026-05-23T18:18:53.694280+00:00
2023-07-31,SAP.DE,risk_balanced_blend,synthetic_factor_baseline,-1.0,0.0,-1.2953323047221537,0.5181329218888615,21D,"Blend di z-score prezzo, momentum a 63 sedute e penalita' per volatilita' recente.",paper,2026-05-23T18:18:53.694280+00:00
2023-07-31,SPY,risk_balanced_blend,synthetic_factor_baseline,1.0,0.3333333333333333,0.6974530920575202,0.27898123682300807,21D,"Blend di z-score prezzo, momentum a 63 sedute e penalita' per volatilita' recente.",paper,2026-05-23T18:18:53.694280+00:00
2023-08-31,AAPL,risk_balanced_blend,synthetic_factor_baseline,-1.0,0.0,-0.5152463232137656,0.20609852928550626,21D,"Blend di z-score prezzo, momentum a 63 sedute e penalita' per volatilita' recente.",paper,2026-05-23T18:18:53.699031+00:00
2023-08-31,ASML.AS,risk_balanced_blend,synthetic_factor_baseline,1.0,0.5,1.618461045955157,0.6473844183820627,21D,"Blend di z-score prezzo, momentum a 63 sedute e penalita' per volatilita' recente.",paper,2026-05-23T18:18:53.699031+00:00
2023-08-31,ENEL.MI,risk_balanced_blend,synthetic_factor_baseline,-1.0,0.0,-0.41153694145672565,0.16461477658269025,21D,"Blend di z-score prezzo, momentum a 63 sedute e penalita' per volatilita' recente.",paper,2026-05-23T18:18:53.699031+00:00
2023-08-31,ISP.MI,risk_balanced_blend,synthetic_factor_baseline,-1.0,0.0,-0.8428685752787446,0.33714743011149784,21D,"Blend di z-score prezzo, momentum a 63 sedute e penalita' per volatilita' recente.",paper,2026-05-23T18:18:53.699031+00:00
2023-08-31,MSFT,risk_balanced_blend,synthetic_factor_baseline,-1.0,0.0,-0.7336341814842756,0.29345367259371025,21D,"Blend di z-score prezzo, momentum a 63 sedute e penalita' per volatilita' recente.",paper,2026-05-23T18:18:53.699031+00:00
2023-08-31,NVDA,risk_balanced_blend,synthetic_factor_baseline,-1.0,0.0,-0.1305314227799566,0.052212569111982646,21D,"Blend di z-score prezzo, momentum a 63 sedute e penalita' per volatilita' recente.",paper,2026-05-23T18:18:53.699031+00:00
2023-08-31,SAP.DE,risk_balanced_blend,synthetic_factor_baseline,-1.0,0.0,-0.5855869013307031,0.23423476053228126,21D,"Blend di z-score prezzo, momentum a 63 sedute e penalita' per volatilita' recente.",paper,2026-05-23T18:18:53.699031+00:00
2023-08-31,SPY,risk_balanced_blend,synthetic_factor_baseline,1.0,0.5,0.9509492360593472,0.38037969442373887,21D,"Blend di z-score prezzo, momentum a 63 sedute e penalita' per volatilita' recente.",paper,2026-05-23T18:18:53.699031+00:00
2023-09-29,AAPL,risk_balanced_blend,synthetic_factor_baseline,-1.0,0.0,-0.400648066308554,0.1602592265234216,21D,"Blend di z-score prezzo, momentum a 63 sedute e penalita' per volatilita' recente.",paper,2026-05-23T18:18:53.703009+00:00
2023-09-29,ASML.AS,risk_balanced_blend,synthetic_factor_baseline,1.0,0.8584581920535,0.9779594660596665,0.39118378642386664,21D,"Blend di z-score prezzo, momentum a 63 sedute e penalita' per volatilita' recente.",paper,2026-05-23T18:18:53.703009+00:00
2023-09-29,ENEL.MI,risk_balanced_blend,synthetic_factor_baseline,-1.0,0.0,-0.7961150689307719,0.3184460275723088,21D,"Blend di z-score prezzo, momentum a 63 sedute e penalita' per volatilita' recente.",paper,2026-05-23T18:18:53.703009+00:00
2023-09-29,ISP.MI,risk_balanced_blend,synthetic_factor_baseline,1.0,0.14154180794649993,0.042044324938167704,0.016817729975267082,21D,"Blend di z-score prezzo, momentum a 63 sedute e penalita' per volatilita' recente.",paper,2026-05-23T18:18:53.703009+00:00
2023-09-29,MSFT,risk_balanced_blend,synthetic_factor_baseline,-1.0,0.0,-1.0583197060166585,0.4233278824066634,21D,"Blend di z-score prezzo, momentum a 63 sedute e penalita' per volatilita' recente.",paper,2026-05-23T18:18:53.703009+00:00
2023-09-29,NVDA,risk_balanced_blend,synthetic_factor_baseline,-1.0,0.0,-1.4538652303284065,0.5815460921313627,21D,"Blend di z-score prezzo, momentum a 63 sedute e penalita' per volatilita' recente.",paper,2026-05-23T18:18:53.703009+00:00
2023-09-29,SAP.DE,risk_balanced_blend,synthetic_factor_baseline,-1.0,0.0,-0.8518445995188211,0.3407378398075284,21D,"Blend di z-score prezzo, momentum a 63 sedute e penalita' per volatilita' recente.",paper,2026-05-23T18:18:53.703009+00:00
2023-09-29,SPY,risk_balanced_blend,synthetic_factor_baseline,-1.0,0.0,-0.7830542096090087,0.3132216838436035,21D,"Blend di z-score prezzo, momentum a 63 sedute e penalita' per volatilita' recente.",paper,2026-05-23T18:18:53.703009+00:00
2023-10-31,AAPL,risk_balanced_blend,synthetic_factor_baseline,1.0,0.3914660250613437,1.4546600071117846,0.5818640028447138,21D,"Blend di z-score prezzo, momentum a 63 sedute e penalita' per volatilita' recente.",paper,2026-05-23T18:18:53.706988+00:00
2023-10-31,ASML.AS,risk_balanced_blend,synthetic_factor_baseline,1.0,0.17896083257182413,0.3241484918664511,0.12965939674658045,21D,"Blend di z-score prezzo, momentum a 63 sedute e penalita' per volatilita' recente.",paper,2026-05-23T18:18:53.706988+00:00
2023-10-31,ENEL.MI,risk_balanced_blend,synthetic_factor_baseline,1.0,0.03810711730548856,0.0690227265175164,0.02760909060700656,21D,"Blend di z-score prezzo, momentum a 63 sedute e penalita' per volatilita' recente.",paper,2026-05-23T18:18:53.706988+00:00
2023-10-31,ISP.MI,risk_balanced_blend,synthetic_factor_baseline,1.0,0.3914660250613437,0.9883898585710453,0.3953559434284181,21D,"Blend di z-score prezzo, momentum a 63 sedute e penalita' per volatilita' recente.",paper,2026-05-23T18:18:53.706988+00:00
2023-10-31,MSFT,risk_balanced_blend,synthetic_factor_baseline,-1.0,0.0,-1.4293867634222575,0.5717547053689029,21D,"Blend di z-score prezzo, momentum a 63 sedute e penalita' per volatilita' recente.",paper,2026-05-23T18:18:53.706988+00:00
2023-10-31,NVDA,risk_balanced_blend,synthetic_factor_baseline,-1.0,0.0,-0.6392504612566339,0.2557001845026535,21D,"Blend di z-score prezzo, momentum a 63 sedute e penalita' per volatilita' recente.",paper,2026-05-23T18:18:53.706988+00:00
2023-10-31,SAP.DE,risk_balanced_blend,synthetic_factor_baseline,-1.0,0.0,-1.7806823887260608,0.7122729554904244,21D,"Blend di z-score prezzo, momentum a 63 sedute e penalita' per volatilita' recente.",paper,2026-05-23T18:18:53.706988+00:00
2023-10-31,SPY,risk_balanced_blend,synthetic_factor_baseline,-1.0,0.0,-0.5635981255979583,0.22543925023918332,21D,"Blend di z-score prezzo, momentum a 63 sedute e penalita' per volatilita' recente.",paper,2026-05-23T18:18:53.706988+00:00
2023-11-30,AAPL,risk_balanced_blend,synthetic_factor_baseline,1.0,0.20077096335807684,1.2390763722861422,0.4956305489144569,21D,"Blend di z-score prezzo, momentum a 63 sedute e penalita' per volatilita' recente.",paper,2026-05-23T18:18:53.710890+00:00
2023-11-30,ASML.AS,risk_balanced_blend,synthetic_factor_baseline,1.0,0.26746865097130657,2.081944766571329,0.8327779066285317,21D,"Blend di z-score prezzo, momentum a 63 sedute e penalita' per volatilita' recente.",paper,2026-05-23T18:18:53.710890+00:00
2023-11-30,ENEL.MI,risk_balanced_blend,synthetic_factor_baseline,1.0,0.15535647456275098,0.9587966989482185,0.3835186795792874,21D,"Blend di z-score prezzo, momentum a 63 sedute e penalita' per volatilita' recente.",paper,2026-05-23T18:18:53.710890+00:00
2023-11-30,ISP.MI,risk_balanced_blend,synthetic_factor_baseline,1.0,0.24574047747153305,1.5166098436566686,0.6066439374626674,21D,"Blend di z-score prezzo, momentum a 63 sedute e penalita' per volatilita' recente.",paper,2026-05-23T18:18:53.710890+00:00
2023-11-30,MSFT,risk_balanced_blend,synthetic_factor_baseline,-1.0,0.0,-0.5007634615144771,0.20030538460579086,21D,"Blend di z-score prezzo, momentum a 63 sedute e penalita' per volatilita' recente.",paper,2026-05-23T18:18:53.710890+00:00
2023-11-30,NVDA,risk_balanced_blend,synthetic_factor_baseline,-1.0,0.0,-1.27552887895719,0.510211551582876,21D,"Blend di z-score prezzo, momentum a 63 sedute e penalita' per volatilita' recente.",paper,2026-05-23T18:18:53.710890+00:00
2023-11-30,SAP.DE,risk_balanced_blend,synthetic_factor_baseline,-1.0,0.0,-0.8223694754042687,0.3289477901617075,21D,"Blend di z-score prezzo, momentum a 63 sedute e penalita' per volatilita' recente.",paper,2026-05-23T18:18:53.710890+00:00
2023-11-30,SPY,risk_balanced_blend,synthetic_factor_baseline,1.0,0.13066343363633254,0.8064013372880239,0.32256053491520953,21D,"Blend di z-score prezzo, momentum a 63 sedute e penalita' per volatilita' recente.",paper,2026-05-23T18:18:53.710890+00:00
2023-12-29,AAPL,risk_balanced_blend,synthetic_factor_baseline,1.0,0.10065168084922747,0.5925977130062545,0.2370390852025018,21D,"Blend di z-score prezzo, momentum a 63 sedute e penalita' per volatilita' recente.",paper,2026-05-23T18:18:53.714918+00:00
2023-12-29,ASML.AS,risk_balanced_blend,synthetic_factor_baseline,1.0,0.15482020224630222,0.911520771478787,0.3646083085915148,21D,"Blend di z-score prezzo, momentum a 63 sedute e penalita' per volatilita' recente.",paper,2026-05-23T18:18:53.714918+00:00
2023-12-29,ENEL.MI,risk_balanced_blend,synthetic_factor_baseline,1.0,0.15573969710652952,0.9169343974281432,0.3667737589712573,21D,"Blend di z-score prezzo, momentum a 63 sedute e penalita' per volatilita' recente.",paper,2026-05-23T18:18:53.714918+00:00
2023-12-29,ISP.MI,risk_balanced_blend,synthetic_factor_baseline,1.0,0.2640718184323551,1.886148981855629,0.7544595927422516,21D,"Blend di z-score prezzo, momentum a 63 sedute e penalita' per volatilita' recente.",paper,2026-05-23T18:18:53.714918+00:00
2023-12-29,MSFT,risk_balanced_blend,synthetic_factor_baseline,1.0,0.0410283108050226,0.2415586401183563,0.09662345604734252,21D,"Blend di z-score prezzo, momentum a 63 sedute e penalita' per volatilita' recente.",paper,2026-05-23T18:18:53.714918+00:00
2023-12-29,NVDA,risk_balanced_blend,synthetic_factor_baseline,1.0,0.04967694188145285,0.2924783957874612,0.11699135831498449,21D,"Blend di z-score prezzo, momentum a 63 sedute e penalita' per volatilita' recente.",paper,2026-05-23T18:18:53.714918+00:00
2023-12-29,SAP.DE,risk_balanced_blend,synthetic_factor_baseline,1.0,0.06938080778790795,0.4084870483507315,0.1633948193402926,21D,"Blend di z-score prezzo, momentum a 63 sedute e penalita' per volatilita' recente.",paper,2026-05-23T18:18:53.714918+00:00
2023-12-29,SPY,risk_balanced_blend,synthetic_factor_baseline,1.0,0.16463054089120227,0.9692802067483599,0.387712082699344,21D,"Blend di z-score prezzo, momentum a 63 sedute e penalita' per volatilita' recente.",paper,2026-05-23T18:18:53.714918+00:00
2024-01-31,AAPL,risk_balanced_blend,synthetic_factor_baseline,1.0,0.003177461175642197,0.016013046811358067,0.0064052187245432265,21D,"Blend di z-score prezzo, momentum a 63 sedute e penalita' per volatilita' recente.",paper,2026-05-23T18:18:53.718984+00:00
2024-01-31,ASML.AS,risk_balanced_blend,synthetic_factor_baseline,1.0,0.14882991067700568,0.7500391648749127,0.3000156659499651,21D,"Blend di z-score prezzo, momentum a 63 sedute e penalita' per volatilita' recente.",paper,2026-05-23T18:18:53.718984+00:00
2024-01-31,ENEL.MI,risk_balanced_blend,synthetic_factor_baseline,1.0,0.11957276394713402,0.602595644952905,0.241038257981162,21D,"Blend di z-score prezzo, momentum a 63 sedute e penalita' per volatilita' recente.",paper,2026-05-23T18:18:53.718984+00:00
2024-01-31,ISP.MI,risk_balanced_blend,synthetic_factor_baseline,1.0,0.26972700879480077,1.584846465811653,0.6339385863246612,21D,"Blend di z-score prezzo, momentum a 63 sedute e penalita' per volatilita' recente.",paper,2026-05-23T18:18:53.718984+00:00
2024-01-31,MSFT,risk_balanced_blend,synthetic_factor_baseline,1.0,0.13574593433181145,0.6841015139917508,0.27364060559670034,21D,"Blend di z-score prezzo, momentum a 63 sedute e penalita' per volatilita' recente.",paper,2026-05-23T18:18:53.718984+00:00
2024-01-31,NVDA,risk_balanced_blend,synthetic_factor_baseline,1.0,0.26972700879480077,1.5314340959337072,0.6125736383734829,21D,"Blend di z-score prezzo, momentum a 63 sedute e penalita' per volatilita' recente.",paper,2026-05-23T18:18:53.718984+00:00
2024-01-31,SAP.DE,risk_balanced_blend,synthetic_factor_baseline,-1.0,0.0,-1.0542029681593983,0.4216811872637593,21D,"Blend di z-score prezzo, momentum a 63 sedute e penalita' per volatilita' recente.",paper,2026-05-23T18:18:53.718984+00:00
2024-01-31,SPY,risk_balanced_blend,synthetic_factor_baseline,1.0,0.05321991227880504,0.26820562062245634,0.10728224824898254,21D,"Blend di z-score prezzo, momentum a 63 sedute e penalita' per volatilita' recente.",paper,2026-05-23T18:18:53.718984+00:00
2024-02-29,AAPL,risk_balanced_blend,synthetic_factor_baseline,-1.0,0.0,-0.22040256140237616,0.08816102456095046,21D,"Blend di z-score prezzo, momentum a 63 sedute e penalita' per volatilita' recente.",paper,2026-05-23T18:18:53.723061+00:00
2024-02-29,ASML.AS,risk_balanced_blend,synthetic_factor_baseline,-1.0,0.0,-0.7747180028319198,0.3098872011327679,21D,"Blend di z-score prezzo, momentum a 63 sedute e penalita' per volatilita' recente.",paper,2026-05-23T18:18:53.723061+00:00
2024-02-29,ENEL.MI,risk_balanced_blend,synthetic_factor_baseline,1.0,0.3108793342073054,1.5612363875662714,0.6244945550265085,21D,"Blend di z-score prezzo, momentum a 63 sedute e penalita' per volatilita' recente.",paper,2026-05-23T18:18:53.723061+00:00
2024-02-29,ISP.MI,risk_balanced_blend,synthetic_factor_baseline,1.0,0.2726380016679758,0.7806593292077468,0.31226373168309873,21D,"Blend di z-score prezzo, momentum a 63 sedute e penalita' per volatilita' recente.",paper,2026-05-23T18:18:53.723061+00:00
2024-02-29,MSFT,risk_balanced_blend,synthetic_factor_baseline,1.0,0.1056033299174134,0.302379801022125,0.12095192040885001,21D,"Blend di z-score prezzo, momentum a 63 sedute e penalita' per volatilita' recente.",paper,2026-05-23T18:18:53.723061+00:00
2024-02-29,NVDA,risk_balanced_blend,synthetic_factor_baseline,1.0,0.3108793342073054,0.9163558105156001,0.36654232420624006,21D,"Blend di z-score prezzo, momentum a 63 sedute e penalita' per volatilita' recente.",paper,2026-05-23T18:18:53.723061+00:00
2024-02-29,SAP.DE,risk_balanced_blend,synthetic_factor_baseline,-1.0,0.0,-1.0079506403919147,0.4031802561567659,21D,"Blend di z-score prezzo, momentum a 63 sedute e penalita' per volatilita' recente.",paper,2026-05-23T18:18:53.723061+00:00
2024-02-29,SPY,risk_balanced_blend,synthetic_factor_baseline,-1.0,0.0,-0.873457598104843,0.3493830392419372,21D,"Blend di z-score prezzo, momentum a 63 sedute e penalita' per volatilita' recente.",paper,2026-05-23T18:18:53.723061+00:00
2024-03-29,AAPL,risk_balanced_blend,synthetic_factor_baseline,-1.0,0.0,-0.5366903917808654,0.21467615671234616,21D,"Blend di z-score prezzo, momentum a 63 sedute e penalita' per volatilita' recente.",paper,2026-05-23T18:18:53.726875+00:00
2024-03-29,ASML.AS,risk_balanced_blend,synthetic_factor_baseline,-1.0,0.0,-0.5605163043950403,0.22420652175801611,21D,"Blend di z-score prezzo, momentum a 63 sedute e penalita' per volatilita' recente.",paper,2026-05-23T18:18:53.726875+00:00
2024-03-29,ENEL.MI,risk_balanced_blend,synthetic_factor_baseline,1.0,0.3166412743389378,1.817165869688803,0.7268663478755212,21D,"Blend di z-score prezzo, momentum a 63 sedute e penalita' per volatilita' recente.",paper,2026-05-23T18:18:53.726875+00:00
2024-03-29,ISP.MI,risk_balanced_blend,synthetic_factor_baseline,1.0,0.29963531030996216,0.9336095860316115,0.3734438344126446,21D,"Blend di z-score prezzo, momentum a 63 sedute e penalita' per volatilita' recente.",paper,2026-05-23T18:18:53.726875+00:00
2024-03-29,MSFT,risk_balanced_blend,synthetic_factor_baseline,1.0,0.08577570734499941,0.267261633961273,0.10690465358450921,21D,"Blend di z-score prezzo, momentum a 63 sedute e penalita' per volatilita' recente.",paper,2026-05-23T18:18:53.726875+00:00
2024-03-29,NVDA,risk_balanced_blend,synthetic_factor_baseline,1.0,0.2979477080061006,0.9283513216212376,0.37134052864849504,21D,"Blend di z-score prezzo, momentum a 63 sedute e penalita' per volatilita' recente.",paper,2026-05-23T18:18:53.726875+00:00
2024-03-29,SAP.DE,risk_balanced_blend,synthetic_factor_baseline,-1.0,0.0,-0.6362222274565932,0.2544888909826373,21D,"Blend di z-score prezzo, momentum a 63 sedute e penalita' per volatilita' recente.",paper,2026-05-23T18:18:53.726875+00:00
2024-03-29,SPY,risk_balanced_blend,synthetic_factor_baseline,-1.0,0.0,-0.29417584217208786,0.11767033686883514,21D,"Blend di z-score prezzo, momentum a 63 sedute e penalita' per volatilita' recente.",paper,2026-05-23T18:18:53.726875+00:00
2024-04-30,AAPL,risk_balanced_blend,synthetic_factor_baseline,-1.0,0.0,-1.230183123392945,0.492073249357178,21D,"Blend di z-score prezzo, momentum a 63 sedute e penalita' per volatilita' recente.",paper,2026-05-23T18:18:53.730796+00:00
2024-04-30,ASML.AS,risk_balanced_blend,synthetic_factor_baseline,1.0,0.24651170293585617,0.6181691774651057,0.24726767098604227,21D,"Blend di z-score prezzo, momentum a 63 sedute e penalita' per volatilita' recente.",paper,2026-05-23T18:18:53.730796+00:00
2024-04-30,ENEL.MI,risk_balanced_blend,synthetic_factor_baseline,1.0,0.3229081100371869,1.3793186954495893,0.5517274781798357,21D,"Blend di z-score prezzo, momentum a 63 sedute e penalita' per volatilita' recente.",paper,2026-05-23T18:18:53.730796+00:00
2024-04-30,ISP.MI,risk_balanced_blend,synthetic_factor_baseline,1.0,0.3229081100371869,0.9714900503594571,0.38859602014378286,21D,"Blend di z-score prezzo, momentum a 63 sedute e penalita' per volatilita' recente.",paper,2026-05-23T18:18:53.730796+00:00
2024-04-30,MSFT,risk_balanced_blend,synthetic_factor_baseline,-1.0,0.0,-1.0407692264468047,0.41630769057872186,21D,"Blend di z-score prezzo, momentum a 63 sedute e penalita' per volatilita' recente.",paper,2026-05-23T18:18:53.730796+00:00
2024-04-30,NVDA,risk_balanced_blend,synthetic_factor_baseline,1.0,0.10767207698977015,0.2700056771180756,0.10800227084723024,21D,"Blend di z-score prezzo, momentum a 63 sedute e penalita' per volatilita' recente.",paper,2026-05-23T18:18:53.730796+00:00
2024-04-30,SAP.DE,risk_balanced_blend,synthetic_factor_baseline,-1.0,0.0,-1.0963149320033538,0.43852597280134153,21D,"Blend di z-score prezzo, momentum a 63 sedute e penalita' per volatilita' recente.",paper,2026-05-23T18:18:53.730796+00:00
2024-04-30,SPY,risk_balanced_blend,synthetic_factor_baseline,-1.0,0.0,-0.345474380642893,0.13818975225715718,21D,"Blend di z-score prezzo, momentum a 63 sedute e penalita' per volatilita' recente.",paper,2026-05-23T18:18:53.730796+00:00
2024-05-31,AAPL,risk_balanced_blend,synthetic_factor_baseline,-1.0,0.0,-0.35997399435505445,0.14398959774202177,21D,"Blend di z-score prezzo, momentum a 63 sedute e penalita' per volatilita' recente.",paper,2026-05-23T18:18:53.734851+00:00
2024-05-31,ASML.AS,risk_balanced_blend,synthetic_factor_baseline,-1.0,0.0,-1.7468415547378715,0.6987366218951486,21D,"Blend di z-score prezzo, momentum a 63 sedute e penalita' per volatilita' recente.",paper,2026-05-23T18:18:53.734851+00:00
2024-05-31,ENEL.MI,risk_balanced_blend,synthetic_factor_baseline,-1.0,0.0,-0.9454112271132823,0.3781644908453129,21D,"Blend di z-score prezzo, momentum a 63 sedute e penalita' per volatilita' recente.",paper,2026-05-23T18:18:53.734851+00:00
2024-05-31,ISP.MI,risk_balanced_blend,synthetic_factor_baseline,-1.0,0.0,-0.08192754279916648,0.03277101711966659,21D,"Blend di z-score prezzo, momentum a 63 sedute e penalita' per volatilita' recente.",paper,2026-05-23T18:18:53.734851+00:00
2024-05-31,MSFT,risk_balanced_blend,synthetic_factor_baseline,-1.0,0.0,-2.0652554901253697,0.8261021960501479,21D,"Blend di z-score prezzo, momentum a 63 sedute e penalita' per volatilita' recente.",paper,2026-05-23T18:18:53.734851+00:00
2024-05-31,NVDA,risk_balanced_blend,synthetic_factor_baseline,1.0,1.0,0.041008971659377495,0.016403588663751,21D,"Blend di z-score prezzo, momentum a 63 sedute e penalita' per volatilita' recente.",paper,2026-05-23T18:18:53.734851+00:00
2024-05-31,SAP.DE,risk_balanced_blend,synthetic_factor_baseline,-1.0,0.0,-1.300255426818337,0.5201021707273348,21D,"Blend di z-score prezzo, momentum a 63 sedute e penalita' per volatilita' recente.",paper,2026-05-23T18:18:53.734851+00:00
2024-05-31,SPY,risk_balanced_blend,synthetic_factor_baseline,-1.0,0.0,-0.37580358060055913,0.15032143224022365,21D,"Blend di z-score prezzo, momentum a 63 sedute e penalita' per volatilita' recente.",paper,2026-05-23T18:18:53.734851+00:00
2024-06-28,AAPL,risk_balanced_blend,synthetic_factor_baseline,1.0,0.6846093283563509,0.45594356589667007,0.18237742635866802,21D,"Blend di z-score prezzo, momentum a 63 sedute e penalita' per volatilita' recente.",paper,2026-05-23T18:18:53.738705+00:00
2024-06-28,ASML.AS,risk_balanced_blend,synthetic_factor_baseline,-1.0,0.0,-1.1207361073625943,0.44829444294503773,21D,"Blend di z-score prezzo, momentum a 63 sedute e penalita' per volatilita' recente.",paper,2026-05-23T18:18:53.738705+00:00
2024-06-28,ENEL.MI,risk_balanced_blend,synthetic_factor_baseline,-1.0,0.0,-0.7108363162854913,0.2843345265141965,21D,"Blend di z-score prezzo, momentum a 63 sedute e penalita' per volatilita' recente.",paper,2026-05-23T18:18:53.738705+00:00
2024-06-28,ISP.MI,risk_balanced_blend,synthetic_factor_baseline,-1.0,0.0,-1.1106493201906562,0.44425972807626246,21D,"Blend di z-score prezzo, momentum a 63 sedute e penalita' per volatilita' recente.",paper,2026-05-23T18:18:53.738705+00:00
2024-06-28,MSFT,risk_balanced_blend,synthetic_factor_baseline,-1.0,0.0,-1.2610536697484718,0.5044214678993887,21D,"Blend di z-score prezzo, momentum a 63 sedute e penalita' per volatilita' recente.",paper,2026-05-23T18:18:53.738705+00:00
2024-06-28,NVDA,risk_balanced_blend,synthetic_factor_baseline,1.0,0.31539067164364903,0.059346916811312184,0.023738766724524872,21D,"Blend di z-score prezzo, momentum a 63 sedute e penalita' per volatilita' recente.",paper,2026-05-23T18:18:53.738705+00:00
2024-06-28,SAP.DE,risk_balanced_blend,synthetic_factor_baseline,-1.0,0.0,-1.018116021722649,0.4072464086890596,21D,"Blend di z-score prezzo, momentum a 63 sedute e penalita' per volatilita' recente.",paper,2026-05-23T18:18:53.738705+00:00
2024-06-28,SPY,risk_balanced_blend,synthetic_factor_baseline,-1.0,0.0,-1.513331919052978,0.6053327676211911,21D,"Blend di z-score prezzo, momentum a 63 sedute e penalita' per volatilita' recente.",paper,2026-05-23T18:18:53.738705+00:00
2024-07-31,AAPL,risk_balanced_blend,synthetic_factor_baseline,1.0,0.27823428191334665,1.4396321270074484,0.5758528508029793,21D,"Blend di z-score prezzo, momentum a 63 sedute e penalita' per volatilita' recente.",paper,2026-05-23T18:18:53.742370+00:00
2024-07-31,ASML.AS,risk_balanced_blend,synthetic_factor_baseline,1.0,0.20192984268641573,0.7431644589130698,0.2972657835652279,21D,"Blend di z-score prezzo, momentum a 63 sedute e penalita' per volatilita' recente.",paper,2026-05-23T18:18:53.742370+00:00
2024-07-31,ENEL.MI,risk_balanced_blend,synthetic_factor_baseline,1.0,0.12085987592181605,0.44480183364090486,0.17792073345636195,21D,"Blend di z-score prezzo, momentum a 63 sedute e penalita' per volatilita' recente.",paper,2026-05-23T18:18:53.742370+00:00
2024-07-31,ISP.MI,risk_balanced_blend,synthetic_factor_baseline,1.0,0.2727471249736165,1.0037940249668154,0.40151760998672614,21D,"Blend di z-score prezzo, momentum a 63 sedute e penalita' per volatilita' recente.",paper,2026-05-23T18:18:53.742370+00:00
2024-07-31,MSFT,risk_balanced_blend,synthetic_factor_baseline,-1.0,0.0,-0.2765084542267372,0.11060338169069488,21D,"Blend di z-score prezzo, momentum a 63 sedute e penalita' per volatilita' recente.",paper,2026-05-23T18:18:53.742370+00:00
2024-07-31,NVDA,risk_balanced_blend,synthetic_factor_baseline,1.0,0.09612042616284378,0.35375298444982617,0.14150119377993048,21D,"Blend di z-score prezzo, momentum a 63 sedute e penalita' per volatilita' recente.",paper,2026-05-23T18:18:53.742370+00:00
2024-07-31,SAP.DE,risk_balanced_blend,synthetic_factor_baseline,-1.0,0.0,-1.4755629783102544,0.5902251913241018,21D,"Blend di z-score prezzo, momentum a 63 sedute e penalita' per volatilita' recente.",paper,2026-05-23T18:18:53.742370+00:00
2024-07-31,SPY,risk_balanced_blend,synthetic_factor_baseline,1.0,0.030108448341961375,0.1108084294182986,0.044323371767319444,21D,"Blend di z-score prezzo, momentum a 63 sedute e penalita' per volatilita' recente.",paper,2026-05-23T18:18:53.742370+00:00
2024-08-30,AAPL,risk_balanced_blend,synthetic_factor_baseline,1.0,0.3052269442721586,0.7796102249645358,0.3118440899858143,21D,"Blend di z-score prezzo, momentum a 63 sedute e penalita' per volatilita' recente.",paper,2026-05-23T18:18:53.746454+00:00
2024-08-30,ASML.AS,risk_balanced_blend,synthetic_factor_baseline,1.0,0.3052269442721586,1.0142296961280572,0.4056918784512229,21D,"Blend di z-score prezzo, momentum a 63 sedute e penalita' per volatilita' recente.",paper,2026-05-23T18:18:53.746454+00:00
2024-08-30,ENEL.MI,risk_balanced_blend,synthetic_factor_baseline,-1.0,0.0,-0.17112254513655498,0.06844901805462199,21D,"Blend di z-score prezzo, momentum a 63 sedute e penalita' per volatilita' recente.",paper,2026-05-23T18:18:53.746454+00:00
2024-08-30,ISP.MI,risk_balanced_blend,synthetic_factor_baseline,-1.0,0.0,-0.6619510457723399,0.26478041830893595,21D,"Blend di z-score prezzo, momentum a 63 sedute e penalita' per volatilita' recente.",paper,2026-05-23T18:18:53.746454+00:00
2024-08-30,MSFT,risk_balanced_blend,synthetic_factor_baseline,1.0,0.3052269442721586,0.6873584177056926,0.27494336708227707,21D,"Blend di z-score prezzo, momentum a 63 sedute e penalita' per volatilita' recente.",paper,2026-05-23T18:18:53.746454+00:00
2024-08-30,NVDA,risk_balanced_blend,synthetic_factor_baseline,1.0,0.05529469708352034,0.12070955959996746,0.048283823839986986,21D,"Blend di z-score prezzo, momentum a 63 sedute e penalita' per volatilita' recente.",paper,2026-05-23T18:18:53.746454+00:00
2024-08-30,SAP.DE,risk_balanced_blend,synthetic_factor_baseline,-1.0,0.0,-1.7457954574213699,0.698318182968548,21D,"Blend di z-score prezzo, momentum a 63 sedute e penalita' per volatilita' recente.",paper,2026-05-23T18:18:53.746454+00:00
2024-08-30,SPY,risk_balanced_blend,synthetic_factor_baseline,1.0,0.02902447010000383,0.06336106694104768,0.02534442677641907,21D,"Blend di z-score prezzo, momentum a 63 sedute e penalita' per volatilita' recente.",paper,2026-05-23T18:18:53.746454+00:00
2024-09-30,AAPL,risk_balanced_blend,synthetic_factor_baseline,1.0,0.17311139118187038,0.6457347990423106,0.2582939196169242,21D,"Blend di z-score prezzo, momentum a 63 sedute e penalita' per volatilita' recente.",paper,2026-05-23T18:18:53.750387+00:00
2024-09-30,ASML.AS,risk_balanced_blend,synthetic_factor_baseline,1.0,0.25790155531252584,0.9620164672899598,0.3848065869159839,21D,"Blend di z-score prezzo, momentum a 63 sedute e penalita' per volatilita' recente.",paper,2026-05-23T18:18:53.750387+00:00
2024-09-30,ENEL.MI,risk_balanced_blend,synthetic_factor_baseline,1.0,0.28449352675280193,1.4867314307224202,0.5946925722889681,21D,"Blend di z-score prezzo, momentum a 63 sedute e penalita' per volatilita' recente.",paper,2026-05-23T18:18:53.750387+00:00
2024-09-30,ISP.MI,risk_balanced_blend,synthetic_factor_baseline,-1.0,0.0,-0.6281456348998303,0.2512582539599321,21D,"Blend di z-score prezzo, momentum a 63 sedute e penalita' per volatilita' recente.",paper,2026-05-23T18:18:53.750387+00:00
2024-09-30,MSFT,risk_balanced_blend,synthetic_factor_baseline,1.0,0.28449352675280193,1.1503533954138008,0.4601413581655203,21D,"Blend di z-score prezzo, momentum a 63 sedute e penalita' per volatilita' recente.",paper,2026-05-23T18:18:53.750387+00:00
2024-09-30,NVDA,risk_balanced_blend,synthetic_factor_baseline,-1.0,0.0,-0.20392792766774326,0.0815711710670973,21D,"Blend di z-score prezzo, momentum a 63 sedute e penalita' per volatilita' recente.",paper,2026-05-23T18:18:53.750387+00:00
2024-09-30,SAP.DE,risk_balanced_blend,synthetic_factor_baseline,-1.0,0.0,-1.0391871396465646,0.41567485585862585,21D,"Blend di z-score prezzo, momentum a 63 sedute e penalita' per volatilita' recente.",paper,2026-05-23T18:18:53.750387+00:00
2024-09-30,SPY,risk_balanced_blend,synthetic_factor_baseline,-1.0,0.0,-0.3931270984287609,0.15725083937150436,21D,"Blend di z-score prezzo, momentum a 63 sedute e penalita' per volatilita' recente.",paper,2026-05-23T18:18:53.750387+00:00
2024-10-31,AAPL,risk_balanced_blend,synthetic_factor_baseline,-1.0,0.0,-0.28202569200631267,0.11281027680252506,21D,"Blend di z-score prezzo, momentum a 63 sedute e penalita' per volatilita' recente.",paper,2026-05-23T18:18:53.754268+00:00
2024-10-31,ASML.AS,risk_balanced_blend,synthetic_factor_baseline,1.0,0.041659414096880114,0.253637107441887,0.1014548429767548,21D,"Blend di z-score prezzo, momentum a 63 sedute e penalita' per volatilita' recente.",paper,2026-05-23T18:18:53.754268+00:00
2024-10-31,ENEL.MI,risk_balanced_blend,synthetic_factor_baseline,1.0,0.1960292622444591,1.1934948228994724,0.47739792915978896,21D,"Blend di z-score prezzo, momentum a 63 sedute e penalita' per volatilita' recente.",paper,2026-05-23T18:18:53.754268+00:00
2024-10-31,ISP.MI,risk_balanced_blend,synthetic_factor_baseline,1.0,0.15317902265934666,0.932607552706834,0.37304302108273363,21D,"Blend di z-score prezzo, momentum a 63 sedute e penalita' per volatilita' recente.",paper,2026-05-23T18:18:53.754268+00:00
2024-10-31,MSFT,risk_balanced_blend,synthetic_factor_baseline,1.0,0.14314561537102477,0.8715206541614487,0.3486082616645795,21D,"Blend di z-score prezzo, momentum a 63 sedute e penalita' per volatilita' recente.",paper,2026-05-23T18:18:53.754268+00:00
2024-10-31,NVDA,risk_balanced_blend,synthetic_factor_baseline,1.0,0.07542666680502191,0.4592239715114351,0.18368958860457404,21D,"Blend di z-score prezzo, momentum a 63 sedute e penalita' per volatilita' recente.",paper,2026-05-23T18:18:53.754268+00:00
2024-10-31,SAP.DE,risk_balanced_blend,synthetic_factor_baseline,1.0,0.20470183115905224,1.2462964606870899,0.498518584274836,21D,"Blend di z-score prezzo, momentum a 63 sedute e penalita' per volatilita' recente.",paper,2026-05-23T18:18:53.754268+00:00
2024-10-31,SPY,risk_balanced_blend,synthetic_factor_baseline,1.0,0.1858581876642153,1.1315697576522887,0.4526279030609155,21D,"Blend di z-score prezzo, momentum a 63 sedute e penalita' per volatilita' recente.",paper,2026-05-23T18:18:53.754268+00:00
2024-11-29,AAPL,risk_balanced_blend,synthetic_factor_baseline,-1.0,0.0,-1.3160774225537595,0.5264309690215038,21D,"Blend di z-score prezzo, momentum a 63 sedute e penalita' per volatilita' recente.",paper,2026-05-23T18:18:53.758158+00:00
2024-11-29,ASML.AS,risk_balanced_blend,synthetic_factor_baseline,-1.0,0.0,-0.7801138076200949,0.31204552304803795,21D,"Blend di z-score prezzo, momentum a 63 sedute e penalita' per volatilita' recente.",paper,2026-05-23T18:18:53.758158+00:00
2024-11-29,ENEL.MI,risk_balanced_blend,synthetic_factor_baseline,1.0,0.1322146996037159,0.5102379541088455,0.2040951816435382,21D,"Blend di z-score prezzo, momentum a 63 sedute e penalita' per volatilita' recente.",paper,2026-05-23T18:18:53.758158+00:00
2024-11-29,ISP.MI,risk_balanced_blend,synthetic_factor_baseline,1.0,0.2027849442994502,0.7825799658702979,0.31303198634811913,21D,"Blend di z-score prezzo, momentum a 63 sedute e penalita' per volatilita' recente.",paper,2026-05-23T18:18:53.758158+00:00
2024-11-29,MSFT,risk_balanced_blend,synthetic_factor_baseline,1.0,0.1239442935860198,0.47832111688297824,0.1913284467531913,21D,"Blend di z-score prezzo, momentum a 63 sedute e penalita' per volatilita' recente.",paper,2026-05-23T18:18:53.758158+00:00
2024-11-29,NVDA,risk_balanced_blend,synthetic_factor_baseline,1.0,0.028477559859259635,0.10989951892000097,0.043959807568000386,21D,"Blend di z-score prezzo, momentum a 63 sedute e penalita' per volatilita' recente.",paper,2026-05-23T18:18:53.758158+00:00
2024-11-29,SAP.DE,risk_balanced_blend,synthetic_factor_baseline,1.0,0.2562892513257773,1.0141764490328633,0.40567057961314534,21D,"Blend di z-score prezzo, momentum a 63 sedute e penalita' per volatilita' recente.",paper,2026-05-23T18:18:53.758158+00:00
2024-11-29,SPY,risk_balanced_blend,synthetic_factor_baseline,1.0,0.2562892513257773,1.0610320281851804,0.42441281127407215,21D,"Blend di z-score prezzo, momentum a 63 sedute e penalita' per volatilita' recente.",paper,2026-05-23T18:18:53.758158+00:00
2024-12-31,AAPL,risk_balanced_blend,synthetic_factor_baseline,1.0,0.018478706539762173,0.13535332556268967,0.05414133022507587,21D,"Blend di z-score prezzo, momentum a 63 sedute e penalita' per volatilita' recente.",paper,2026-05-23T18:18:53.761989+00:00
2024-12-31,ASML.AS,risk_balanced_blend,synthetic_factor_baseline,1.0,0.13332022475173275,0.9765475600839587,0.3906190240335835,21D,"Blend di z-score prezzo, momentum a 63 sedute e penalita' per volatilita' recente.",paper,2026-05-23T18:18:53.761989+00:00
2024-12-31,ENEL.MI,risk_balanced_blend,synthetic_factor_baseline,-1.0,0.0,-0.6268439994113402,0.2507375997645361,21D,"Blend di z-score prezzo, momentum a 63 sedute e penalita' per volatilita' recente.",paper,2026-05-23T18:18:53.761989+00:00
2024-12-31,ISP.MI,risk_balanced_blend,synthetic_factor_baseline,1.0,0.15918694239307146,1.1660167876304095,0.4664067150521638,21D,"Blend di z-score prezzo, momentum a 63 sedute e penalita' per volatilita' recente.",paper,2026-05-23T18:18:53.761989+00:00
2024-12-31,MSFT,risk_balanced_blend,synthetic_factor_baseline,1.0,0.13716959847078988,1.0047435560042828,0.4018974224017131,21D,"Blend di z-score prezzo, momentum a 63 sedute e penalita' per volatilita' recente.",paper,2026-05-23T18:18:53.761989+00:00
2024-12-31,NVDA,risk_balanced_blend,synthetic_factor_baseline,1.0,0.25197661188884224,1.903598408118499,0.7614393632473996,21D,"Blend di z-score prezzo, momentum a 63 sedute e penalita' per volatilita' recente.",paper,2026-05-23T18:18:53.761989+00:00
2024-12-31,SAP.DE,risk_balanced_blend,synthetic_factor_baseline,1.0,0.16713526394880618,1.2242368666654517,0.4896947466661807,21D,"Blend di z-score prezzo, momentum a 63 sedute e penalita' per volatilita' recente.",paper,2026-05-23T18:18:53.761989+00:00
2024-12-31,SPY,risk_balanced_blend,synthetic_factor_baseline,1.0,0.13273265200699527,0.9722436914750232,0.3888974765900093,21D,"Blend di z-score prezzo, momentum a 63 sedute e penalita' per volatilita' recente.",paper,2026-05-23T18:18:53.761989+00:00
2025-01-31,AAPL,risk_balanced_blend,synthetic_factor_baseline,-1.0,0.0,-0.6539947649530751,0.26159790598123,21D,"Blend di z-score prezzo, momentum a 63 sedute e penalita' per volatilita' recente.",paper,2026-05-23T18:18:53.765948+00:00
2025-01-31,ASML.AS,risk_balanced_blend,synthetic_factor_baseline,1.0,0.16328932234835009,1.2742301323886054,0.5096920529554422,21D,"Blend di z-score prezzo, momentum a 63 sedute e penalita' per volatilita' recente.",paper,2026-05-23T18:18:53.765948+00:00
2025-01-31,ENEL.MI,risk_balanced_blend,synthetic_factor_baseline,1.0,0.10426006054182534,0.8135945990616482,0.3254378396246593,21D,"Blend di z-score prezzo, momentum a 63 sedute e penalita' per volatilita' recente.",paper,2026-05-23T18:18:53.765948+00:00
2025-01-31,ISP.MI,risk_balanced_blend,synthetic_factor_baseline,1.0,0.08305097051270162,0.6480892175278921,0.25923568701115685,21D,"Blend di z-score prezzo, momentum a 63 sedute e penalita' per volatilita' recente.",paper,2026-05-23T18:18:53.765948+00:00
2025-01-31,MSFT,risk_balanced_blend,synthetic_factor_baseline,1.0,0.2208647805019927,1.7235208919456828,0.6894083567782732,21D,"Blend di z-score prezzo, momentum a 63 sedute e penalita' per volatilita' recente.",paper,2026-05-23T18:18:53.765948+00:00
2025-01-31,NVDA,risk_balanced_blend,synthetic_factor_baseline,1.0,0.08069414918697725,0.629697734810563,0.2518790939242252,21D,"Blend di z-score prezzo, momentum a 63 sedute e penalita' per volatilita' recente.",paper,2026-05-23T18:18:53.765948+00:00
2025-01-31,SAP.DE,risk_balanced_blend,synthetic_factor_baseline,1.0,0.1314461259269799,1.0257413775322541,0.41029655101290163,21D,"Blend di z-score prezzo, momentum a 63 sedute e penalita' per volatilita' recente.",paper,2026-05-23T18:18:53.765948+00:00
2025-01-31,SPY,risk_balanced_blend,synthetic_factor_baseline,1.0,0.21639459098117303,1.6886377158567731,0.6754550863427092,21D,"Blend di z-score prezzo, momentum a 63 sedute e penalita' per volatilita' recente.",paper,2026-05-23T18:18:53.765948+00:00
2025-02-28,AAPL,risk_balanced_blend,synthetic_factor_baseline,1.0,0.05565192379111694,0.4700535659463429,0.18802142637853717,21D,"Blend di z-score prezzo, momentum a 63 sedute e penalita' per volatilita' recente.",paper,2026-05-23T18:18:53.770036+00:00
2025-02-28,ASML.AS,risk_balanced_blend,synthetic_factor_baseline,1.0,0.17936364278938433,1.5149614631603023,0.6059845852641209,21D,"Blend di z-score prezzo, momentum a 63 sedute e penalita' per volatilita' recente.",paper,2026-05-23T18:18:53.770036+00:00
2025-02-28,ENEL.MI,risk_balanced_blend,synthetic_factor_baseline,1.0,0.031173665062286603,0.2633025316634907,0.10532101266539629,21D,"Blend di z-score prezzo, momentum a 63 sedute e penalita' per volatilita' recente.",paper,2026-05-23T18:18:53.770036+00:00
2025-02-28,ISP.MI,risk_balanced_blend,synthetic_factor_baseline,1.0,0.09367418917343232,0.791201519346802,0.31648060773872083,21D,"Blend di z-score prezzo, momentum a 63 sedute e penalita' per volatilita' recente.",paper,2026-05-23T18:18:53.770036+00:00
2025-02-28,MSFT,risk_balanced_blend,synthetic_factor_baseline,1.0,0.1474886706492261,1.245735472426209,0.4982941889704836,21D,"Blend di z-score prezzo, momentum a 63 sedute e penalita' per volatilita' recente.",paper,2026-05-23T18:18:53.770036+00:00
2025-02-28,NVDA,risk_balanced_blend,synthetic_factor_baseline,1.0,0.16786048748397595,1.4178022132620107,0.5671208853048043,21D,"Blend di z-score prezzo, momentum a 63 sedute e penalita' per volatilita' recente.",paper,2026-05-23T18:18:53.770036+00:00
2025-02-28,SAP.DE,risk_balanced_blend,synthetic_factor_baseline,1.0,0.15491527073415995,1.3084628610764786,0.5233851444305915,21D,"Blend di z-score prezzo, momentum a 63 sedute e penalita' per volatilita' recente.",paper,2026-05-23T18:18:53.770036+00:00
2025-02-28,SPY,risk_balanced_blend,synthetic_factor_baseline,1.0,0.1698721503164179,1.4347933471430285,0.5739173388572114,21D,"Blend di z-score prezzo, momentum a 63 sedute e penalita' per volatilita' recente.",paper,2026-05-23T18:18:53.770036+00:00
2025-03-31,AAPL,risk_balanced_blend,synthetic_factor_baseline,1.0,0.16477947511305985,1.7446346551662981,0.6978538620665192,21D,"Blend di z-score prezzo, momentum a 63 sedute e penalita' per volatilita' recente.",paper,2026-05-23T18:18:53.773963+00:00
2025-03-31,ASML.AS,risk_balanced_blend,synthetic_factor_baseline,1.0,0.1633542678308166,1.7295449966169496,0.6918179986467798,21D,"Blend di z-score prezzo, momentum a 63 sedute e penalita' per volatilita' recente.",paper,2026-05-23T18:18:53.773963+00:00
2025-03-31,ENEL.MI,risk_balanced_blend,synthetic_factor_baseline,1.0,0.0709632693904154,0.7513373794732287,0.30053495178929146,21D,"Blend di z-score prezzo, momentum a 63 sedute e penalita' per volatilita' recente.",paper,2026-05-23T18:18:53.773963+00:00
2025-03-31,ISP.MI,risk_balanced_blend,synthetic_factor_baseline,-1.0,0.0,-0.06433358687210004,0.025733434748840017,21D,"Blend di z-score prezzo, momentum a 63 sedute e penalita' per volatilita' recente.",paper,2026-05-23T18:18:53.773963+00:00
2025-03-31,MSFT,risk_balanced_blend,synthetic_factor_baseline,1.0,0.1203724138506868,1.27446628037768,0.5097865121510721,21D,"Blend di z-score prezzo, momentum a 63 sedute e penalita' per volatilita' recente.",paper,2026-05-23T18:18:53.773963+00:00
2025-03-31,NVDA,risk_balanced_blend,synthetic_factor_baseline,1.0,0.19095690226239673,2.0217932427664147,0.8087172971065659,21D,"Blend di z-score prezzo, momentum a 63 sedute e penalita' per volatilita' recente.",paper,2026-05-23T18:18:53.773963+00:00
2025-03-31,SAP.DE,risk_balanced_blend,synthetic_factor_baseline,1.0,0.12279501643215514,1.3001160551231394,0.5200464220492558,21D,"Blend di z-score prezzo, momentum a 63 sedute e penalita' per volatilita' recente.",paper,2026-05-23T18:18:53.773963+00:00
2025-03-31,SPY,risk_balanced_blend,synthetic_factor_baseline,1.0,0.16677865512046952,1.7658013612772954,0.7063205445109182,21D,"Blend di z-score prezzo, momentum a 63 sedute e penalita' per volatilita' recente.",paper,2026-05-23T18:18:53.773963+00:00
2025-04-30,AAPL,risk_balanced_blend,synthetic_factor_baseline,1.0,0.15099152382165854,1.63673987511525,0.6546959500461,21D,"Blend di z-score prezzo, momentum a 63 sedute e penalita' per volatilita' recente.",paper,2026-05-23T18:18:53.777768+00:00
2025-04-30,ASML.AS,risk_balanced_blend,synthetic_factor_baseline,1.0,0.15114847196084943,1.6384411843757771,0.6553764737503108,21D,"Blend di z-score prezzo, momentum a 63 sedute e penalita' per volatilita' recente.",paper,2026-05-23T18:18:53.777768+00:00
2025-04-30,ENEL.MI,risk_balanced_blend,synthetic_factor_baseline,1.0,0.08171095998686244,0.8857423453942289,0.3542969381576916,21D,"Blend di z-score prezzo, momentum a 63 sedute e penalita' per volatilita' recente.",paper,2026-05-23T18:18:53.777768+00:00
2025-04-30,ISP.MI,risk_balanced_blend,synthetic_factor_baseline,1.0,0.14902829344466398,1.6154585650076716,0.6461834260030687,21D,"Blend di z-score prezzo, momentum a 63 sedute e penalita' per volatilita' recente.",paper,2026-05-23T18:18:53.777768+00:00
2025-04-30,MSFT,risk_balanced_blend,synthetic_factor_baseline,1.0,0.15257319374687053,1.6538850907561142,0.6615540363024457,21D,"Blend di z-score prezzo, momentum a 63 sedute e penalita' per volatilita' recente.",paper,2026-05-23T18:18:53.777768+00:00
2025-04-30,NVDA,risk_balanced_blend,synthetic_factor_baseline,1.0,0.18681619391987528,2.025077343196286,0.8100309372785144,21D,"Blend di z-score prezzo, momentum a 63 sedute e penalita' per volatilita' recente.",paper,2026-05-23T18:18:53.777768+00:00
2025-04-30,SAP.DE,risk_balanced_blend,synthetic_factor_baseline,-1.0,0.0,-0.4057662005324414,0.16230648021297656,21D,"Blend di z-score prezzo, momentum a 63 sedute e penalita' per volatilita' recente.",paper,2026-05-23T18:18:53.777768+00:00
2025-04-30,SPY,risk_balanced_blend,synthetic_factor_baseline,1.0,0.1277313631192199,1.3846010029475853,0.5538404011790341,21D,"Blend di z-score prezzo, momentum a 63 sedute e penalita' per volatilita' recente.",paper,2026-05-23T18:18:53.777768+00:00
2025-05-30,AAPL,risk_balanced_blend,synthetic_factor_baseline,1.0,0.17536079282375594,0.7006637138055394,0.28026548552221575,21D,"Blend di z-score prezzo, momentum a 63 sedute e penalita' per volatilita' recente.",paper,2026-05-23T18:18:53.781816+00:00
2025-05-30,ASML.AS,risk_balanced_blend,synthetic_factor_baseline,1.0,0.2852249362044632,1.5179179577430293,0.6071671830972117,21D,"Blend di z-score prezzo, momentum a 63 sedute e penalita' per volatilita' recente.",paper,2026-05-23T18:18:53.781816+00:00
2025-05-30,ENEL.MI,risk_balanced_blend,synthetic_factor_baseline,-1.0,0.0,-1.135610341686688,0.4542441366746752,21D,"Blend di z-score prezzo, momentum a 63 sedute e penalita' per volatilita' recente.",paper,2026-05-23T18:18:53.781816+00:00
2025-05-30,ISP.MI,risk_balanced_blend,synthetic_factor_baseline,1.0,0.022653627228911566,0.09051381628576459,0.036205526514305836,21D,"Blend di z-score prezzo, momentum a 63 sedute e penalita' per volatilita' recente.",paper,2026-05-23T18:18:53.781816+00:00
2025-05-30,MSFT,risk_balanced_blend,synthetic_factor_baseline,1.0,0.012158588831701556,0.04858031187174523,0.01943212474869809,21D,"Blend di z-score prezzo, momentum a 63 sedute e penalita' per volatilita' recente.",paper,2026-05-23T18:18:53.781816+00:00
2025-05-30,NVDA,risk_balanced_blend,synthetic_factor_baseline,1.0,0.2852249362044632,1.3243186482535667,0.5297274593014267,21D,"Blend di z-score prezzo, momentum a 63 sedute e penalita' per volatilita' recente.",paper,2026-05-23T18:18:53.781816+00:00
2025-05-30,SAP.DE,risk_balanced_blend,synthetic_factor_baseline,-1.0,0.0,-0.9282851634837463,0.37131406539349854,21D,"Blend di z-score prezzo, momentum a 63 sedute e penalita' per volatilita' recente.",paper,2026-05-23T18:18:53.781816+00:00
2025-05-30,SPY,risk_balanced_blend,synthetic_factor_baseline,1.0,0.2193771187067044,0.8765333700987654,0.35061334803950617,21D,"Blend di z-score prezzo, momentum a 63 sedute e penalita' per volatilita' recente.",paper,2026-05-23T18:18:53.781816+00:00
2025-06-30,AAPL,risk_balanced_blend,synthetic_factor_baseline,1.0,0.30342322861830384,1.5933357454015913,0.6373342981606365,21D,"Blend di z-score prezzo, momentum a 63 sedute e penalita' per volatilita' recente.",paper,2026-05-23T18:18:53.785749+00:00
2025-06-30,ASML.AS,risk_balanced_blend,synthetic_factor_baseline,1.0,0.30342322861830384,1.067489052925202,0.4269956211700808,21D,"Blend di z-score prezzo, momentum a 63 sedute e penalita' per volatilita' recente.",paper,2026-05-23T18:18:53.785749+00:00
2025-06-30,ENEL.MI,risk_balanced_blend,synthetic_factor_baseline,-1.0,0.0,-1.318369299582296,0.5273477198329184,21D,"Blend di z-score prezzo, momentum a 63 sedute e penalita' per volatilita' recente.",paper,2026-05-23T18:18:53.785749+00:00
2025-06-30,ISP.MI,risk_balanced_blend,synthetic_factor_baseline,-1.0,0.0,-1.1250155333172085,0.4500062133268834,21D,"Blend di z-score prezzo, momentum a 63 sedute e penalita' per volatilita' recente.",paper,2026-05-23T18:18:53.785749+00:00
2025-06-30,MSFT,risk_balanced_blend,synthetic_factor_baseline,1.0,0.09633027980186615,0.3123774509350524,0.12495098037402097,21D,"Blend di z-score prezzo, momentum a 63 sedute e penalita' per volatilita' recente.",paper,2026-05-23T18:18:53.785749+00:00
2025-06-30,NVDA,risk_balanced_blend,synthetic_factor_baseline,1.0,0.14683113588116536,0.4761403791081712,0.19045615164326848,21D,"Blend di z-score prezzo, momentum a 63 sedute e penalita' per volatilita' recente.",paper,2026-05-23T18:18:53.785749+00:00
2025-06-30,SAP.DE,risk_balanced_blend,synthetic_factor_baseline,-1.0,0.0,-0.9260895951435033,0.3704358380574013,21D,"Blend di z-score prezzo, momentum a 63 sedute e penalita' per volatilita' recente.",paper,2026-05-23T18:18:53.785749+00:00
2025-06-30,SPY,risk_balanced_blend,synthetic_factor_baseline,1.0,0.14999212708036072,0.48639076325803277,0.1945563053032131,21D,"Blend di z-score prezzo, momentum a 63 sedute e penalita' per volatilita' recente.",paper,2026-05-23T18:18:53.785749+00:00
2025-07-31,AAPL,risk_balanced_blend,synthetic_factor_baseline,1.0,0.30071862142808375,1.2689246526829903,0.5075698610731961,21D,"Blend di z-score prezzo, momentum a 63 sedute e penalita' per volatilita' recente.",paper,2026-05-23T18:18:53.789508+00:00
2025-07-31,ASML.AS,risk_balanced_blend,synthetic_factor_baseline,1.0,0.30071862142808375,1.9905224210157781,0.7962089684063113,21D,"Blend di z-score prezzo, momentum a 63 sedute e penalita' per volatilita' recente.",paper,2026-05-23T18:18:53.789508+00:00
2025-07-31,ENEL.MI,risk_balanced_blend,synthetic_factor_baseline,-1.0,0.0,-1.3376410224124782,0.5350564089649913,21D,"Blend di z-score prezzo, momentum a 63 sedute e penalita' per volatilita' recente.",paper,2026-05-23T18:18:53.789508+00:00
2025-07-31,ISP.MI,risk_balanced_blend,synthetic_factor_baseline,-1.0,0.0,-0.7479208525727337,0.29916834102909345,21D,"Blend di z-score prezzo, momentum a 63 sedute e penalita' per volatilita' recente.",paper,2026-05-23T18:18:53.789508+00:00
2025-07-31,MSFT,risk_balanced_blend,synthetic_factor_baseline,-1.0,0.0,-0.9137211003156193,0.3654884401262477,21D,"Blend di z-score prezzo, momentum a 63 sedute e penalita' per volatilita' recente.",paper,2026-05-23T18:18:53.789508+00:00
2025-07-31,NVDA,risk_balanced_blend,synthetic_factor_baseline,1.0,0.2290116129518233,0.9280620997624567,0.3712248399049827,21D,"Blend di z-score prezzo, momentum a 63 sedute e penalita' per volatilita' recente.",paper,2026-05-23T18:18:53.789508+00:00
2025-07-31,SAP.DE,risk_balanced_blend,synthetic_factor_baseline,-1.0,0.0,-1.3482929214885415,0.5393171685954166,21D,"Blend di z-score prezzo, momentum a 63 sedute e penalita' per volatilita' recente.",paper,2026-05-23T18:18:53.789508+00:00
2025-07-31,SPY,risk_balanced_blend,synthetic_factor_baseline,1.0,0.16955114419200928,0.6871004874720718,0.2748401949888287,21D,"Blend di z-score prezzo, momentum a 63 sedute e penalita' per volatilita' recente.",paper,2026-05-23T18:18:53.789508+00:00
2025-08-29,AAPL,risk_balanced_blend,synthetic_factor_baseline,1.0,0.4418911537581891,0.22621783183438074,0.09048713273375229,21D,"Blend di z-score prezzo, momentum a 63 sedute e penalita' per volatilita' recente.",paper,2026-05-23T18:18:53.793389+00:00
2025-08-29,ASML.AS,risk_balanced_blend,synthetic_factor_baseline,1.0,0.5248181993414117,0.831422717680961,0.3325690870723844,21D,"Blend di z-score prezzo, momentum a 63 sedute e penalita' per volatilita' recente.",paper,2026-05-23T18:18:53.793389+00:00
2025-08-29,ENEL.MI,risk_balanced_blend,synthetic_factor_baseline,-1.0,0.0,-1.1746099699384367,0.4698439879753747,21D,"Blend di z-score prezzo, momentum a 63 sedute e penalita' per volatilita' recente.",paper,2026-05-23T18:18:53.793389+00:00
2025-08-29,ISP.MI,risk_balanced_blend,synthetic_factor_baseline,-1.0,0.0,-1.2078340199638615,0.4831336079855446,21D,"Blend di z-score prezzo, momentum a 63 sedute e penalita' per volatilita' recente.",paper,2026-05-23T18:18:53.793389+00:00
2025-08-29,MSFT,risk_balanced_blend,synthetic_factor_baseline,-1.0,0.0,-1.1612353591880051,0.46449414367520203,21D,"Blend di z-score prezzo, momentum a 63 sedute e penalita' per volatilita' recente.",paper,2026-05-23T18:18:53.793389+00:00
2025-08-29,NVDA,risk_balanced_blend,synthetic_factor_baseline,1.0,0.033290646900399325,0.01704251804572976,0.006817007218291904,21D,"Blend di z-score prezzo, momentum a 63 sedute e penalita' per volatilita' recente.",paper,2026-05-23T18:18:53.793389+00:00
2025-08-29,SAP.DE,risk_balanced_blend,synthetic_factor_baseline,-1.0,0.0,-0.9216328352327628,0.36865313409310513,21D,"Blend di z-score prezzo, momentum a 63 sedute e penalita' per volatilita' recente.",paper,2026-05-23T18:18:53.793389+00:00
2025-08-29,SPY,risk_balanced_blend,synthetic_factor_baseline,-1.0,0.0,-1.562714288135851,0.6250857152543403,21D,"Blend di z-score prezzo, momentum a 63 sedute e penalita' per volatilita' recente.",paper,2026-05-23T18:18:53.793389+00:00
2025-09-30,AAPL,risk_balanced_blend,synthetic_factor_baseline,-1.0,0.0,-0.004529462717402261,0.0018117850869609042,21D,"Blend di z-score prezzo, momentum a 63 sedute e penalita' per volatilita' recente.",paper,2026-05-23T18:18:53.797316+00:00
2025-09-30,ASML.AS,risk_balanced_blend,synthetic_factor_baseline,1.0,0.5884221137670085,0.8248815729937139,0.3299526291974856,21D,"Blend di z-score prezzo, momentum a 63 sedute e penalita' per volatilita' recente.",paper,2026-05-23T18:18:53.797316+00:00
2025-09-30,ENEL.MI,risk_balanced_blend,synthetic_factor_baseline,-1.0,0.0,-0.9846998691830795,0.3938799476732318,21D,"Blend di z-score prezzo, momentum a 63 sedute e penalita' per volatilita' recente.",paper,2026-05-23T18:18:53.797316+00:00
2025-09-30,ISP.MI,risk_balanced_blend,synthetic_factor_baseline,-1.0,0.0,-0.6352379339215022,0.2540951735686009,21D,"Blend di z-score prezzo, momentum a 63 sedute e penalita' per volatilita' recente.",paper,2026-05-23T18:18:53.797316+00:00
2025-09-30,MSFT,risk_balanced_blend,synthetic_factor_baseline,-1.0,0.0,-1.2291020242492008,0.4916408096996803,21D,"Blend di z-score prezzo, momentum a 63 sedute e penalita' per volatilita' recente.",paper,2026-05-23T18:18:53.797316+00:00
2025-09-30,NVDA,risk_balanced_blend,synthetic_factor_baseline,1.0,0.4115778862329916,0.17481137256203996,0.06992454902481599,21D,"Blend di z-score prezzo, momentum a 63 sedute e penalita' per volatilita' recente.",paper,2026-05-23T18:18:53.797316+00:00
2025-09-30,SAP.DE,risk_balanced_blend,synthetic_factor_baseline,-1.0,0.0,-1.07027777541557,0.42811111016622794,21D,"Blend di z-score prezzo, momentum a 63 sedute e penalita' per volatilita' recente.",paper,2026-05-23T18:18:53.797316+00:00
2025-09-30,SPY,risk_balanced_blend,synthetic_factor_baseline,-1.0,0.0,-0.9256090052106313,0.3702436020842525,21D,"Blend di z-score prezzo, momentum a 63 sedute e penalita' per volatilita' recente.",paper,2026-05-23T18:18:53.797316+00:00
2025-10-31,AAPL,risk_balanced_blend,synthetic_factor_baseline,-1.0,0.0,-0.6231741628843855,0.2492696651537542,21D,"Blend di z-score prezzo, momentum a 63 sedute e penalita' per volatilita' recente.",paper,2026-05-23T18:18:53.801557+00:00
2025-10-31,ASML.AS,risk_balanced_blend,synthetic_factor_baseline,-1.0,0.0,-1.046491427201235,0.41859657088049396,21D,"Blend di z-score prezzo, momentum a 63 sedute e penalita' per volatilita' recente.",paper,2026-05-23T18:18:53.801557+00:00
2025-10-31,ENEL.MI,risk_balanced_blend,synthetic_factor_baseline,-1.0,0.0,-0.2750196713097425,0.11000786852389699,21D,"Blend di z-score prezzo, momentum a 63 sedute e penalita' per volatilita' recente.",paper,2026-05-23T18:18:53.801557+00:00
2025-10-31,ISP.MI,risk_balanced_blend,synthetic_factor_baseline,1.0,0.32674119065426843,1.6277887699543674,0.651115507981747,21D,"Blend di z-score prezzo, momentum a 63 sedute e penalita' per volatilita' recente.",paper,2026-05-23T18:18:53.801557+00:00
2025-10-31,MSFT,risk_balanced_blend,synthetic_factor_baseline,1.0,0.32674119065426843,1.4471474163890898,0.578858966555636,21D,"Blend di z-score prezzo, momentum a 63 sedute e penalita' per volatilita' recente.",paper,2026-05-23T18:18:53.801557+00:00
2025-10-31,NVDA,risk_balanced_blend,synthetic_factor_baseline,1.0,0.24852619344641635,0.7956733385234258,0.3182693354093703,21D,"Blend di z-score prezzo, momentum a 63 sedute e penalita' per volatilita' recente.",paper,2026-05-23T18:18:53.801557+00:00
2025-10-31,SAP.DE,risk_balanced_blend,synthetic_factor_baseline,1.0,0.09799142524504673,0.31372614447662084,0.12549045779064832,21D,"Blend di z-score prezzo, momentum a 63 sedute e penalita' per volatilita' recente.",paper,2026-05-23T18:18:53.801557+00:00
2025-10-31,SPY,risk_balanced_blend,synthetic_factor_baseline,-1.0,0.0,-0.9840425210308357,0.39361700841233427,21D,"Blend di z-score prezzo, momentum a 63 sedute e penalita' per volatilita' recente.",paper,2026-05-23T18:18:53.801557+00:00
2025-11-28,AAPL,risk_balanced_blend,synthetic_factor_baseline,1.0,0.07408804159303928,1.0472562900397513,0.4189025160159005,21D,"Blend di z-score prezzo, momentum a 63 sedute e penalita' per volatilita' recente.",paper,2026-05-23T18:18:53.805620+00:00
2025-11-28,ASML.AS,risk_balanced_blend,synthetic_factor_baseline,1.0,0.1311470208489511,1.853801768151235,0.741520707260494,21D,"Blend di z-score prezzo, momentum a 63 sedute e penalita' per volatilita' recente.",paper,2026-05-23T18:18:53.805620+00:00
2025-11-28,ENEL.MI,risk_balanced_blend,synthetic_factor_baseline,1.0,0.0760551899479868,1.0750625114469277,0.4300250045787711,21D,"Blend di z-score prezzo, momentum a 63 sedute e penalita' per volatilita' recente.",paper,2026-05-23T18:18:53.805620+00:00
2025-11-28,ISP.MI,risk_balanced_blend,synthetic_factor_baseline,1.0,0.12301522617059499,1.7388564552085817,0.6955425820834327,21D,"Blend di z-score prezzo, momentum a 63 sedute e penalita' per volatilita' recente.",paper,2026-05-23T18:18:53.805620+00:00
2025-11-28,MSFT,risk_balanced_blend,synthetic_factor_baseline,1.0,0.10513047394096679,1.4860502146122543,0.5944200858449017,21D,"Blend di z-score prezzo, momentum a 63 sedute e penalita' per volatilita' recente.",paper,2026-05-23T18:18:53.805620+00:00
2025-11-28,NVDA,risk_balanced_blend,synthetic_factor_baseline,1.0,0.13641067976339583,1.9282051372813749,0.77128205491255,21D,"Blend di z-score prezzo, momentum a 63 sedute e penalita' per volatilita' recente.",paper,2026-05-23T18:18:53.805620+00:00
2025-11-28,SAP.DE,risk_balanced_blend,synthetic_factor_baseline,1.0,0.18424782226908243,2.604397236699954,1.0,21D,"Blend di z-score prezzo, momentum a 63 sedute e penalita' per volatilita' recente.",paper,2026-05-23T18:18:53.805620+00:00
2025-11-28,SPY,risk_balanced_blend,synthetic_factor_baseline,1.0,0.16990554546598277,2.4016649296693346,0.9606659718677338,21D,"Blend di z-score prezzo, momentum a 63 sedute e penalita' per volatilita' recente.",paper,2026-05-23T18:18:53.805620+00:00
2025-12-31,AAPL,risk_balanced_blend,synthetic_factor_baseline,-1.0,0.0,-1.2429095525995628,0.49716382103982515,21D,"Blend di z-score prezzo, momentum a 63 sedute e penalita' per volatilita' recente.",paper,2026-05-23T18:18:53.809541+00:00
2025-12-31,ASML.AS,risk_balanced_blend,synthetic_factor_baseline,1.0,0.3079653780487006,0.45640225880770163,0.18256090352308066,21D,"Blend di z-score prezzo, momentum a 63 sedute e penalita' per volatilita' recente.",paper,2026-05-23T18:18:53.809541+00:00
2025-12-31,ENEL.MI,risk_balanced_blend,synthetic_factor_baseline,-1.0,0.0,-0.5674263476354928,0.22697053905419712,21D,"Blend di z-score prezzo, momentum a 63 sedute e penalita' per volatilita' recente.",paper,2026-05-23T18:18:53.809541+00:00
2025-12-31,ISP.MI,risk_balanced_blend,synthetic_factor_baseline,1.0,0.3498603670626954,1.1104594040169906,0.44418376160679623,21D,"Blend di z-score prezzo, momentum a 63 sedute e penalita' per volatilita' recente.",paper,2026-05-23T18:18:53.809541+00:00
2025-12-31,MSFT,risk_balanced_blend,synthetic_factor_baseline,-1.0,0.0,-0.5373153495013259,0.21492613980053035,21D,"Blend di z-score prezzo, momentum a 63 sedute e penalita' per volatilita' recente.",paper,2026-05-23T18:18:53.809541+00:00
2025-12-31,NVDA,risk_balanced_blend,synthetic_factor_baseline,1.0,0.33091739652067437,0.4904169689714798,0.1961667875885919,21D,"Blend di z-score prezzo, momentum a 63 sedute e penalita' per volatilita' recente.",paper,2026-05-23T18:18:53.809541+00:00
2025-12-31,SAP.DE,risk_balanced_blend,synthetic_factor_baseline,1.0,0.011256858367929657,0.0166825752256769,0.0066730300902707596,21D,"Blend di z-score prezzo, momentum a 63 sedute e penalita' per volatilita' recente.",paper,2026-05-23T18:18:53.809541+00:00
2025-12-31,SPY,risk_balanced_blend,synthetic_factor_baseline,-1.0,0.0,-0.8800953561487183,0.3520381424594873,21D,"Blend di z-score prezzo, momentum a 63 sedute e penalita' per volatilita' recente.",paper,2026-05-23T18:18:53.809541+00:00
2026-01-30,AAPL,risk_balanced_blend,synthetic_factor_baseline,-1.0,0.0,-1.1766649518628765,0.4706659807451506,21D,"Blend di z-score prezzo, momentum a 63 sedute e penalita' per volatilita' recente.",paper,2026-05-23T18:18:53.812902+00:00
2026-01-30,ASML.AS,risk_balanced_blend,synthetic_factor_baseline,-1.0,0.0,-0.5654710014574806,0.22618840058299225,21D,"Blend di z-score prezzo, momentum a 63 sedute e penalita' per volatilita' recente.",paper,2026-05-23T18:18:53.812902+00:00
2026-01-30,ENEL.MI,risk_balanced_blend,synthetic_factor_baseline,-1.0,0.0,-1.0648759646921202,0.4259503858768481,21D,"Blend di z-score prezzo, momentum a 63 sedute e penalita' per volatilita' recente.",paper,2026-05-23T18:18:53.812902+00:00
2026-01-30,ISP.MI,risk_balanced_blend,synthetic_factor_baseline,-1.0,0.0,-0.34107929725831915,0.13643171890332767,21D,"Blend di z-score prezzo, momentum a 63 sedute e penalita' per volatilita' recente.",paper,2026-05-23T18:18:53.812902+00:00
2026-01-30,MSFT,risk_balanced_blend,synthetic_factor_baseline,-1.0,0.0,-1.2093197254974062,0.48372789019896245,21D,"Blend di z-score prezzo, momentum a 63 sedute e penalita' per volatilita' recente.",paper,2026-05-23T18:18:53.812902+00:00
2026-01-30,NVDA,risk_balanced_blend,synthetic_factor_baseline,-1.0,0.0,-0.2390755149649093,0.09563020598596372,21D,"Blend di z-score prezzo, momentum a 63 sedute e penalita' per volatilita' recente.",paper,2026-05-23T18:18:53.812902+00:00
2026-01-30,SAP.DE,risk_balanced_blend,synthetic_factor_baseline,-1.0,0.0,-0.19220357904729432,0.07688143161891772,21D,"Blend di z-score prezzo, momentum a 63 sedute e penalita' per volatilita' recente.",paper,2026-05-23T18:18:53.812902+00:00
2026-01-30,SPY,risk_balanced_blend,synthetic_factor_baseline,-1.0,0.0,-0.22955449558245053,0.09182179823298021,21D,"Blend di z-score prezzo, momentum a 63 sedute e penalita' per volatilita' recente.",paper,2026-05-23T18:18:53.812902+00:00
2026-02-27,AAPL,risk_balanced_blend,synthetic_factor_baseline,-1.0,0.0,-0.0920855741681551,0.03683422966726204,21D,"Blend di z-score prezzo, momentum a 63 sedute e penalita' per volatilita' recente.",paper,2026-05-23T18:18:53.816927+00:00
2026-02-27,ASML.AS,risk_balanced_blend,synthetic_factor_baseline,-1.0,0.0,-0.761303779834067,0.3045215119336268,21D,"Blend di z-score prezzo, momentum a 63 sedute e penalita' per volatilita' recente.",paper,2026-05-23T18:18:53.816927+00:00
2026-02-27,ENEL.MI,risk_balanced_blend,synthetic_factor_baseline,1.0,0.3229550178341787,0.6358591166525405,0.25434364666101617,21D,"Blend di z-score prezzo, momentum a 63 sedute e penalita' per volatilita' recente.",paper,2026-05-23T18:18:53.816927+00:00
2026-02-27,ISP.MI,risk_balanced_blend,synthetic_factor_baseline,1.0,0.35799886016631743,1.5554026119675688,0.6221610447870275,21D,"Blend di z-score prezzo, momentum a 63 sedute e penalita' per volatilita' recente.",paper,2026-05-23T18:18:53.816927+00:00
2026-02-27,MSFT,risk_balanced_blend,synthetic_factor_baseline,-1.0,0.0,-0.769558467041946,0.3078233868167784,21D,"Blend di z-score prezzo, momentum a 63 sedute e penalita' per volatilita' recente.",paper,2026-05-23T18:18:53.816927+00:00
2026-02-27,NVDA,risk_balanced_blend,synthetic_factor_baseline,-1.0,0.0,-0.38951156721823266,0.15580462688729307,21D,"Blend di z-score prezzo, momentum a 63 sedute e penalita' per volatilita' recente.",paper,2026-05-23T18:18:53.816927+00:00
2026-02-27,SAP.DE,risk_balanced_blend,synthetic_factor_baseline,1.0,0.02402860910733267,0.0473094063186925,0.018923762527477,21D,"Blend di z-score prezzo, momentum a 63 sedute e penalita' per volatilita' recente.",paper,2026-05-23T18:18:53.816927+00:00
2026-02-27,SPY,risk_balanced_blend,synthetic_factor_baseline,1.0,0.29501751289217126,0.5808535702670624,0.23234142810682495,21D,"Blend di z-score prezzo, momentum a 63 sedute e penalita' per volatilita' recente.",paper,2026-05-23T18:18:53.816927+00:00
2026-03-31,AAPL,risk_balanced_blend,synthetic_factor_baseline,1.0,0.24171584076430291,0.9045597818870397,0.36182391275481585,21D,"Blend di z-score prezzo, momentum a 63 sedute e penalita' per volatilita' recente.",paper,2026-05-23T18:18:53.821070+00:00
2026-03-31,ASML.AS,risk_balanced_blend,synthetic_factor_baseline,-1.0,0.0,-0.20658938920075365,0.08263575568030146,21D,"Blend di z-score prezzo, momentum a 63 sedute e penalita' per volatilita' recente.",paper,2026-05-23T18:18:53.821070+00:00
2026-03-31,ENEL.MI,risk_balanced_blend,synthetic_factor_baseline,-1.0,0.0,-0.33936804904206364,0.13574721961682545,21D,"Blend di z-score prezzo, momentum a 63 sedute e penalita' per volatilita' recente.",paper,2026-05-23T18:18:53.821070+00:00
2026-03-31,ISP.MI,risk_balanced_blend,synthetic_factor_baseline,1.0,0.22057713140205268,0.8254535624947588,0.3301814249979035,21D,"Blend di z-score prezzo, momentum a 63 sedute e penalita' per volatilita' recente.",paper,2026-05-23T18:18:53.821070+00:00
2026-03-31,MSFT,risk_balanced_blend,synthetic_factor_baseline,1.0,0.0869973934198948,0.3255655192800371,0.13022620771201482,21D,"Blend di z-score prezzo, momentum a 63 sedute e penalita' per volatilita' recente.",paper,2026-05-23T18:18:53.821070+00:00
2026-03-31,NVDA,risk_balanced_blend,synthetic_factor_baseline,1.0,0.24773107181006815,0.9270702473391703,0.37082809893566815,21D,"Blend di z-score prezzo, momentum a 63 sedute e penalita' per volatilita' recente.",paper,2026-05-23T18:18:53.821070+00:00
2026-03-31,SAP.DE,risk_balanced_blend,synthetic_factor_baseline,-1.0,0.0,-0.1712336729208926,0.06849346916835704,21D,"Blend di z-score prezzo, momentum a 63 sedute e penalita' per volatilita' recente.",paper,2026-05-23T18:18:53.821070+00:00
2026-03-31,SPY,risk_balanced_blend,synthetic_factor_baseline,1.0,0.20297856260368144,0.759595414748036,0.3038381658992144,21D,"Blend di z-score prezzo, momentum a 63 sedute e penalita' per volatilita' recente.",paper,2026-05-23T18:18:53.821070+00:00
2026-04-30,AAPL,risk_balanced_blend,synthetic_factor_baseline,1.0,0.16920816579417125,0.9972634345290681,0.3989053738116272,21D,"Blend di z-score prezzo, momentum a 63 sedute e penalita' per volatilita' recente.",paper,2026-05-23T18:18:53.825064+00:00
2026-04-30,ASML.AS,risk_balanced_blend,synthetic_factor_baseline,1.0,0.12861453310548449,0.7580164374049747,0.3032065749619899,21D,"Blend di z-score prezzo, momentum a 63 sedute e penalita' per volatilita' recente.",paper,2026-05-23T18:18:53.825064+00:00
2026-04-30,ENEL.MI,risk_balanced_blend,synthetic_factor_baseline,1.0,0.06363041925410892,0.3750190787072706,0.15000763148290824,21D,"Blend di z-score prezzo, momentum a 63 sedute e penalita' per volatilita' recente.",paper,2026-05-23T18:18:53.825064+00:00
2026-04-30,ISP.MI,risk_balanced_blend,synthetic_factor_baseline,1.0,0.1747826015499635,1.0301175283093016,0.4120470113237206,21D,"Blend di z-score prezzo, momentum a 63 sedute e penalita' per volatilita' recente.",paper,2026-05-23T18:18:53.825064+00:00
2026-04-30,MSFT,risk_balanced_blend,synthetic_factor_baseline,1.0,0.12297876976913288,0.724800896803703,0.2899203587214812,21D,"Blend di z-score prezzo, momentum a 63 sedute e penalita' per volatilita' recente.",paper,2026-05-23T18:18:53.825064+00:00
2026-04-30,NVDA,risk_balanced_blend,synthetic_factor_baseline,1.0,0.11084510666728953,0.6532886356692007,0.26131545426768027,21D,"Blend di z-score prezzo, momentum a 63 sedute e penalita' per volatilita' recente.",paper,2026-05-23T18:18:53.825064+00:00
2026-04-30,SAP.DE,risk_balanced_blend,synthetic_factor_baseline,1.0,0.006915287707601016,0.04075668297490874,0.016302673189963496,21D,"Blend di z-score prezzo, momentum a 63 sedute e penalita' per volatilita' recente.",paper,2026-05-23T18:18:53.825064+00:00
2026-04-30,SPY,risk_balanced_blend,synthetic_factor_baseline,1.0,0.2230251161522484,1.3144447980766254,0.5257779192306502,21D,"Blend di z-score prezzo, momentum a 63 sedute e penalita' per volatilita' recente.",paper,2026-05-23T18:18:53.825064+00:00
2026-05-22,AAPL,risk_balanced_blend,synthetic_factor_baseline,1.0,0.09448354831176464,0.5287309569445865,0.2114923827778346,21D,"Blend di z-score prezzo, momentum a 63 sedute e penalita' per volatilita' recente.",paper,2026-05-23T18:18:53.829040+00:00
2026-05-22,ASML.AS,risk_balanced_blend,synthetic_factor_baseline,1.0,0.12369675126556576,0.692208356229097,0.2768833424916388,21D,"Blend di z-score prezzo, momentum a 63 sedute e penalita' per volatilita' recente.",paper,2026-05-23T18:18:53.829040+00:00
2026-05-22,ENEL.MI,risk_balanced_blend,synthetic_factor_baseline,-1.0,0.0,-1.0654156739408065,0.4261662695763226,21D,"Blend di z-score prezzo, momentum a 63 sedute e penalita' per volatilita' recente.",paper,2026-05-23T18:18:53.829040+00:00
2026-05-22,ISP.MI,risk_balanced_blend,synthetic_factor_baseline,1.0,0.2543987628398716,1.4236182248152918,0.5694472899261167,21D,"Blend di z-score prezzo, momentum a 63 sedute e penalita' per volatilita' recente.",paper,2026-05-23T18:18:53.829040+00:00
2026-05-22,MSFT,risk_balanced_blend,synthetic_factor_baseline,1.0,0.2712292335548805,1.9929978018835703,0.7971991207534281,21D,"Blend di z-score prezzo, momentum a 63 sedute e penalita' per volatilita' recente.",paper,2026-05-23T18:18:53.829040+00:00
2026-05-22,NVDA,risk_balanced_blend,synthetic_factor_baseline,-1.0,0.0,-0.626428004135635,0.250571201654254,21D,"Blend di z-score prezzo, momentum a 63 sedute e penalita' per volatilita' recente.",paper,2026-05-23T18:18:53.829040+00:00
2026-05-22,SAP.DE,risk_balanced_blend,synthetic_factor_baseline,-1.0,0.0,-0.24084881118435608,0.09633952447374243,21D,"Blend di z-score prezzo, momentum a 63 sedute e penalita' per volatilita' recente.",paper,2026-05-23T18:18:53.829040+00:00
2026-05-22,SPY,risk_balanced_blend,synthetic_factor_baseline,1.0,0.2561917040279175,1.4336515430705805,0.5734606172282322,21D,"Blend di z-score prezzo, momentum a 63 sedute e penalita' per volatilita' recente.",paper,2026-05-23T18:18:53.829040+00:00
