relative_path,path,file,suffix,role,size_mb,modified_utc,age_hours,parent,exists
Finance Database/report.html,/Users/itsgennymac/Library/CloudStorage/GoogleDrive-sfn.gns@gmail.com/Il mio Drive/Database Finanziario/Finance Database/report.html,report.html,.html,notebook_export,4.5675,2022-10-19T14:38:45+00:00,31489.76,Finance Database,True
Cripto_MinuteTimeSeries/zrxusd.csv,/Users/itsgennymac/Library/CloudStorage/GoogleDrive-sfn.gns@gmail.com/Il mio Drive/Database Finanziario/Cripto_MinuteTimeSeries/zrxusd.csv,zrxusd.csv,.csv,other,35.7488,2022-09-28T10:22:20+00:00,31998.04,Cripto_MinuteTimeSeries,True
Finance Database/archive/zrxusd.csv,/Users/itsgennymac/Library/CloudStorage/GoogleDrive-sfn.gns@gmail.com/Il mio Drive/Database Finanziario/Finance Database/archive/zrxusd.csv,zrxusd.csv,.csv,other,35.7488,2022-09-28T10:22:20+00:00,31998.04,Finance Database/archive,True
Cripto_MinuteTimeSeries/zrxbtc.csv,/Users/itsgennymac/Library/CloudStorage/GoogleDrive-sfn.gns@gmail.com/Il mio Drive/Database Finanziario/Cripto_MinuteTimeSeries/zrxbtc.csv,zrxbtc.csv,.csv,other,20.4548,2022-09-28T10:22:18+00:00,31998.04,Cripto_MinuteTimeSeries,True
Cripto_MinuteTimeSeries/zmtust.csv,/Users/itsgennymac/Library/CloudStorage/GoogleDrive-sfn.gns@gmail.com/Il mio Drive/Database Finanziario/Cripto_MinuteTimeSeries/zmtust.csv,zmtust.csv,.csv,other,0.7096,2022-09-28T10:22:18+00:00,31998.04,Cripto_MinuteTimeSeries,True
Cripto_MinuteTimeSeries/zrxeth.csv,/Users/itsgennymac/Library/CloudStorage/GoogleDrive-sfn.gns@gmail.com/Il mio Drive/Database Finanziario/Cripto_MinuteTimeSeries/zrxeth.csv,zrxeth.csv,.csv,other,17.2667,2022-09-28T10:22:18+00:00,31998.04,Cripto_MinuteTimeSeries,True
Finance Database/archive/zrxbtc.csv,/Users/itsgennymac/Library/CloudStorage/GoogleDrive-sfn.gns@gmail.com/Il mio Drive/Database Finanziario/Finance Database/archive/zrxbtc.csv,zrxbtc.csv,.csv,other,20.4548,2022-09-28T10:22:18+00:00,31998.04,Finance Database/archive,True
Finance Database/archive/zmtust.csv,/Users/itsgennymac/Library/CloudStorage/GoogleDrive-sfn.gns@gmail.com/Il mio Drive/Database Finanziario/Finance Database/archive/zmtust.csv,zmtust.csv,.csv,other,0.7096,2022-09-28T10:22:18+00:00,31998.04,Finance Database/archive,True
Finance Database/archive/zrxeth.csv,/Users/itsgennymac/Library/CloudStorage/GoogleDrive-sfn.gns@gmail.com/Il mio Drive/Database Finanziario/Finance Database/archive/zrxeth.csv,zrxeth.csv,.csv,other,17.2667,2022-09-28T10:22:18+00:00,31998.04,Finance Database/archive,True
Cripto_MinuteTimeSeries/zilusd.csv,/Users/itsgennymac/Library/CloudStorage/GoogleDrive-sfn.gns@gmail.com/Il mio Drive/Database Finanziario/Cripto_MinuteTimeSeries/zilusd.csv,zilusd.csv,.csv,other,4.5246,2022-09-28T10:22:16+00:00,31998.04,Cripto_MinuteTimeSeries,True
Cripto_MinuteTimeSeries/zmtusd.csv,/Users/itsgennymac/Library/CloudStorage/GoogleDrive-sfn.gns@gmail.com/Il mio Drive/Database Finanziario/Cripto_MinuteTimeSeries/zmtusd.csv,zmtusd.csv,.csv,other,7.0821,2022-09-28T10:22:16+00:00,31998.04,Cripto_MinuteTimeSeries,True
Cripto_MinuteTimeSeries/zilbtc.csv,/Users/itsgennymac/Library/CloudStorage/GoogleDrive-sfn.gns@gmail.com/Il mio Drive/Database Finanziario/Cripto_MinuteTimeSeries/zilbtc.csv,zilbtc.csv,.csv,other,0.5909,2022-09-28T10:22:16+00:00,31998.04,Cripto_MinuteTimeSeries,True
Finance Database/archive/zilusd.csv,/Users/itsgennymac/Library/CloudStorage/GoogleDrive-sfn.gns@gmail.com/Il mio Drive/Database Finanziario/Finance Database/archive/zilusd.csv,zilusd.csv,.csv,other,4.5246,2022-09-28T10:22:16+00:00,31998.04,Finance Database/archive,True
Finance Database/archive/zmtusd.csv,/Users/itsgennymac/Library/CloudStorage/GoogleDrive-sfn.gns@gmail.com/Il mio Drive/Database Finanziario/Finance Database/archive/zmtusd.csv,zmtusd.csv,.csv,other,7.0821,2022-09-28T10:22:16+00:00,31998.04,Finance Database/archive,True
Finance Database/archive/zilbtc.csv,/Users/itsgennymac/Library/CloudStorage/GoogleDrive-sfn.gns@gmail.com/Il mio Drive/Database Finanziario/Finance Database/archive/zilbtc.csv,zilbtc.csv,.csv,other,0.5909,2022-09-28T10:22:16+00:00,31998.04,Finance Database/archive,True
Cripto_MinuteTimeSeries/zbtusd.csv,/Users/itsgennymac/Library/CloudStorage/GoogleDrive-sfn.gns@gmail.com/Il mio Drive/Database Finanziario/Cripto_MinuteTimeSeries/zbtusd.csv,zbtusd.csv,.csv,other,5.6957,2022-09-28T10:22:06+00:00,31998.04,Cripto_MinuteTimeSeries,True
Cripto_MinuteTimeSeries/zcnusd.csv,/Users/itsgennymac/Library/CloudStorage/GoogleDrive-sfn.gns@gmail.com/Il mio Drive/Database Finanziario/Cripto_MinuteTimeSeries/zcnusd.csv,zcnusd.csv,.csv,other,9.7762,2022-09-28T10:22:06+00:00,31998.04,Cripto_MinuteTimeSeries,True
Cripto_MinuteTimeSeries/yggusd.csv,/Users/itsgennymac/Library/CloudStorage/GoogleDrive-sfn.gns@gmail.com/Il mio Drive/Database Finanziario/Cripto_MinuteTimeSeries/yggusd.csv,yggusd.csv,.csv,other,6.0259,2022-09-28T10:22:06+00:00,31998.04,Cripto_MinuteTimeSeries,True
Cripto_MinuteTimeSeries/yywusd.csv,/Users/itsgennymac/Library/CloudStorage/GoogleDrive-sfn.gns@gmail.com/Il mio Drive/Database Finanziario/Cripto_MinuteTimeSeries/yywusd.csv,yywusd.csv,.csv,other,7.7471,2022-09-28T10:22:06+00:00,31998.04,Cripto_MinuteTimeSeries,True
Finance Database/archive/zbtusd.csv,/Users/itsgennymac/Library/CloudStorage/GoogleDrive-sfn.gns@gmail.com/Il mio Drive/Database Finanziario/Finance Database/archive/zbtusd.csv,zbtusd.csv,.csv,other,5.6957,2022-09-28T10:22:06+00:00,31998.04,Finance Database/archive,True
Finance Database/archive/zcnusd.csv,/Users/itsgennymac/Library/CloudStorage/GoogleDrive-sfn.gns@gmail.com/Il mio Drive/Database Finanziario/Finance Database/archive/zcnusd.csv,zcnusd.csv,.csv,other,9.7762,2022-09-28T10:22:06+00:00,31998.04,Finance Database/archive,True
Finance Database/archive/yggusd.csv,/Users/itsgennymac/Library/CloudStorage/GoogleDrive-sfn.gns@gmail.com/Il mio Drive/Database Finanziario/Finance Database/archive/yggusd.csv,yggusd.csv,.csv,other,6.0259,2022-09-28T10:22:06+00:00,31998.04,Finance Database/archive,True
Finance Database/archive/yywusd.csv,/Users/itsgennymac/Library/CloudStorage/GoogleDrive-sfn.gns@gmail.com/Il mio Drive/Database Finanziario/Finance Database/archive/yywusd.csv,yywusd.csv,.csv,other,7.7471,2022-09-28T10:22:06+00:00,31998.04,Finance Database/archive,True
Cripto_MinuteTimeSeries/yfiust.csv,/Users/itsgennymac/Library/CloudStorage/GoogleDrive-sfn.gns@gmail.com/Il mio Drive/Database Finanziario/Cripto_MinuteTimeSeries/yfiust.csv,yfiust.csv,.csv,other,18.3313,2022-09-28T10:22:04+00:00,31998.04,Cripto_MinuteTimeSeries,True
Finance Database/archive/yfiust.csv,/Users/itsgennymac/Library/CloudStorage/GoogleDrive-sfn.gns@gmail.com/Il mio Drive/Database Finanziario/Finance Database/archive/yfiust.csv,yfiust.csv,.csv,other,18.3313,2022-09-28T10:22:04+00:00,31998.04,Finance Database/archive,True
Cripto_MinuteTimeSeries/xvgusd.csv,/Users/itsgennymac/Library/CloudStorage/GoogleDrive-sfn.gns@gmail.com/Il mio Drive/Database Finanziario/Cripto_MinuteTimeSeries/xvgusd.csv,xvgusd.csv,.csv,other,18.5242,2022-09-28T10:22:02+00:00,31998.04,Cripto_MinuteTimeSeries,True
Cripto_MinuteTimeSeries/yfiusd.csv,/Users/itsgennymac/Library/CloudStorage/GoogleDrive-sfn.gns@gmail.com/Il mio Drive/Database Finanziario/Cripto_MinuteTimeSeries/yfiusd.csv,yfiusd.csv,.csv,other,23.6834,2022-09-28T10:22:02+00:00,31998.04,Cripto_MinuteTimeSeries,True
Finance Database/archive/xvgusd.csv,/Users/itsgennymac/Library/CloudStorage/GoogleDrive-sfn.gns@gmail.com/Il mio Drive/Database Finanziario/Finance Database/archive/xvgusd.csv,xvgusd.csv,.csv,other,18.5242,2022-09-28T10:22:02+00:00,31998.04,Finance Database/archive,True
Finance Database/archive/yfiusd.csv,/Users/itsgennymac/Library/CloudStorage/GoogleDrive-sfn.gns@gmail.com/Il mio Drive/Database Finanziario/Finance Database/archive/yfiusd.csv,yfiusd.csv,.csv,other,23.6834,2022-09-28T10:22:02+00:00,31998.04,Finance Database/archive,True
Cripto_MinuteTimeSeries/xtzust.csv,/Users/itsgennymac/Library/CloudStorage/GoogleDrive-sfn.gns@gmail.com/Il mio Drive/Database Finanziario/Cripto_MinuteTimeSeries/xtzust.csv,xtzust.csv,.csv,other,9.4709,2022-09-28T10:22:00+00:00,31998.04,Cripto_MinuteTimeSeries,True
Finance Database/archive/xtzust.csv,/Users/itsgennymac/Library/CloudStorage/GoogleDrive-sfn.gns@gmail.com/Il mio Drive/Database Finanziario/Finance Database/archive/xtzust.csv,xtzust.csv,.csv,other,9.4709,2022-09-28T10:22:00+00:00,31998.04,Finance Database/archive,True
Cripto_MinuteTimeSeries/xtzusd.csv,/Users/itsgennymac/Library/CloudStorage/GoogleDrive-sfn.gns@gmail.com/Il mio Drive/Database Finanziario/Cripto_MinuteTimeSeries/xtzusd.csv,xtzusd.csv,.csv,other,36.3351,2022-09-28T10:21:58+00:00,31998.04,Cripto_MinuteTimeSeries,True
Finance Database/archive/xtzusd.csv,/Users/itsgennymac/Library/CloudStorage/GoogleDrive-sfn.gns@gmail.com/Il mio Drive/Database Finanziario/Finance Database/archive/xtzusd.csv,xtzusd.csv,.csv,other,36.3351,2022-09-28T10:21:58+00:00,31998.04,Finance Database/archive,True
Cripto_MinuteTimeSeries/xtzbtc.csv,/Users/itsgennymac/Library/CloudStorage/GoogleDrive-sfn.gns@gmail.com/Il mio Drive/Database Finanziario/Cripto_MinuteTimeSeries/xtzbtc.csv,xtzbtc.csv,.csv,other,24.1611,2022-09-28T10:21:56+00:00,31998.05,Cripto_MinuteTimeSeries,True
Cripto_MinuteTimeSeries/xsnusd.csv,/Users/itsgennymac/Library/CloudStorage/GoogleDrive-sfn.gns@gmail.com/Il mio Drive/Database Finanziario/Cripto_MinuteTimeSeries/xsnusd.csv,xsnusd.csv,.csv,other,10.5438,2022-09-28T10:21:56+00:00,31998.05,Cripto_MinuteTimeSeries,True
Finance Database/archive/xtzbtc.csv,/Users/itsgennymac/Library/CloudStorage/GoogleDrive-sfn.gns@gmail.com/Il mio Drive/Database Finanziario/Finance Database/archive/xtzbtc.csv,xtzbtc.csv,.csv,other,24.1611,2022-09-28T10:21:56+00:00,31998.05,Finance Database/archive,True
Finance Database/archive/xsnusd.csv,/Users/itsgennymac/Library/CloudStorage/GoogleDrive-sfn.gns@gmail.com/Il mio Drive/Database Finanziario/Finance Database/archive/xsnusd.csv,xsnusd.csv,.csv,other,10.5438,2022-09-28T10:21:56+00:00,31998.05,Finance Database/archive,True
Cripto_MinuteTimeSeries/xrpust.csv,/Users/itsgennymac/Library/CloudStorage/GoogleDrive-sfn.gns@gmail.com/Il mio Drive/Database Finanziario/Cripto_MinuteTimeSeries/xrpust.csv,xrpust.csv,.csv,other,19.4191,2022-09-28T10:21:54+00:00,31998.05,Cripto_MinuteTimeSeries,True
Finance Database/archive/xrpust.csv,/Users/itsgennymac/Library/CloudStorage/GoogleDrive-sfn.gns@gmail.com/Il mio Drive/Database Finanziario/Finance Database/archive/xrpust.csv,xrpust.csv,.csv,other,19.4191,2022-09-28T10:21:54+00:00,31998.05,Finance Database/archive,True
Cripto_MinuteTimeSeries/xrdusd.csv,/Users/itsgennymac/Library/CloudStorage/GoogleDrive-sfn.gns@gmail.com/Il mio Drive/Database Finanziario/Cripto_MinuteTimeSeries/xrdusd.csv,xrdusd.csv,.csv,other,10.2805,2022-09-28T10:21:38+00:00,31998.05,Cripto_MinuteTimeSeries,True
Finance Database/archive/xrdusd.csv,/Users/itsgennymac/Library/CloudStorage/GoogleDrive-sfn.gns@gmail.com/Il mio Drive/Database Finanziario/Finance Database/archive/xrdusd.csv,xrdusd.csv,.csv,other,10.2805,2022-09-28T10:21:38+00:00,31998.05,Finance Database/archive,True
Cripto_MinuteTimeSeries/xmrust.csv,/Users/itsgennymac/Library/CloudStorage/GoogleDrive-sfn.gns@gmail.com/Il mio Drive/Database Finanziario/Cripto_MinuteTimeSeries/xmrust.csv,xmrust.csv,.csv,other,11.3501,2022-09-28T10:21:36+00:00,31998.05,Cripto_MinuteTimeSeries,True
Cripto_MinuteTimeSeries/xrdbtc.csv,/Users/itsgennymac/Library/CloudStorage/GoogleDrive-sfn.gns@gmail.com/Il mio Drive/Database Finanziario/Cripto_MinuteTimeSeries/xrdbtc.csv,xrdbtc.csv,.csv,other,10.637,2022-09-28T10:21:36+00:00,31998.05,Cripto_MinuteTimeSeries,True
Cripto_MinuteTimeSeries/xrausd.csv,/Users/itsgennymac/Library/CloudStorage/GoogleDrive-sfn.gns@gmail.com/Il mio Drive/Database Finanziario/Cripto_MinuteTimeSeries/xrausd.csv,xrausd.csv,.csv,other,8.5163,2022-09-28T10:21:36+00:00,31998.05,Cripto_MinuteTimeSeries,True
Finance Database/archive/xmrust.csv,/Users/itsgennymac/Library/CloudStorage/GoogleDrive-sfn.gns@gmail.com/Il mio Drive/Database Finanziario/Finance Database/archive/xmrust.csv,xmrust.csv,.csv,other,11.3501,2022-09-28T10:21:36+00:00,31998.05,Finance Database/archive,True
Finance Database/archive/xrdbtc.csv,/Users/itsgennymac/Library/CloudStorage/GoogleDrive-sfn.gns@gmail.com/Il mio Drive/Database Finanziario/Finance Database/archive/xrdbtc.csv,xrdbtc.csv,.csv,other,10.637,2022-09-28T10:21:36+00:00,31998.05,Finance Database/archive,True
Finance Database/archive/xrausd.csv,/Users/itsgennymac/Library/CloudStorage/GoogleDrive-sfn.gns@gmail.com/Il mio Drive/Database Finanziario/Finance Database/archive/xrausd.csv,xrausd.csv,.csv,other,8.5163,2022-09-28T10:21:36+00:00,31998.05,Finance Database/archive,True
Cripto_MinuteTimeSeries/xlmust.csv,/Users/itsgennymac/Library/CloudStorage/GoogleDrive-sfn.gns@gmail.com/Il mio Drive/Database Finanziario/Cripto_MinuteTimeSeries/xlmust.csv,xlmust.csv,.csv,other,15.9723,2022-09-28T10:21:26+00:00,31998.05,Cripto_MinuteTimeSeries,True
Finance Database/archive/xlmust.csv,/Users/itsgennymac/Library/CloudStorage/GoogleDrive-sfn.gns@gmail.com/Il mio Drive/Database Finanziario/Finance Database/archive/xlmust.csv,xlmust.csv,.csv,other,15.9723,2022-09-28T10:21:26+00:00,31998.05,Finance Database/archive,True
Cripto_MinuteTimeSeries/xlmbtc.csv,/Users/itsgennymac/Library/CloudStorage/GoogleDrive-sfn.gns@gmail.com/Il mio Drive/Database Finanziario/Cripto_MinuteTimeSeries/xlmbtc.csv,xlmbtc.csv,.csv,other,24.5304,2022-09-28T10:21:22+00:00,31998.05,Cripto_MinuteTimeSeries,True
Cripto_MinuteTimeSeries/xlmusd.csv,/Users/itsgennymac/Library/CloudStorage/GoogleDrive-sfn.gns@gmail.com/Il mio Drive/Database Finanziario/Cripto_MinuteTimeSeries/xlmusd.csv,xlmusd.csv,.csv,other,40.6025,2022-09-28T10:21:22+00:00,31998.05,Cripto_MinuteTimeSeries,True
Cripto_MinuteTimeSeries/xlmeth.csv,/Users/itsgennymac/Library/CloudStorage/GoogleDrive-sfn.gns@gmail.com/Il mio Drive/Database Finanziario/Cripto_MinuteTimeSeries/xlmeth.csv,xlmeth.csv,.csv,other,2.2516,2022-09-28T10:21:22+00:00,31998.05,Cripto_MinuteTimeSeries,True
Cripto_MinuteTimeSeries/xlmf0-ustf0.csv,/Users/itsgennymac/Library/CloudStorage/GoogleDrive-sfn.gns@gmail.com/Il mio Drive/Database Finanziario/Cripto_MinuteTimeSeries/xlmf0-ustf0.csv,xlmf0-ustf0.csv,.csv,other,0.5005,2022-09-28T10:21:22+00:00,31998.05,Cripto_MinuteTimeSeries,True
Finance Database/archive/xlmbtc.csv,/Users/itsgennymac/Library/CloudStorage/GoogleDrive-sfn.gns@gmail.com/Il mio Drive/Database Finanziario/Finance Database/archive/xlmbtc.csv,xlmbtc.csv,.csv,other,24.5304,2022-09-28T10:21:22+00:00,31998.05,Finance Database/archive,True
Finance Database/archive/xlmusd.csv,/Users/itsgennymac/Library/CloudStorage/GoogleDrive-sfn.gns@gmail.com/Il mio Drive/Database Finanziario/Finance Database/archive/xlmusd.csv,xlmusd.csv,.csv,other,40.6025,2022-09-28T10:21:22+00:00,31998.05,Finance Database/archive,True
Finance Database/archive/xlmeth.csv,/Users/itsgennymac/Library/CloudStorage/GoogleDrive-sfn.gns@gmail.com/Il mio Drive/Database Finanziario/Finance Database/archive/xlmeth.csv,xlmeth.csv,.csv,other,2.2516,2022-09-28T10:21:22+00:00,31998.05,Finance Database/archive,True
Finance Database/archive/xlmf0-ustf0.csv,/Users/itsgennymac/Library/CloudStorage/GoogleDrive-sfn.gns@gmail.com/Il mio Drive/Database Finanziario/Finance Database/archive/xlmf0-ustf0.csv,xlmf0-ustf0.csv,.csv,other,0.5005,2022-09-28T10:21:22+00:00,31998.05,Finance Database/archive,True
Cripto_MinuteTimeSeries/wooust.csv,/Users/itsgennymac/Library/CloudStorage/GoogleDrive-sfn.gns@gmail.com/Il mio Drive/Database Finanziario/Cripto_MinuteTimeSeries/wooust.csv,wooust.csv,.csv,other,0.1977,2022-09-28T10:21:20+00:00,31998.06,Cripto_MinuteTimeSeries,True
Cripto_MinuteTimeSeries/woousd.csv,/Users/itsgennymac/Library/CloudStorage/GoogleDrive-sfn.gns@gmail.com/Il mio Drive/Database Finanziario/Cripto_MinuteTimeSeries/woousd.csv,woousd.csv,.csv,other,0.1762,2022-09-28T10:21:20+00:00,31998.06,Cripto_MinuteTimeSeries,True
Cripto_MinuteTimeSeries/xaut-btc.csv,/Users/itsgennymac/Library/CloudStorage/GoogleDrive-sfn.gns@gmail.com/Il mio Drive/Database Finanziario/Cripto_MinuteTimeSeries/xaut-btc.csv,xaut-btc.csv,.csv,other,0.2333,2022-09-28T10:21:20+00:00,31998.06,Cripto_MinuteTimeSeries,True
Cripto_MinuteTimeSeries/xautf0-ustf0.csv,/Users/itsgennymac/Library/CloudStorage/GoogleDrive-sfn.gns@gmail.com/Il mio Drive/Database Finanziario/Cripto_MinuteTimeSeries/xautf0-ustf0.csv,xautf0-ustf0.csv,.csv,other,0.359,2022-09-28T10:21:20+00:00,31998.06,Cripto_MinuteTimeSeries,True
Cripto_MinuteTimeSeries/xaut-usd.csv,/Users/itsgennymac/Library/CloudStorage/GoogleDrive-sfn.gns@gmail.com/Il mio Drive/Database Finanziario/Cripto_MinuteTimeSeries/xaut-usd.csv,xaut-usd.csv,.csv,other,0.2051,2022-09-28T10:21:20+00:00,31998.06,Cripto_MinuteTimeSeries,True
Cripto_MinuteTimeSeries/wprusd.csv,/Users/itsgennymac/Library/CloudStorage/GoogleDrive-sfn.gns@gmail.com/Il mio Drive/Database Finanziario/Cripto_MinuteTimeSeries/wprusd.csv,wprusd.csv,.csv,other,0.1111,2022-09-28T10:21:20+00:00,31998.06,Cripto_MinuteTimeSeries,True
Cripto_MinuteTimeSeries/xcnusd.csv,/Users/itsgennymac/Library/CloudStorage/GoogleDrive-sfn.gns@gmail.com/Il mio Drive/Database Finanziario/Cripto_MinuteTimeSeries/xcnusd.csv,xcnusd.csv,.csv,other,0.2478,2022-09-28T10:21:20+00:00,31998.06,Cripto_MinuteTimeSeries,True
Cripto_MinuteTimeSeries/xdcusd.csv,/Users/itsgennymac/Library/CloudStorage/GoogleDrive-sfn.gns@gmail.com/Il mio Drive/Database Finanziario/Cripto_MinuteTimeSeries/xdcusd.csv,xdcusd.csv,.csv,other,12.8807,2022-09-28T10:21:20+00:00,31998.06,Cripto_MinuteTimeSeries,True
Cripto_MinuteTimeSeries/wtcusd.csv,/Users/itsgennymac/Library/CloudStorage/GoogleDrive-sfn.gns@gmail.com/Il mio Drive/Database Finanziario/Cripto_MinuteTimeSeries/wtcusd.csv,wtcusd.csv,.csv,other,0.2167,2022-09-28T10:21:20+00:00,31998.06,Cripto_MinuteTimeSeries,True
Cripto_MinuteTimeSeries/xaut-ust.csv,/Users/itsgennymac/Library/CloudStorage/GoogleDrive-sfn.gns@gmail.com/Il mio Drive/Database Finanziario/Cripto_MinuteTimeSeries/xaut-ust.csv,xaut-ust.csv,.csv,other,0.185,2022-09-28T10:21:20+00:00,31998.06,Cripto_MinuteTimeSeries,True
Cripto_MinuteTimeSeries/xagf0-ustf0.csv,/Users/itsgennymac/Library/CloudStorage/GoogleDrive-sfn.gns@gmail.com/Il mio Drive/Database Finanziario/Cripto_MinuteTimeSeries/xagf0-ustf0.csv,xagf0-ustf0.csv,.csv,other,0.2706,2022-09-28T10:21:20+00:00,31998.06,Cripto_MinuteTimeSeries,True
Cripto_MinuteTimeSeries/xdcust.csv,/Users/itsgennymac/Library/CloudStorage/GoogleDrive-sfn.gns@gmail.com/Il mio Drive/Database Finanziario/Cripto_MinuteTimeSeries/xdcust.csv,xdcust.csv,.csv,other,10.0402,2022-09-28T10:21:20+00:00,31998.06,Cripto_MinuteTimeSeries,True
Cripto_MinuteTimeSeries/xcnust.csv,/Users/itsgennymac/Library/CloudStorage/GoogleDrive-sfn.gns@gmail.com/Il mio Drive/Database Finanziario/Cripto_MinuteTimeSeries/xcnust.csv,xcnust.csv,.csv,other,0.018,2022-09-28T10:21:20+00:00,31998.06,Cripto_MinuteTimeSeries,True
Cripto_MinuteTimeSeries/xchusd.csv,/Users/itsgennymac/Library/CloudStorage/GoogleDrive-sfn.gns@gmail.com/Il mio Drive/Database Finanziario/Cripto_MinuteTimeSeries/xchusd.csv,xchusd.csv,.csv,other,7.7627,2022-09-28T10:21:20+00:00,31998.06,Cripto_MinuteTimeSeries,True
Cripto_MinuteTimeSeries/xcheth.csv,/Users/itsgennymac/Library/CloudStorage/GoogleDrive-sfn.gns@gmail.com/Il mio Drive/Database Finanziario/Cripto_MinuteTimeSeries/xcheth.csv,xcheth.csv,.csv,other,0.439,2022-09-28T10:21:20+00:00,31998.06,Cripto_MinuteTimeSeries,True
Cripto_MinuteTimeSeries/xautf0-btcf0.csv,/Users/itsgennymac/Library/CloudStorage/GoogleDrive-sfn.gns@gmail.com/Il mio Drive/Database Finanziario/Cripto_MinuteTimeSeries/xautf0-btcf0.csv,xautf0-btcf0.csv,.csv,other,0.3866,2022-09-28T10:21:20+00:00,31998.06,Cripto_MinuteTimeSeries,True
Finance Database/archive/wooust.csv,/Users/itsgennymac/Library/CloudStorage/GoogleDrive-sfn.gns@gmail.com/Il mio Drive/Database Finanziario/Finance Database/archive/wooust.csv,wooust.csv,.csv,other,0.1977,2022-09-28T10:21:20+00:00,31998.06,Finance Database/archive,True
Finance Database/archive/woousd.csv,/Users/itsgennymac/Library/CloudStorage/GoogleDrive-sfn.gns@gmail.com/Il mio Drive/Database Finanziario/Finance Database/archive/woousd.csv,woousd.csv,.csv,other,0.1762,2022-09-28T10:21:20+00:00,31998.06,Finance Database/archive,True
Finance Database/archive/xaut-btc.csv,/Users/itsgennymac/Library/CloudStorage/GoogleDrive-sfn.gns@gmail.com/Il mio Drive/Database Finanziario/Finance Database/archive/xaut-btc.csv,xaut-btc.csv,.csv,other,0.2333,2022-09-28T10:21:20+00:00,31998.06,Finance Database/archive,True
Finance Database/archive/xautf0-ustf0.csv,/Users/itsgennymac/Library/CloudStorage/GoogleDrive-sfn.gns@gmail.com/Il mio Drive/Database Finanziario/Finance Database/archive/xautf0-ustf0.csv,xautf0-ustf0.csv,.csv,other,0.359,2022-09-28T10:21:20+00:00,31998.06,Finance Database/archive,True
Finance Database/archive/xaut-usd.csv,/Users/itsgennymac/Library/CloudStorage/GoogleDrive-sfn.gns@gmail.com/Il mio Drive/Database Finanziario/Finance Database/archive/xaut-usd.csv,xaut-usd.csv,.csv,other,0.2051,2022-09-28T10:21:20+00:00,31998.06,Finance Database/archive,True
Finance Database/archive/wprusd.csv,/Users/itsgennymac/Library/CloudStorage/GoogleDrive-sfn.gns@gmail.com/Il mio Drive/Database Finanziario/Finance Database/archive/wprusd.csv,wprusd.csv,.csv,other,0.1111,2022-09-28T10:21:20+00:00,31998.06,Finance Database/archive,True
Finance Database/archive/xcnusd.csv,/Users/itsgennymac/Library/CloudStorage/GoogleDrive-sfn.gns@gmail.com/Il mio Drive/Database Finanziario/Finance Database/archive/xcnusd.csv,xcnusd.csv,.csv,other,0.2478,2022-09-28T10:21:20+00:00,31998.06,Finance Database/archive,True
Finance Database/archive/xdcusd.csv,/Users/itsgennymac/Library/CloudStorage/GoogleDrive-sfn.gns@gmail.com/Il mio Drive/Database Finanziario/Finance Database/archive/xdcusd.csv,xdcusd.csv,.csv,other,12.8807,2022-09-28T10:21:20+00:00,31998.06,Finance Database/archive,True
Finance Database/archive/wtcusd.csv,/Users/itsgennymac/Library/CloudStorage/GoogleDrive-sfn.gns@gmail.com/Il mio Drive/Database Finanziario/Finance Database/archive/wtcusd.csv,wtcusd.csv,.csv,other,0.2167,2022-09-28T10:21:20+00:00,31998.06,Finance Database/archive,True
Finance Database/archive/xaut-ust.csv,/Users/itsgennymac/Library/CloudStorage/GoogleDrive-sfn.gns@gmail.com/Il mio Drive/Database Finanziario/Finance Database/archive/xaut-ust.csv,xaut-ust.csv,.csv,other,0.185,2022-09-28T10:21:20+00:00,31998.06,Finance Database/archive,True
Finance Database/archive/xagf0-ustf0.csv,/Users/itsgennymac/Library/CloudStorage/GoogleDrive-sfn.gns@gmail.com/Il mio Drive/Database Finanziario/Finance Database/archive/xagf0-ustf0.csv,xagf0-ustf0.csv,.csv,other,0.2706,2022-09-28T10:21:20+00:00,31998.06,Finance Database/archive,True
Finance Database/archive/xdcust.csv,/Users/itsgennymac/Library/CloudStorage/GoogleDrive-sfn.gns@gmail.com/Il mio Drive/Database Finanziario/Finance Database/archive/xdcust.csv,xdcust.csv,.csv,other,10.0402,2022-09-28T10:21:20+00:00,31998.06,Finance Database/archive,True
Finance Database/archive/xcnust.csv,/Users/itsgennymac/Library/CloudStorage/GoogleDrive-sfn.gns@gmail.com/Il mio Drive/Database Finanziario/Finance Database/archive/xcnust.csv,xcnust.csv,.csv,other,0.018,2022-09-28T10:21:20+00:00,31998.06,Finance Database/archive,True
Finance Database/archive/xchusd.csv,/Users/itsgennymac/Library/CloudStorage/GoogleDrive-sfn.gns@gmail.com/Il mio Drive/Database Finanziario/Finance Database/archive/xchusd.csv,xchusd.csv,.csv,other,7.7627,2022-09-28T10:21:20+00:00,31998.06,Finance Database/archive,True
Finance Database/archive/xcheth.csv,/Users/itsgennymac/Library/CloudStorage/GoogleDrive-sfn.gns@gmail.com/Il mio Drive/Database Finanziario/Finance Database/archive/xcheth.csv,xcheth.csv,.csv,other,0.439,2022-09-28T10:21:20+00:00,31998.06,Finance Database/archive,True
Finance Database/archive/xautf0-btcf0.csv,/Users/itsgennymac/Library/CloudStorage/GoogleDrive-sfn.gns@gmail.com/Il mio Drive/Database Finanziario/Finance Database/archive/xautf0-btcf0.csv,xautf0-btcf0.csv,.csv,other,0.3866,2022-09-28T10:21:20+00:00,31998.06,Finance Database/archive,True
Cripto_MinuteTimeSeries/waxusd.csv,/Users/itsgennymac/Library/CloudStorage/GoogleDrive-sfn.gns@gmail.com/Il mio Drive/Database Finanziario/Cripto_MinuteTimeSeries/waxusd.csv,waxusd.csv,.csv,other,3.1255,2022-09-28T10:21:18+00:00,31998.06,Cripto_MinuteTimeSeries,True
Cripto_MinuteTimeSeries/waves-usd.csv,/Users/itsgennymac/Library/CloudStorage/GoogleDrive-sfn.gns@gmail.com/Il mio Drive/Database Finanziario/Cripto_MinuteTimeSeries/waves-usd.csv,waves-usd.csv,.csv,other,0.3661,2022-09-28T10:21:18+00:00,31998.06,Cripto_MinuteTimeSeries,True
Cripto_MinuteTimeSeries/wbteth.csv,/Users/itsgennymac/Library/CloudStorage/GoogleDrive-sfn.gns@gmail.com/Il mio Drive/Database Finanziario/Cripto_MinuteTimeSeries/wbteth.csv,wbteth.csv,.csv,other,0.172,2022-09-28T10:21:18+00:00,31998.06,Cripto_MinuteTimeSeries,True
Cripto_MinuteTimeSeries/wbtusd.csv,/Users/itsgennymac/Library/CloudStorage/GoogleDrive-sfn.gns@gmail.com/Il mio Drive/Database Finanziario/Cripto_MinuteTimeSeries/wbtusd.csv,wbtusd.csv,.csv,other,11.7305,2022-09-28T10:21:18+00:00,31998.06,Cripto_MinuteTimeSeries,True
Cripto_MinuteTimeSeries/waves-ust.csv,/Users/itsgennymac/Library/CloudStorage/GoogleDrive-sfn.gns@gmail.com/Il mio Drive/Database Finanziario/Cripto_MinuteTimeSeries/waves-ust.csv,waves-ust.csv,.csv,other,0.3322,2022-09-28T10:21:18+00:00,31998.06,Cripto_MinuteTimeSeries,True
Finance Database/archive/waxusd.csv,/Users/itsgennymac/Library/CloudStorage/GoogleDrive-sfn.gns@gmail.com/Il mio Drive/Database Finanziario/Finance Database/archive/waxusd.csv,waxusd.csv,.csv,other,3.1255,2022-09-28T10:21:18+00:00,31998.06,Finance Database/archive,True
Finance Database/archive/waves-usd.csv,/Users/itsgennymac/Library/CloudStorage/GoogleDrive-sfn.gns@gmail.com/Il mio Drive/Database Finanziario/Finance Database/archive/waves-usd.csv,waves-usd.csv,.csv,other,0.3661,2022-09-28T10:21:18+00:00,31998.06,Finance Database/archive,True
Finance Database/archive/wbteth.csv,/Users/itsgennymac/Library/CloudStorage/GoogleDrive-sfn.gns@gmail.com/Il mio Drive/Database Finanziario/Finance Database/archive/wbteth.csv,wbteth.csv,.csv,other,0.172,2022-09-28T10:21:18+00:00,31998.06,Finance Database/archive,True
Finance Database/archive/wbtusd.csv,/Users/itsgennymac/Library/CloudStorage/GoogleDrive-sfn.gns@gmail.com/Il mio Drive/Database Finanziario/Finance Database/archive/wbtusd.csv,wbtusd.csv,.csv,other,11.7305,2022-09-28T10:21:18+00:00,31998.06,Finance Database/archive,True
Finance Database/archive/waves-ust.csv,/Users/itsgennymac/Library/CloudStorage/GoogleDrive-sfn.gns@gmail.com/Il mio Drive/Database Finanziario/Finance Database/archive/waves-ust.csv,waves-ust.csv,.csv,other,0.3322,2022-09-28T10:21:18+00:00,31998.06,Finance Database/archive,True
Cripto_MinuteTimeSeries/vsyusd.csv,/Users/itsgennymac/Library/CloudStorage/GoogleDrive-sfn.gns@gmail.com/Il mio Drive/Database Finanziario/Cripto_MinuteTimeSeries/vsyusd.csv,vsyusd.csv,.csv,other,38.8345,2022-09-28T10:21:16+00:00,31998.06,Cripto_MinuteTimeSeries,True
Finance Database/archive/vsyusd.csv,/Users/itsgennymac/Library/CloudStorage/GoogleDrive-sfn.gns@gmail.com/Il mio Drive/Database Finanziario/Finance Database/archive/vsyusd.csv,vsyusd.csv,.csv,other,38.8345,2022-09-28T10:21:16+00:00,31998.06,Finance Database/archive,True
Cripto_MinuteTimeSeries/vraust.csv,/Users/itsgennymac/Library/CloudStorage/GoogleDrive-sfn.gns@gmail.com/Il mio Drive/Database Finanziario/Cripto_MinuteTimeSeries/vraust.csv,vraust.csv,.csv,other,3.3891,2022-09-28T10:21:14+00:00,31998.06,Cripto_MinuteTimeSeries,True
Cripto_MinuteTimeSeries/vrausd.csv,/Users/itsgennymac/Library/CloudStorage/GoogleDrive-sfn.gns@gmail.com/Il mio Drive/Database Finanziario/Cripto_MinuteTimeSeries/vrausd.csv,vrausd.csv,.csv,other,3.3412,2022-09-28T10:21:14+00:00,31998.06,Cripto_MinuteTimeSeries,True
Cripto_MinuteTimeSeries/vsybtc.csv,/Users/itsgennymac/Library/CloudStorage/GoogleDrive-sfn.gns@gmail.com/Il mio Drive/Database Finanziario/Cripto_MinuteTimeSeries/vsybtc.csv,vsybtc.csv,.csv,other,34.7803,2022-09-28T10:21:14+00:00,31998.06,Cripto_MinuteTimeSeries,True
Finance Database/archive/vraust.csv,/Users/itsgennymac/Library/CloudStorage/GoogleDrive-sfn.gns@gmail.com/Il mio Drive/Database Finanziario/Finance Database/archive/vraust.csv,vraust.csv,.csv,other,3.3891,2022-09-28T10:21:14+00:00,31998.06,Finance Database/archive,True
Finance Database/archive/vrausd.csv,/Users/itsgennymac/Library/CloudStorage/GoogleDrive-sfn.gns@gmail.com/Il mio Drive/Database Finanziario/Finance Database/archive/vrausd.csv,vrausd.csv,.csv,other,3.3412,2022-09-28T10:21:14+00:00,31998.06,Finance Database/archive,True
Finance Database/archive/vsybtc.csv,/Users/itsgennymac/Library/CloudStorage/GoogleDrive-sfn.gns@gmail.com/Il mio Drive/Database Finanziario/Finance Database/archive/vsybtc.csv,vsybtc.csv,.csv,other,34.7803,2022-09-28T10:21:14+00:00,31998.06,Finance Database/archive,True
Cripto_MinuteTimeSeries/vetusd.csv,/Users/itsgennymac/Library/CloudStorage/GoogleDrive-sfn.gns@gmail.com/Il mio Drive/Database Finanziario/Cripto_MinuteTimeSeries/vetusd.csv,vetusd.csv,.csv,other,19.598,2022-09-28T10:21:12+00:00,31998.06,Cripto_MinuteTimeSeries,True
Cripto_MinuteTimeSeries/vetust.csv,/Users/itsgennymac/Library/CloudStorage/GoogleDrive-sfn.gns@gmail.com/Il mio Drive/Database Finanziario/Cripto_MinuteTimeSeries/vetust.csv,vetust.csv,.csv,other,9.8159,2022-09-28T10:21:12+00:00,31998.06,Cripto_MinuteTimeSeries,True
Finance Database/archive/vetusd.csv,/Users/itsgennymac/Library/CloudStorage/GoogleDrive-sfn.gns@gmail.com/Il mio Drive/Database Finanziario/Finance Database/archive/vetusd.csv,vetusd.csv,.csv,other,19.598,2022-09-28T10:21:12+00:00,31998.06,Finance Database/archive,True
Finance Database/archive/vetust.csv,/Users/itsgennymac/Library/CloudStorage/GoogleDrive-sfn.gns@gmail.com/Il mio Drive/Database Finanziario/Finance Database/archive/vetust.csv,vetust.csv,.csv,other,9.8159,2022-09-28T10:21:12+00:00,31998.06,Finance Database/archive,True
Cripto_MinuteTimeSeries/velo-usd.csv,/Users/itsgennymac/Library/CloudStorage/GoogleDrive-sfn.gns@gmail.com/Il mio Drive/Database Finanziario/Cripto_MinuteTimeSeries/velo-usd.csv,velo-usd.csv,.csv,other,0.027,2022-09-28T10:21:10+00:00,31998.06,Cripto_MinuteTimeSeries,True
Cripto_MinuteTimeSeries/velo-ust.csv,/Users/itsgennymac/Library/CloudStorage/GoogleDrive-sfn.gns@gmail.com/Il mio Drive/Database Finanziario/Cripto_MinuteTimeSeries/velo-ust.csv,velo-ust.csv,.csv,other,0.4631,2022-09-28T10:21:10+00:00,31998.06,Cripto_MinuteTimeSeries,True
Cripto_MinuteTimeSeries/veeusd.csv,/Users/itsgennymac/Library/CloudStorage/GoogleDrive-sfn.gns@gmail.com/Il mio Drive/Database Finanziario/Cripto_MinuteTimeSeries/veeusd.csv,veeusd.csv,.csv,other,1.2783,2022-09-28T10:21:10+00:00,31998.06,Cripto_MinuteTimeSeries,True
Cripto_MinuteTimeSeries/vetbtc.csv,/Users/itsgennymac/Library/CloudStorage/GoogleDrive-sfn.gns@gmail.com/Il mio Drive/Database Finanziario/Cripto_MinuteTimeSeries/vetbtc.csv,vetbtc.csv,.csv,other,22.2331,2022-09-28T10:21:10+00:00,31998.06,Cripto_MinuteTimeSeries,True
Cripto_MinuteTimeSeries/utkusd.csv,/Users/itsgennymac/Library/CloudStorage/GoogleDrive-sfn.gns@gmail.com/Il mio Drive/Database Finanziario/Cripto_MinuteTimeSeries/utkusd.csv,utkusd.csv,.csv,other,8.5622,2022-09-28T10:21:10+00:00,31998.06,Cripto_MinuteTimeSeries,True
Finance Database/archive/velo-usd.csv,/Users/itsgennymac/Library/CloudStorage/GoogleDrive-sfn.gns@gmail.com/Il mio Drive/Database Finanziario/Finance Database/archive/velo-usd.csv,velo-usd.csv,.csv,other,0.027,2022-09-28T10:21:10+00:00,31998.06,Finance Database/archive,True
Finance Database/archive/velo-ust.csv,/Users/itsgennymac/Library/CloudStorage/GoogleDrive-sfn.gns@gmail.com/Il mio Drive/Database Finanziario/Finance Database/archive/velo-ust.csv,velo-ust.csv,.csv,other,0.4631,2022-09-28T10:21:10+00:00,31998.06,Finance Database/archive,True
Finance Database/archive/veeusd.csv,/Users/itsgennymac/Library/CloudStorage/GoogleDrive-sfn.gns@gmail.com/Il mio Drive/Database Finanziario/Finance Database/archive/veeusd.csv,veeusd.csv,.csv,other,1.2783,2022-09-28T10:21:10+00:00,31998.06,Finance Database/archive,True
Finance Database/archive/vetbtc.csv,/Users/itsgennymac/Library/CloudStorage/GoogleDrive-sfn.gns@gmail.com/Il mio Drive/Database Finanziario/Finance Database/archive/vetbtc.csv,vetbtc.csv,.csv,other,22.2331,2022-09-28T10:21:10+00:00,31998.06,Finance Database/archive,True
Finance Database/archive/utkusd.csv,/Users/itsgennymac/Library/CloudStorage/GoogleDrive-sfn.gns@gmail.com/Il mio Drive/Database Finanziario/Finance Database/archive/utkusd.csv,utkusd.csv,.csv,other,8.5622,2022-09-28T10:21:10+00:00,31998.06,Finance Database/archive,True
Cripto_MinuteTimeSeries/ust-cnht.csv,/Users/itsgennymac/Library/CloudStorage/GoogleDrive-sfn.gns@gmail.com/Il mio Drive/Database Finanziario/Cripto_MinuteTimeSeries/ust-cnht.csv,ust-cnht.csv,.csv,other,0.1781,2022-09-28T10:21:04+00:00,31998.06,Cripto_MinuteTimeSeries,True
Cripto_MinuteTimeSeries/uskusd.csv,/Users/itsgennymac/Library/CloudStorage/GoogleDrive-sfn.gns@gmail.com/Il mio Drive/Database Finanziario/Cripto_MinuteTimeSeries/uskusd.csv,uskusd.csv,.csv,other,0.0124,2022-09-28T10:21:04+00:00,31998.06,Cripto_MinuteTimeSeries,True
Finance Database/archive/ust-cnht.csv,/Users/itsgennymac/Library/CloudStorage/GoogleDrive-sfn.gns@gmail.com/Il mio Drive/Database Finanziario/Finance Database/archive/ust-cnht.csv,ust-cnht.csv,.csv,other,0.1781,2022-09-28T10:21:04+00:00,31998.06,Finance Database/archive,True
Finance Database/archive/uskusd.csv,/Users/itsgennymac/Library/CloudStorage/GoogleDrive-sfn.gns@gmail.com/Il mio Drive/Database Finanziario/Finance Database/archive/uskusd.csv,uskusd.csv,.csv,other,0.0124,2022-09-28T10:21:04+00:00,31998.06,Finance Database/archive,True
Cripto_MinuteTimeSeries/uosusd.csv,/Users/itsgennymac/Library/CloudStorage/GoogleDrive-sfn.gns@gmail.com/Il mio Drive/Database Finanziario/Cripto_MinuteTimeSeries/uosusd.csv,uosusd.csv,.csv,other,30.492,2022-09-28T10:21:02+00:00,31998.06,Cripto_MinuteTimeSeries,True
Finance Database/archive/uosusd.csv,/Users/itsgennymac/Library/CloudStorage/GoogleDrive-sfn.gns@gmail.com/Il mio Drive/Database Finanziario/Finance Database/archive/uosusd.csv,uosusd.csv,.csv,other,30.492,2022-09-28T10:21:02+00:00,31998.06,Finance Database/archive,True
Cripto_MinuteTimeSeries/uosbtc.csv,/Users/itsgennymac/Library/CloudStorage/GoogleDrive-sfn.gns@gmail.com/Il mio Drive/Database Finanziario/Cripto_MinuteTimeSeries/uosbtc.csv,uosbtc.csv,.csv,other,31.6744,2022-09-28T10:21:00+00:00,31998.06,Cripto_MinuteTimeSeries,True
Cripto_MinuteTimeSeries/uopusd.csv,/Users/itsgennymac/Library/CloudStorage/GoogleDrive-sfn.gns@gmail.com/Il mio Drive/Database Finanziario/Cripto_MinuteTimeSeries/uopusd.csv,uopusd.csv,.csv,other,3.9377,2022-09-28T10:21:00+00:00,31998.06,Cripto_MinuteTimeSeries,True
Cripto_MinuteTimeSeries/uopust.csv,/Users/itsgennymac/Library/CloudStorage/GoogleDrive-sfn.gns@gmail.com/Il mio Drive/Database Finanziario/Cripto_MinuteTimeSeries/uopust.csv,uopust.csv,.csv,other,3.4716,2022-09-28T10:21:00+00:00,31998.06,Cripto_MinuteTimeSeries,True
Finance Database/archive/uosbtc.csv,/Users/itsgennymac/Library/CloudStorage/GoogleDrive-sfn.gns@gmail.com/Il mio Drive/Database Finanziario/Finance Database/archive/uosbtc.csv,uosbtc.csv,.csv,other,31.6744,2022-09-28T10:21:00+00:00,31998.06,Finance Database/archive,True
Finance Database/archive/uopusd.csv,/Users/itsgennymac/Library/CloudStorage/GoogleDrive-sfn.gns@gmail.com/Il mio Drive/Database Finanziario/Finance Database/archive/uopusd.csv,uopusd.csv,.csv,other,3.9377,2022-09-28T10:21:00+00:00,31998.06,Finance Database/archive,True
Finance Database/archive/uopust.csv,/Users/itsgennymac/Library/CloudStorage/GoogleDrive-sfn.gns@gmail.com/Il mio Drive/Database Finanziario/Finance Database/archive/uopust.csv,uopust.csv,.csv,other,3.4716,2022-09-28T10:21:00+00:00,31998.06,Finance Database/archive,True
Cripto_MinuteTimeSeries/uniust.csv,/Users/itsgennymac/Library/CloudStorage/GoogleDrive-sfn.gns@gmail.com/Il mio Drive/Database Finanziario/Cripto_MinuteTimeSeries/uniust.csv,uniust.csv,.csv,other,22.5063,2022-09-28T10:20:58+00:00,31998.06,Cripto_MinuteTimeSeries,True
Finance Database/archive/uniust.csv,/Users/itsgennymac/Library/CloudStorage/GoogleDrive-sfn.gns@gmail.com/Il mio Drive/Database Finanziario/Finance Database/archive/uniust.csv,uniust.csv,.csv,other,22.5063,2022-09-28T10:20:58+00:00,31998.06,Finance Database/archive,True
Cripto_MinuteTimeSeries/unif0-ustf0.csv,/Users/itsgennymac/Library/CloudStorage/GoogleDrive-sfn.gns@gmail.com/Il mio Drive/Database Finanziario/Cripto_MinuteTimeSeries/unif0-ustf0.csv,unif0-ustf0.csv,.csv,other,0.3645,2022-09-28T10:20:56+00:00,31998.06,Cripto_MinuteTimeSeries,True
Cripto_MinuteTimeSeries/udcust.csv,/Users/itsgennymac/Library/CloudStorage/GoogleDrive-sfn.gns@gmail.com/Il mio Drive/Database Finanziario/Cripto_MinuteTimeSeries/udcust.csv,udcust.csv,.csv,other,12.4115,2022-09-28T10:20:56+00:00,31998.06,Cripto_MinuteTimeSeries,True
Cripto_MinuteTimeSeries/uniusd.csv,/Users/itsgennymac/Library/CloudStorage/GoogleDrive-sfn.gns@gmail.com/Il mio Drive/Database Finanziario/Cripto_MinuteTimeSeries/uniusd.csv,uniusd.csv,.csv,other,28.2759,2022-09-28T10:20:56+00:00,31998.06,Cripto_MinuteTimeSeries,True
Finance Database/archive/unif0-ustf0.csv,/Users/itsgennymac/Library/CloudStorage/GoogleDrive-sfn.gns@gmail.com/Il mio Drive/Database Finanziario/Finance Database/archive/unif0-ustf0.csv,unif0-ustf0.csv,.csv,other,0.3645,2022-09-28T10:20:56+00:00,31998.06,Finance Database/archive,True
Finance Database/archive/udcust.csv,/Users/itsgennymac/Library/CloudStorage/GoogleDrive-sfn.gns@gmail.com/Il mio Drive/Database Finanziario/Finance Database/archive/udcust.csv,udcust.csv,.csv,other,12.4115,2022-09-28T10:20:56+00:00,31998.06,Finance Database/archive,True
Finance Database/archive/uniusd.csv,/Users/itsgennymac/Library/CloudStorage/GoogleDrive-sfn.gns@gmail.com/Il mio Drive/Database Finanziario/Finance Database/archive/uniusd.csv,uniusd.csv,.csv,other,28.2759,2022-09-28T10:20:56+00:00,31998.06,Finance Database/archive,True
Cripto_MinuteTimeSeries/tsdusd.csv,/Users/itsgennymac/Library/CloudStorage/GoogleDrive-sfn.gns@gmail.com/Il mio Drive/Database Finanziario/Cripto_MinuteTimeSeries/tsdusd.csv,tsdusd.csv,.csv,other,8.4364,2022-09-28T10:20:54+00:00,31998.06,Cripto_MinuteTimeSeries,True
Cripto_MinuteTimeSeries/tsdust.csv,/Users/itsgennymac/Library/CloudStorage/GoogleDrive-sfn.gns@gmail.com/Il mio Drive/Database Finanziario/Cripto_MinuteTimeSeries/tsdust.csv,tsdust.csv,.csv,other,6.9945,2022-09-28T10:20:54+00:00,31998.06,Cripto_MinuteTimeSeries,True
Cripto_MinuteTimeSeries/udcusd.csv,/Users/itsgennymac/Library/CloudStorage/GoogleDrive-sfn.gns@gmail.com/Il mio Drive/Database Finanziario/Cripto_MinuteTimeSeries/udcusd.csv,udcusd.csv,.csv,other,15.9981,2022-09-28T10:20:54+00:00,31998.06,Cripto_MinuteTimeSeries,True
Finance Database/archive/tsdusd.csv,/Users/itsgennymac/Library/CloudStorage/GoogleDrive-sfn.gns@gmail.com/Il mio Drive/Database Finanziario/Finance Database/archive/tsdusd.csv,tsdusd.csv,.csv,other,8.4364,2022-09-28T10:20:54+00:00,31998.06,Finance Database/archive,True
Finance Database/archive/tsdust.csv,/Users/itsgennymac/Library/CloudStorage/GoogleDrive-sfn.gns@gmail.com/Il mio Drive/Database Finanziario/Finance Database/archive/tsdust.csv,tsdust.csv,.csv,other,6.9945,2022-09-28T10:20:54+00:00,31998.06,Finance Database/archive,True
Finance Database/archive/udcusd.csv,/Users/itsgennymac/Library/CloudStorage/GoogleDrive-sfn.gns@gmail.com/Il mio Drive/Database Finanziario/Finance Database/archive/udcusd.csv,udcusd.csv,.csv,other,15.9981,2022-09-28T10:20:54+00:00,31998.06,Finance Database/archive,True
Cripto_MinuteTimeSeries/trxust.csv,/Users/itsgennymac/Library/CloudStorage/GoogleDrive-sfn.gns@gmail.com/Il mio Drive/Database Finanziario/Cripto_MinuteTimeSeries/trxust.csv,trxust.csv,.csv,other,15.6081,2022-09-28T10:20:52+00:00,31998.06,Cripto_MinuteTimeSeries,True
Finance Database/archive/trxust.csv,/Users/itsgennymac/Library/CloudStorage/GoogleDrive-sfn.gns@gmail.com/Il mio Drive/Database Finanziario/Finance Database/archive/trxust.csv,trxust.csv,.csv,other,15.6081,2022-09-28T10:20:52+00:00,31998.06,Finance Database/archive,True
Cripto_MinuteTimeSeries/trxeth.csv,/Users/itsgennymac/Library/CloudStorage/GoogleDrive-sfn.gns@gmail.com/Il mio Drive/Database Finanziario/Cripto_MinuteTimeSeries/trxeth.csv,trxeth.csv,.csv,other,24.574,2022-09-28T10:20:46+00:00,31998.06,Cripto_MinuteTimeSeries,True
Cripto_MinuteTimeSeries/trxeur.csv,/Users/itsgennymac/Library/CloudStorage/GoogleDrive-sfn.gns@gmail.com/Il mio Drive/Database Finanziario/Cripto_MinuteTimeSeries/trxeur.csv,trxeur.csv,.csv,other,21.839,2022-09-28T10:20:46+00:00,31998.06,Cripto_MinuteTimeSeries,True
Finance Database/archive/trxeth.csv,/Users/itsgennymac/Library/CloudStorage/GoogleDrive-sfn.gns@gmail.com/Il mio Drive/Database Finanziario/Finance Database/archive/trxeth.csv,trxeth.csv,.csv,other,24.574,2022-09-28T10:20:46+00:00,31998.06,Finance Database/archive,True
Finance Database/archive/trxeur.csv,/Users/itsgennymac/Library/CloudStorage/GoogleDrive-sfn.gns@gmail.com/Il mio Drive/Database Finanziario/Finance Database/archive/trxeur.csv,trxeur.csv,.csv,other,21.839,2022-09-28T10:20:46+00:00,31998.06,Finance Database/archive,True
Cripto_MinuteTimeSeries/sxxust.csv,/Users/itsgennymac/Library/CloudStorage/GoogleDrive-sfn.gns@gmail.com/Il mio Drive/Database Finanziario/Cripto_MinuteTimeSeries/sxxust.csv,sxxust.csv,.csv,other,0.0978,2022-09-28T10:20:44+00:00,31998.07,Cripto_MinuteTimeSeries,True
Cripto_MinuteTimeSeries/swmusd.csv,/Users/itsgennymac/Library/CloudStorage/GoogleDrive-sfn.gns@gmail.com/Il mio Drive/Database Finanziario/Cripto_MinuteTimeSeries/swmusd.csv,swmusd.csv,.csv,other,0.0885,2022-09-28T10:20:44+00:00,31998.07,Cripto_MinuteTimeSeries,True
Cripto_MinuteTimeSeries/sxxusd.csv,/Users/itsgennymac/Library/CloudStorage/GoogleDrive-sfn.gns@gmail.com/Il mio Drive/Database Finanziario/Cripto_MinuteTimeSeries/sxxusd.csv,sxxusd.csv,.csv,other,0.1087,2022-09-28T10:20:44+00:00,31998.07,Cripto_MinuteTimeSeries,True
Cripto_MinuteTimeSeries/testbtcf0-testusdtf0.csv,/Users/itsgennymac/Library/CloudStorage/GoogleDrive-sfn.gns@gmail.com/Il mio Drive/Database Finanziario/Cripto_MinuteTimeSeries/testbtcf0-testusdtf0.csv,testbtcf0-testusdtf0.csv,.csv,other,0.4326,2022-09-28T10:20:44+00:00,31998.07,Cripto_MinuteTimeSeries,True
Cripto_MinuteTimeSeries/sushi-usd.csv,/Users/itsgennymac/Library/CloudStorage/GoogleDrive-sfn.gns@gmail.com/Il mio Drive/Database Finanziario/Cripto_MinuteTimeSeries/sushi-usd.csv,sushi-usd.csv,.csv,other,1.0086,2022-09-28T10:20:44+00:00,31998.07,Cripto_MinuteTimeSeries,True
Cripto_MinuteTimeSeries/trxbtc.csv,/Users/itsgennymac/Library/CloudStorage/GoogleDrive-sfn.gns@gmail.com/Il mio Drive/Database Finanziario/Cripto_MinuteTimeSeries/trxbtc.csv,trxbtc.csv,.csv,other,33.8979,2022-09-28T10:20:44+00:00,31998.07,Cripto_MinuteTimeSeries,True
Cripto_MinuteTimeSeries/sushi-ust.csv,/Users/itsgennymac/Library/CloudStorage/GoogleDrive-sfn.gns@gmail.com/Il mio Drive/Database Finanziario/Cripto_MinuteTimeSeries/sushi-ust.csv,sushi-ust.csv,.csv,other,0.943,2022-09-28T10:20:44+00:00,31998.07,Cripto_MinuteTimeSeries,True
Cripto_MinuteTimeSeries/terraust-usd.csv,/Users/itsgennymac/Library/CloudStorage/GoogleDrive-sfn.gns@gmail.com/Il mio Drive/Database Finanziario/Cripto_MinuteTimeSeries/terraust-usd.csv,terraust-usd.csv,.csv,other,0.0378,2022-09-28T10:20:44+00:00,31998.07,Cripto_MinuteTimeSeries,True
Cripto_MinuteTimeSeries/testbtc-testusdt.csv,/Users/itsgennymac/Library/CloudStorage/GoogleDrive-sfn.gns@gmail.com/Il mio Drive/Database Finanziario/Cripto_MinuteTimeSeries/testbtc-testusdt.csv,testbtc-testusdt.csv,.csv,other,0.167,2022-09-28T10:20:44+00:00,31998.07,Cripto_MinuteTimeSeries,True
Cripto_MinuteTimeSeries/tknusd.csv,/Users/itsgennymac/Library/CloudStorage/GoogleDrive-sfn.gns@gmail.com/Il mio Drive/Database Finanziario/Cripto_MinuteTimeSeries/tknusd.csv,tknusd.csv,.csv,other,0.2551,2022-09-28T10:20:44+00:00,31998.07,Cripto_MinuteTimeSeries,True
Cripto_MinuteTimeSeries/sushif0-ustf0.csv,/Users/itsgennymac/Library/CloudStorage/GoogleDrive-sfn.gns@gmail.com/Il mio Drive/Database Finanziario/Cripto_MinuteTimeSeries/sushif0-ustf0.csv,sushif0-ustf0.csv,.csv,other,0.0643,2022-09-28T10:20:44+00:00,31998.07,Cripto_MinuteTimeSeries,True
Cripto_MinuteTimeSeries/triusd.csv,/Users/itsgennymac/Library/CloudStorage/GoogleDrive-sfn.gns@gmail.com/Il mio Drive/Database Finanziario/Cripto_MinuteTimeSeries/triusd.csv,triusd.csv,.csv,other,0.1145,2022-09-28T10:20:44+00:00,31998.07,Cripto_MinuteTimeSeries,True
Cripto_MinuteTimeSeries/testbtc-testusd.csv,/Users/itsgennymac/Library/CloudStorage/GoogleDrive-sfn.gns@gmail.com/Il mio Drive/Database Finanziario/Cripto_MinuteTimeSeries/testbtc-testusd.csv,testbtc-testusd.csv,.csv,other,0.2761,2022-09-28T10:20:44+00:00,31998.07,Cripto_MinuteTimeSeries,True
Cripto_MinuteTimeSeries/terraust-ust.csv,/Users/itsgennymac/Library/CloudStorage/GoogleDrive-sfn.gns@gmail.com/Il mio Drive/Database Finanziario/Cripto_MinuteTimeSeries/terraust-ust.csv,terraust-ust.csv,.csv,other,0.0421,2022-09-28T10:20:44+00:00,31998.07,Cripto_MinuteTimeSeries,True
Finance Database/archive/sxxust.csv,/Users/itsgennymac/Library/CloudStorage/GoogleDrive-sfn.gns@gmail.com/Il mio Drive/Database Finanziario/Finance Database/archive/sxxust.csv,sxxust.csv,.csv,other,0.0978,2022-09-28T10:20:44+00:00,31998.07,Finance Database/archive,True
Finance Database/archive/swmusd.csv,/Users/itsgennymac/Library/CloudStorage/GoogleDrive-sfn.gns@gmail.com/Il mio Drive/Database Finanziario/Finance Database/archive/swmusd.csv,swmusd.csv,.csv,other,0.0885,2022-09-28T10:20:44+00:00,31998.07,Finance Database/archive,True
Finance Database/archive/sxxusd.csv,/Users/itsgennymac/Library/CloudStorage/GoogleDrive-sfn.gns@gmail.com/Il mio Drive/Database Finanziario/Finance Database/archive/sxxusd.csv,sxxusd.csv,.csv,other,0.1087,2022-09-28T10:20:44+00:00,31998.07,Finance Database/archive,True
Finance Database/archive/testbtcf0-testusdtf0.csv,/Users/itsgennymac/Library/CloudStorage/GoogleDrive-sfn.gns@gmail.com/Il mio Drive/Database Finanziario/Finance Database/archive/testbtcf0-testusdtf0.csv,testbtcf0-testusdtf0.csv,.csv,other,0.4326,2022-09-28T10:20:44+00:00,31998.07,Finance Database/archive,True
Finance Database/archive/sushi-usd.csv,/Users/itsgennymac/Library/CloudStorage/GoogleDrive-sfn.gns@gmail.com/Il mio Drive/Database Finanziario/Finance Database/archive/sushi-usd.csv,sushi-usd.csv,.csv,other,1.0086,2022-09-28T10:20:44+00:00,31998.07,Finance Database/archive,True
Finance Database/archive/trxbtc.csv,/Users/itsgennymac/Library/CloudStorage/GoogleDrive-sfn.gns@gmail.com/Il mio Drive/Database Finanziario/Finance Database/archive/trxbtc.csv,trxbtc.csv,.csv,other,33.8979,2022-09-28T10:20:44+00:00,31998.07,Finance Database/archive,True
Finance Database/archive/sushi-ust.csv,/Users/itsgennymac/Library/CloudStorage/GoogleDrive-sfn.gns@gmail.com/Il mio Drive/Database Finanziario/Finance Database/archive/sushi-ust.csv,sushi-ust.csv,.csv,other,0.943,2022-09-28T10:20:44+00:00,31998.07,Finance Database/archive,True
Finance Database/archive/terraust-usd.csv,/Users/itsgennymac/Library/CloudStorage/GoogleDrive-sfn.gns@gmail.com/Il mio Drive/Database Finanziario/Finance Database/archive/terraust-usd.csv,terraust-usd.csv,.csv,other,0.0378,2022-09-28T10:20:44+00:00,31998.07,Finance Database/archive,True
Finance Database/archive/testbtc-testusdt.csv,/Users/itsgennymac/Library/CloudStorage/GoogleDrive-sfn.gns@gmail.com/Il mio Drive/Database Finanziario/Finance Database/archive/testbtc-testusdt.csv,testbtc-testusdt.csv,.csv,other,0.167,2022-09-28T10:20:44+00:00,31998.07,Finance Database/archive,True
Finance Database/archive/tknusd.csv,/Users/itsgennymac/Library/CloudStorage/GoogleDrive-sfn.gns@gmail.com/Il mio Drive/Database Finanziario/Finance Database/archive/tknusd.csv,tknusd.csv,.csv,other,0.2551,2022-09-28T10:20:44+00:00,31998.07,Finance Database/archive,True
Finance Database/archive/sushif0-ustf0.csv,/Users/itsgennymac/Library/CloudStorage/GoogleDrive-sfn.gns@gmail.com/Il mio Drive/Database Finanziario/Finance Database/archive/sushif0-ustf0.csv,sushif0-ustf0.csv,.csv,other,0.0643,2022-09-28T10:20:44+00:00,31998.07,Finance Database/archive,True
Finance Database/archive/triusd.csv,/Users/itsgennymac/Library/CloudStorage/GoogleDrive-sfn.gns@gmail.com/Il mio Drive/Database Finanziario/Finance Database/archive/triusd.csv,triusd.csv,.csv,other,0.1145,2022-09-28T10:20:44+00:00,31998.07,Finance Database/archive,True
Finance Database/archive/testbtc-testusd.csv,/Users/itsgennymac/Library/CloudStorage/GoogleDrive-sfn.gns@gmail.com/Il mio Drive/Database Finanziario/Finance Database/archive/testbtc-testusd.csv,testbtc-testusd.csv,.csv,other,0.2761,2022-09-28T10:20:44+00:00,31998.07,Finance Database/archive,True
Finance Database/archive/terraust-ust.csv,/Users/itsgennymac/Library/CloudStorage/GoogleDrive-sfn.gns@gmail.com/Il mio Drive/Database Finanziario/Finance Database/archive/terraust-ust.csv,terraust-ust.csv,.csv,other,0.0421,2022-09-28T10:20:44+00:00,31998.07,Finance Database/archive,True
Cripto_MinuteTimeSeries/sunust.csv,/Users/itsgennymac/Library/CloudStorage/GoogleDrive-sfn.gns@gmail.com/Il mio Drive/Database Finanziario/Cripto_MinuteTimeSeries/sunust.csv,sunust.csv,.csv,other,23.9628,2022-09-28T10:20:42+00:00,31998.07,Cripto_MinuteTimeSeries,True
Finance Database/archive/sunust.csv,/Users/itsgennymac/Library/CloudStorage/GoogleDrive-sfn.gns@gmail.com/Il mio Drive/Database Finanziario/Finance Database/archive/sunust.csv,sunust.csv,.csv,other,23.9628,2022-09-28T10:20:42+00:00,31998.07,Finance Database/archive,True
Cripto_MinuteTimeSeries/suku-usd.csv,/Users/itsgennymac/Library/CloudStorage/GoogleDrive-sfn.gns@gmail.com/Il mio Drive/Database Finanziario/Cripto_MinuteTimeSeries/suku-usd.csv,suku-usd.csv,.csv,other,0.044,2022-09-28T10:20:40+00:00,31998.07,Cripto_MinuteTimeSeries,True
Cripto_MinuteTimeSeries/suku-ust.csv,/Users/itsgennymac/Library/CloudStorage/GoogleDrive-sfn.gns@gmail.com/Il mio Drive/Database Finanziario/Cripto_MinuteTimeSeries/suku-ust.csv,suku-ust.csv,.csv,other,0.0414,2022-09-28T10:20:40+00:00,31998.07,Cripto_MinuteTimeSeries,True
Cripto_MinuteTimeSeries/sunusd.csv,/Users/itsgennymac/Library/CloudStorage/GoogleDrive-sfn.gns@gmail.com/Il mio Drive/Database Finanziario/Cripto_MinuteTimeSeries/sunusd.csv,sunusd.csv,.csv,other,25.6363,2022-09-28T10:20:40+00:00,31998.07,Cripto_MinuteTimeSeries,True
Finance Database/archive/suku-usd.csv,/Users/itsgennymac/Library/CloudStorage/GoogleDrive-sfn.gns@gmail.com/Il mio Drive/Database Finanziario/Finance Database/archive/suku-usd.csv,suku-usd.csv,.csv,other,0.044,2022-09-28T10:20:40+00:00,31998.07,Finance Database/archive,True
Finance Database/archive/suku-ust.csv,/Users/itsgennymac/Library/CloudStorage/GoogleDrive-sfn.gns@gmail.com/Il mio Drive/Database Finanziario/Finance Database/archive/suku-ust.csv,suku-ust.csv,.csv,other,0.0414,2022-09-28T10:20:40+00:00,31998.07,Finance Database/archive,True
Finance Database/archive/sunusd.csv,/Users/itsgennymac/Library/CloudStorage/GoogleDrive-sfn.gns@gmail.com/Il mio Drive/Database Finanziario/Finance Database/archive/sunusd.csv,sunusd.csv,.csv,other,25.6363,2022-09-28T10:20:40+00:00,31998.07,Finance Database/archive,True
Cripto_MinuteTimeSeries/stgusd.csv,/Users/itsgennymac/Library/CloudStorage/GoogleDrive-sfn.gns@gmail.com/Il mio Drive/Database Finanziario/Cripto_MinuteTimeSeries/stgusd.csv,stgusd.csv,.csv,other,3.6697,2022-09-28T10:20:38+00:00,31998.07,Cripto_MinuteTimeSeries,True
Cripto_MinuteTimeSeries/stgust.csv,/Users/itsgennymac/Library/CloudStorage/GoogleDrive-sfn.gns@gmail.com/Il mio Drive/Database Finanziario/Cripto_MinuteTimeSeries/stgust.csv,stgust.csv,.csv,other,3.6816,2022-09-28T10:20:38+00:00,31998.07,Cripto_MinuteTimeSeries,True
Cripto_MinuteTimeSeries/stjusd.csv,/Users/itsgennymac/Library/CloudStorage/GoogleDrive-sfn.gns@gmail.com/Il mio Drive/Database Finanziario/Cripto_MinuteTimeSeries/stjusd.csv,stjusd.csv,.csv,other,10.6638,2022-09-28T10:20:38+00:00,31998.07,Cripto_MinuteTimeSeries,True
Cripto_MinuteTimeSeries/srmust.csv,/Users/itsgennymac/Library/CloudStorage/GoogleDrive-sfn.gns@gmail.com/Il mio Drive/Database Finanziario/Cripto_MinuteTimeSeries/srmust.csv,srmust.csv,.csv,other,1.2221,2022-09-28T10:20:38+00:00,31998.07,Cripto_MinuteTimeSeries,True
Cripto_MinuteTimeSeries/srmusd.csv,/Users/itsgennymac/Library/CloudStorage/GoogleDrive-sfn.gns@gmail.com/Il mio Drive/Database Finanziario/Cripto_MinuteTimeSeries/srmusd.csv,srmusd.csv,.csv,other,1.3209,2022-09-28T10:20:38+00:00,31998.07,Cripto_MinuteTimeSeries,True
Finance Database/archive/stgusd.csv,/Users/itsgennymac/Library/CloudStorage/GoogleDrive-sfn.gns@gmail.com/Il mio Drive/Database Finanziario/Finance Database/archive/stgusd.csv,stgusd.csv,.csv,other,3.6697,2022-09-28T10:20:38+00:00,31998.07,Finance Database/archive,True
Finance Database/archive/stgust.csv,/Users/itsgennymac/Library/CloudStorage/GoogleDrive-sfn.gns@gmail.com/Il mio Drive/Database Finanziario/Finance Database/archive/stgust.csv,stgust.csv,.csv,other,3.6816,2022-09-28T10:20:38+00:00,31998.07,Finance Database/archive,True
Finance Database/archive/stjusd.csv,/Users/itsgennymac/Library/CloudStorage/GoogleDrive-sfn.gns@gmail.com/Il mio Drive/Database Finanziario/Finance Database/archive/stjusd.csv,stjusd.csv,.csv,other,10.6638,2022-09-28T10:20:38+00:00,31998.07,Finance Database/archive,True
Finance Database/archive/srmust.csv,/Users/itsgennymac/Library/CloudStorage/GoogleDrive-sfn.gns@gmail.com/Il mio Drive/Database Finanziario/Finance Database/archive/srmust.csv,srmust.csv,.csv,other,1.2221,2022-09-28T10:20:38+00:00,31998.07,Finance Database/archive,True
Finance Database/archive/srmusd.csv,/Users/itsgennymac/Library/CloudStorage/GoogleDrive-sfn.gns@gmail.com/Il mio Drive/Database Finanziario/Finance Database/archive/srmusd.csv,srmusd.csv,.csv,other,1.3209,2022-09-28T10:20:38+00:00,31998.07,Finance Database/archive,True
Cripto_MinuteTimeSeries/solust.csv,/Users/itsgennymac/Library/CloudStorage/GoogleDrive-sfn.gns@gmail.com/Il mio Drive/Database Finanziario/Cripto_MinuteTimeSeries/solust.csv,solust.csv,.csv,other,23.0592,2022-09-28T10:20:36+00:00,31998.07,Cripto_MinuteTimeSeries,True
Finance Database/archive/solust.csv,/Users/itsgennymac/Library/CloudStorage/GoogleDrive-sfn.gns@gmail.com/Il mio Drive/Database Finanziario/Finance Database/archive/solust.csv,solust.csv,.csv,other,23.0592,2022-09-28T10:20:36+00:00,31998.07,Finance Database/archive,True
Cripto_MinuteTimeSeries/solusd.csv,/Users/itsgennymac/Library/CloudStorage/GoogleDrive-sfn.gns@gmail.com/Il mio Drive/Database Finanziario/Cripto_MinuteTimeSeries/solusd.csv,solusd.csv,.csv,other,28.2671,2022-09-28T10:20:34+00:00,31998.07,Cripto_MinuteTimeSeries,True
Cripto_MinuteTimeSeries/solf0-ustf0.csv,/Users/itsgennymac/Library/CloudStorage/GoogleDrive-sfn.gns@gmail.com/Il mio Drive/Database Finanziario/Cripto_MinuteTimeSeries/solf0-ustf0.csv,solf0-ustf0.csv,.csv,other,0.4464,2022-09-28T10:20:34+00:00,31998.07,Cripto_MinuteTimeSeries,True
Cripto_MinuteTimeSeries/solbtc.csv,/Users/itsgennymac/Library/CloudStorage/GoogleDrive-sfn.gns@gmail.com/Il mio Drive/Database Finanziario/Cripto_MinuteTimeSeries/solbtc.csv,solbtc.csv,.csv,other,9.6922,2022-09-28T10:20:34+00:00,31998.07,Cripto_MinuteTimeSeries,True
Finance Database/archive/solusd.csv,/Users/itsgennymac/Library/CloudStorage/GoogleDrive-sfn.gns@gmail.com/Il mio Drive/Database Finanziario/Finance Database/archive/solusd.csv,solusd.csv,.csv,other,28.2671,2022-09-28T10:20:34+00:00,31998.07,Finance Database/archive,True
Finance Database/archive/solf0-ustf0.csv,/Users/itsgennymac/Library/CloudStorage/GoogleDrive-sfn.gns@gmail.com/Il mio Drive/Database Finanziario/Finance Database/archive/solf0-ustf0.csv,solf0-ustf0.csv,.csv,other,0.4464,2022-09-28T10:20:34+00:00,31998.07,Finance Database/archive,True
Finance Database/archive/solbtc.csv,/Users/itsgennymac/Library/CloudStorage/GoogleDrive-sfn.gns@gmail.com/Il mio Drive/Database Finanziario/Finance Database/archive/solbtc.csv,solbtc.csv,.csv,other,9.6922,2022-09-28T10:20:34+00:00,31998.07,Finance Database/archive,True
Cripto_MinuteTimeSeries/snxust.csv,/Users/itsgennymac/Library/CloudStorage/GoogleDrive-sfn.gns@gmail.com/Il mio Drive/Database Finanziario/Cripto_MinuteTimeSeries/snxust.csv,snxust.csv,.csv,other,15.7662,2022-09-28T10:20:32+00:00,31998.07,Cripto_MinuteTimeSeries,True
Finance Database/archive/snxust.csv,/Users/itsgennymac/Library/CloudStorage/GoogleDrive-sfn.gns@gmail.com/Il mio Drive/Database Finanziario/Finance Database/archive/snxust.csv,snxust.csv,.csv,other,15.7662,2022-09-28T10:20:32+00:00,31998.07,Finance Database/archive,True
Cripto_MinuteTimeSeries/sgbusd.csv,/Users/itsgennymac/Library/CloudStorage/GoogleDrive-sfn.gns@gmail.com/Il mio Drive/Database Finanziario/Cripto_MinuteTimeSeries/sgbusd.csv,sgbusd.csv,.csv,other,4.6378,2022-09-28T10:20:30+00:00,31998.07,Cripto_MinuteTimeSeries,True
Cripto_MinuteTimeSeries/sntusd.csv,/Users/itsgennymac/Library/CloudStorage/GoogleDrive-sfn.gns@gmail.com/Il mio Drive/Database Finanziario/Cripto_MinuteTimeSeries/sntusd.csv,sntusd.csv,.csv,other,11.8551,2022-09-28T10:20:30+00:00,31998.07,Cripto_MinuteTimeSeries,True
Cripto_MinuteTimeSeries/snxusd.csv,/Users/itsgennymac/Library/CloudStorage/GoogleDrive-sfn.gns@gmail.com/Il mio Drive/Database Finanziario/Cripto_MinuteTimeSeries/snxusd.csv,snxusd.csv,.csv,other,15.0068,2022-09-28T10:20:30+00:00,31998.07,Cripto_MinuteTimeSeries,True
Cripto_MinuteTimeSeries/sgbust.csv,/Users/itsgennymac/Library/CloudStorage/GoogleDrive-sfn.gns@gmail.com/Il mio Drive/Database Finanziario/Cripto_MinuteTimeSeries/sgbust.csv,sgbust.csv,.csv,other,4.4635,2022-09-28T10:20:30+00:00,31998.07,Cripto_MinuteTimeSeries,True
Cripto_MinuteTimeSeries/sngusd.csv,/Users/itsgennymac/Library/CloudStorage/GoogleDrive-sfn.gns@gmail.com/Il mio Drive/Database Finanziario/Cripto_MinuteTimeSeries/sngusd.csv,sngusd.csv,.csv,other,3.6864,2022-09-28T10:20:30+00:00,31998.07,Cripto_MinuteTimeSeries,True
Finance Database/archive/sgbusd.csv,/Users/itsgennymac/Library/CloudStorage/GoogleDrive-sfn.gns@gmail.com/Il mio Drive/Database Finanziario/Finance Database/archive/sgbusd.csv,sgbusd.csv,.csv,other,4.6378,2022-09-28T10:20:30+00:00,31998.07,Finance Database/archive,True
Finance Database/archive/sntusd.csv,/Users/itsgennymac/Library/CloudStorage/GoogleDrive-sfn.gns@gmail.com/Il mio Drive/Database Finanziario/Finance Database/archive/sntusd.csv,sntusd.csv,.csv,other,11.8551,2022-09-28T10:20:30+00:00,31998.07,Finance Database/archive,True
Finance Database/archive/snxusd.csv,/Users/itsgennymac/Library/CloudStorage/GoogleDrive-sfn.gns@gmail.com/Il mio Drive/Database Finanziario/Finance Database/archive/snxusd.csv,snxusd.csv,.csv,other,15.0068,2022-09-28T10:20:30+00:00,31998.07,Finance Database/archive,True
Finance Database/archive/sgbust.csv,/Users/itsgennymac/Library/CloudStorage/GoogleDrive-sfn.gns@gmail.com/Il mio Drive/Database Finanziario/Finance Database/archive/sgbust.csv,sgbust.csv,.csv,other,4.4635,2022-09-28T10:20:30+00:00,31998.07,Finance Database/archive,True
Finance Database/archive/sngusd.csv,/Users/itsgennymac/Library/CloudStorage/GoogleDrive-sfn.gns@gmail.com/Il mio Drive/Database Finanziario/Finance Database/archive/sngusd.csv,sngusd.csv,.csv,other,3.6864,2022-09-28T10:20:30+00:00,31998.07,Finance Database/archive,True
Cripto_MinuteTimeSeries/sanusd.csv,/Users/itsgennymac/Library/CloudStorage/GoogleDrive-sfn.gns@gmail.com/Il mio Drive/Database Finanziario/Cripto_MinuteTimeSeries/sanusd.csv,sanusd.csv,.csv,other,20.0636,2022-09-28T10:20:28+00:00,31998.07,Cripto_MinuteTimeSeries,True
Cripto_MinuteTimeSeries/saneth.csv,/Users/itsgennymac/Library/CloudStorage/GoogleDrive-sfn.gns@gmail.com/Il mio Drive/Database Finanziario/Cripto_MinuteTimeSeries/saneth.csv,saneth.csv,.csv,other,6.7462,2022-09-28T10:20:28+00:00,31998.07,Cripto_MinuteTimeSeries,True
Finance Database/archive/sanusd.csv,/Users/itsgennymac/Library/CloudStorage/GoogleDrive-sfn.gns@gmail.com/Il mio Drive/Database Finanziario/Finance Database/archive/sanusd.csv,sanusd.csv,.csv,other,20.0636,2022-09-28T10:20:28+00:00,31998.07,Finance Database/archive,True
Finance Database/archive/saneth.csv,/Users/itsgennymac/Library/CloudStorage/GoogleDrive-sfn.gns@gmail.com/Il mio Drive/Database Finanziario/Finance Database/archive/saneth.csv,saneth.csv,.csv,other,6.7462,2022-09-28T10:20:28+00:00,31998.07,Finance Database/archive,True
Cripto_MinuteTimeSeries/rrbusd.csv,/Users/itsgennymac/Library/CloudStorage/GoogleDrive-sfn.gns@gmail.com/Il mio Drive/Database Finanziario/Cripto_MinuteTimeSeries/rrbusd.csv,rrbusd.csv,.csv,other,1.795,2022-09-28T10:20:26+00:00,31998.07,Cripto_MinuteTimeSeries,True
Cripto_MinuteTimeSeries/sanbtc.csv,/Users/itsgennymac/Library/CloudStorage/GoogleDrive-sfn.gns@gmail.com/Il mio Drive/Database Finanziario/Cripto_MinuteTimeSeries/sanbtc.csv,sanbtc.csv,.csv,other,12.4104,2022-09-28T10:20:26+00:00,31998.07,Cripto_MinuteTimeSeries,True
Cripto_MinuteTimeSeries/rrbust.csv,/Users/itsgennymac/Library/CloudStorage/GoogleDrive-sfn.gns@gmail.com/Il mio Drive/Database Finanziario/Cripto_MinuteTimeSeries/rrbust.csv,rrbust.csv,.csv,other,3.4105,2022-09-28T10:20:26+00:00,31998.07,Cripto_MinuteTimeSeries,True
Cripto_MinuteTimeSeries/rrtusd.csv,/Users/itsgennymac/Library/CloudStorage/GoogleDrive-sfn.gns@gmail.com/Il mio Drive/Database Finanziario/Cripto_MinuteTimeSeries/rrtusd.csv,rrtusd.csv,.csv,other,7.6074,2022-09-28T10:20:26+00:00,31998.07,Cripto_MinuteTimeSeries,True
Cripto_MinuteTimeSeries/ringx-usd.csv,/Users/itsgennymac/Library/CloudStorage/GoogleDrive-sfn.gns@gmail.com/Il mio Drive/Database Finanziario/Cripto_MinuteTimeSeries/ringx-usd.csv,ringx-usd.csv,.csv,other,0.011,2022-09-28T10:20:26+00:00,31998.07,Cripto_MinuteTimeSeries,True
Cripto_MinuteTimeSeries/rlyusd.csv,/Users/itsgennymac/Library/CloudStorage/GoogleDrive-sfn.gns@gmail.com/Il mio Drive/Database Finanziario/Cripto_MinuteTimeSeries/rlyusd.csv,rlyusd.csv,.csv,other,3.0432,2022-09-28T10:20:26+00:00,31998.07,Cripto_MinuteTimeSeries,True
Cripto_MinuteTimeSeries/rifusd.csv,/Users/itsgennymac/Library/CloudStorage/GoogleDrive-sfn.gns@gmail.com/Il mio Drive/Database Finanziario/Cripto_MinuteTimeSeries/rifusd.csv,rifusd.csv,.csv,other,1.1597,2022-09-28T10:20:26+00:00,31998.07,Cripto_MinuteTimeSeries,True
Cripto_MinuteTimeSeries/rlyust.csv,/Users/itsgennymac/Library/CloudStorage/GoogleDrive-sfn.gns@gmail.com/Il mio Drive/Database Finanziario/Cripto_MinuteTimeSeries/rlyust.csv,rlyust.csv,.csv,other,3.0189,2022-09-28T10:20:26+00:00,31998.07,Cripto_MinuteTimeSeries,True
Finance Database/archive/rrbusd.csv,/Users/itsgennymac/Library/CloudStorage/GoogleDrive-sfn.gns@gmail.com/Il mio Drive/Database Finanziario/Finance Database/archive/rrbusd.csv,rrbusd.csv,.csv,other,1.795,2022-09-28T10:20:26+00:00,31998.07,Finance Database/archive,True
Finance Database/archive/sanbtc.csv,/Users/itsgennymac/Library/CloudStorage/GoogleDrive-sfn.gns@gmail.com/Il mio Drive/Database Finanziario/Finance Database/archive/sanbtc.csv,sanbtc.csv,.csv,other,12.4104,2022-09-28T10:20:26+00:00,31998.07,Finance Database/archive,True
Finance Database/archive/rrbust.csv,/Users/itsgennymac/Library/CloudStorage/GoogleDrive-sfn.gns@gmail.com/Il mio Drive/Database Finanziario/Finance Database/archive/rrbust.csv,rrbust.csv,.csv,other,3.4105,2022-09-28T10:20:26+00:00,31998.07,Finance Database/archive,True
Finance Database/archive/rrtusd.csv,/Users/itsgennymac/Library/CloudStorage/GoogleDrive-sfn.gns@gmail.com/Il mio Drive/Database Finanziario/Finance Database/archive/rrtusd.csv,rrtusd.csv,.csv,other,7.6074,2022-09-28T10:20:26+00:00,31998.07,Finance Database/archive,True
Finance Database/archive/ringx-usd.csv,/Users/itsgennymac/Library/CloudStorage/GoogleDrive-sfn.gns@gmail.com/Il mio Drive/Database Finanziario/Finance Database/archive/ringx-usd.csv,ringx-usd.csv,.csv,other,0.011,2022-09-28T10:20:26+00:00,31998.07,Finance Database/archive,True
Finance Database/archive/rlyusd.csv,/Users/itsgennymac/Library/CloudStorage/GoogleDrive-sfn.gns@gmail.com/Il mio Drive/Database Finanziario/Finance Database/archive/rlyusd.csv,rlyusd.csv,.csv,other,3.0432,2022-09-28T10:20:26+00:00,31998.07,Finance Database/archive,True
Finance Database/archive/rifusd.csv,/Users/itsgennymac/Library/CloudStorage/GoogleDrive-sfn.gns@gmail.com/Il mio Drive/Database Finanziario/Finance Database/archive/rifusd.csv,rifusd.csv,.csv,other,1.1597,2022-09-28T10:20:26+00:00,31998.07,Finance Database/archive,True
Finance Database/archive/rlyust.csv,/Users/itsgennymac/Library/CloudStorage/GoogleDrive-sfn.gns@gmail.com/Il mio Drive/Database Finanziario/Finance Database/archive/rlyust.csv,rlyust.csv,.csv,other,3.0189,2022-09-28T10:20:26+00:00,31998.07,Finance Database/archive,True
Cripto_MinuteTimeSeries/reef-ust.csv,/Users/itsgennymac/Library/CloudStorage/GoogleDrive-sfn.gns@gmail.com/Il mio Drive/Database Finanziario/Cripto_MinuteTimeSeries/reef-ust.csv,reef-ust.csv,.csv,other,1.3422,2022-09-28T10:20:24+00:00,31998.07,Cripto_MinuteTimeSeries,True
Cripto_MinuteTimeSeries/reef-usd.csv,/Users/itsgennymac/Library/CloudStorage/GoogleDrive-sfn.gns@gmail.com/Il mio Drive/Database Finanziario/Cripto_MinuteTimeSeries/reef-usd.csv,reef-usd.csv,.csv,other,0.8744,2022-09-28T10:20:24+00:00,31998.07,Cripto_MinuteTimeSeries,True
Cripto_MinuteTimeSeries/repusd.csv,/Users/itsgennymac/Library/CloudStorage/GoogleDrive-sfn.gns@gmail.com/Il mio Drive/Database Finanziario/Cripto_MinuteTimeSeries/repusd.csv,repusd.csv,.csv,other,9.0022,2022-09-28T10:20:24+00:00,31998.07,Cripto_MinuteTimeSeries,True
Cripto_MinuteTimeSeries/rcnusd.csv,/Users/itsgennymac/Library/CloudStorage/GoogleDrive-sfn.gns@gmail.com/Il mio Drive/Database Finanziario/Cripto_MinuteTimeSeries/rcnusd.csv,rcnusd.csv,.csv,other,0.9298,2022-09-28T10:20:24+00:00,31998.07,Cripto_MinuteTimeSeries,True
Cripto_MinuteTimeSeries/repbtc.csv,/Users/itsgennymac/Library/CloudStorage/GoogleDrive-sfn.gns@gmail.com/Il mio Drive/Database Finanziario/Cripto_MinuteTimeSeries/repbtc.csv,repbtc.csv,.csv,other,9.9784,2022-09-28T10:20:24+00:00,31998.07,Cripto_MinuteTimeSeries,True
Cripto_MinuteTimeSeries/requsd.csv,/Users/itsgennymac/Library/CloudStorage/GoogleDrive-sfn.gns@gmail.com/Il mio Drive/Database Finanziario/Cripto_MinuteTimeSeries/requsd.csv,requsd.csv,.csv,other,3.0613,2022-09-28T10:20:24+00:00,31998.07,Cripto_MinuteTimeSeries,True
Finance Database/archive/reef-ust.csv,/Users/itsgennymac/Library/CloudStorage/GoogleDrive-sfn.gns@gmail.com/Il mio Drive/Database Finanziario/Finance Database/archive/reef-ust.csv,reef-ust.csv,.csv,other,1.3422,2022-09-28T10:20:24+00:00,31998.07,Finance Database/archive,True
Finance Database/archive/reef-usd.csv,/Users/itsgennymac/Library/CloudStorage/GoogleDrive-sfn.gns@gmail.com/Il mio Drive/Database Finanziario/Finance Database/archive/reef-usd.csv,reef-usd.csv,.csv,other,0.8744,2022-09-28T10:20:24+00:00,31998.07,Finance Database/archive,True
Finance Database/archive/repusd.csv,/Users/itsgennymac/Library/CloudStorage/GoogleDrive-sfn.gns@gmail.com/Il mio Drive/Database Finanziario/Finance Database/archive/repusd.csv,repusd.csv,.csv,other,9.0022,2022-09-28T10:20:24+00:00,31998.07,Finance Database/archive,True
Finance Database/archive/rcnusd.csv,/Users/itsgennymac/Library/CloudStorage/GoogleDrive-sfn.gns@gmail.com/Il mio Drive/Database Finanziario/Finance Database/archive/rcnusd.csv,rcnusd.csv,.csv,other,0.9298,2022-09-28T10:20:24+00:00,31998.07,Finance Database/archive,True
Finance Database/archive/repbtc.csv,/Users/itsgennymac/Library/CloudStorage/GoogleDrive-sfn.gns@gmail.com/Il mio Drive/Database Finanziario/Finance Database/archive/repbtc.csv,repbtc.csv,.csv,other,9.9784,2022-09-28T10:20:24+00:00,31998.07,Finance Database/archive,True
Finance Database/archive/requsd.csv,/Users/itsgennymac/Library/CloudStorage/GoogleDrive-sfn.gns@gmail.com/Il mio Drive/Database Finanziario/Finance Database/archive/requsd.csv,requsd.csv,.csv,other,3.0613,2022-09-28T10:20:24+00:00,31998.07,Finance Database/archive,True
Cripto_MinuteTimeSeries/rbtbtc.csv,/Users/itsgennymac/Library/CloudStorage/GoogleDrive-sfn.gns@gmail.com/Il mio Drive/Database Finanziario/Cripto_MinuteTimeSeries/rbtbtc.csv,rbtbtc.csv,.csv,other,26.3415,2022-09-28T10:20:22+00:00,31998.07,Cripto_MinuteTimeSeries,True
Cripto_MinuteTimeSeries/rbtusd.csv,/Users/itsgennymac/Library/CloudStorage/GoogleDrive-sfn.gns@gmail.com/Il mio Drive/Database Finanziario/Cripto_MinuteTimeSeries/rbtusd.csv,rbtusd.csv,.csv,other,11.275,2022-09-28T10:20:22+00:00,31998.07,Cripto_MinuteTimeSeries,True
Finance Database/archive/rbtbtc.csv,/Users/itsgennymac/Library/CloudStorage/GoogleDrive-sfn.gns@gmail.com/Il mio Drive/Database Finanziario/Finance Database/archive/rbtbtc.csv,rbtbtc.csv,.csv,other,26.3415,2022-09-28T10:20:22+00:00,31998.07,Finance Database/archive,True
Finance Database/archive/rbtusd.csv,/Users/itsgennymac/Library/CloudStorage/GoogleDrive-sfn.gns@gmail.com/Il mio Drive/Database Finanziario/Finance Database/archive/rbtusd.csv,rbtusd.csv,.csv,other,11.275,2022-09-28T10:20:22+00:00,31998.07,Finance Database/archive,True
Cripto_MinuteTimeSeries/qtfusd.csv,/Users/itsgennymac/Library/CloudStorage/GoogleDrive-sfn.gns@gmail.com/Il mio Drive/Database Finanziario/Cripto_MinuteTimeSeries/qtfusd.csv,qtfusd.csv,.csv,other,1.7866,2022-09-28T10:20:20+00:00,31998.07,Cripto_MinuteTimeSeries,True
Cripto_MinuteTimeSeries/qtmbtc.csv,/Users/itsgennymac/Library/CloudStorage/GoogleDrive-sfn.gns@gmail.com/Il mio Drive/Database Finanziario/Cripto_MinuteTimeSeries/qtmbtc.csv,qtmbtc.csv,.csv,other,8.9389,2022-09-28T10:20:20+00:00,31998.07,Cripto_MinuteTimeSeries,True
Cripto_MinuteTimeSeries/poausd.csv,/Users/itsgennymac/Library/CloudStorage/GoogleDrive-sfn.gns@gmail.com/Il mio Drive/Database Finanziario/Cripto_MinuteTimeSeries/poausd.csv,poausd.csv,.csv,other,0.6868,2022-09-28T10:20:20+00:00,31998.07,Cripto_MinuteTimeSeries,True
Cripto_MinuteTimeSeries/qtfbtc.csv,/Users/itsgennymac/Library/CloudStorage/GoogleDrive-sfn.gns@gmail.com/Il mio Drive/Database Finanziario/Cripto_MinuteTimeSeries/qtfbtc.csv,qtfbtc.csv,.csv,other,2.0663,2022-09-28T10:20:20+00:00,31998.07,Cripto_MinuteTimeSeries,True
Cripto_MinuteTimeSeries/qshusd.csv,/Users/itsgennymac/Library/CloudStorage/GoogleDrive-sfn.gns@gmail.com/Il mio Drive/Database Finanziario/Cripto_MinuteTimeSeries/qshusd.csv,qshusd.csv,.csv,other,6.3307,2022-09-28T10:20:20+00:00,31998.07,Cripto_MinuteTimeSeries,True
Cripto_MinuteTimeSeries/qtmusd.csv,/Users/itsgennymac/Library/CloudStorage/GoogleDrive-sfn.gns@gmail.com/Il mio Drive/Database Finanziario/Cripto_MinuteTimeSeries/qtmusd.csv,qtmusd.csv,.csv,other,13.6367,2022-09-28T10:20:20+00:00,31998.07,Cripto_MinuteTimeSeries,True
Finance Database/archive/qtfusd.csv,/Users/itsgennymac/Library/CloudStorage/GoogleDrive-sfn.gns@gmail.com/Il mio Drive/Database Finanziario/Finance Database/archive/qtfusd.csv,qtfusd.csv,.csv,other,1.7866,2022-09-28T10:20:20+00:00,31998.07,Finance Database/archive,True
Finance Database/archive/qtmbtc.csv,/Users/itsgennymac/Library/CloudStorage/GoogleDrive-sfn.gns@gmail.com/Il mio Drive/Database Finanziario/Finance Database/archive/qtmbtc.csv,qtmbtc.csv,.csv,other,8.9389,2022-09-28T10:20:20+00:00,31998.07,Finance Database/archive,True
Finance Database/archive/poausd.csv,/Users/itsgennymac/Library/CloudStorage/GoogleDrive-sfn.gns@gmail.com/Il mio Drive/Database Finanziario/Finance Database/archive/poausd.csv,poausd.csv,.csv,other,0.6868,2022-09-28T10:20:20+00:00,31998.07,Finance Database/archive,True
Finance Database/archive/qtfbtc.csv,/Users/itsgennymac/Library/CloudStorage/GoogleDrive-sfn.gns@gmail.com/Il mio Drive/Database Finanziario/Finance Database/archive/qtfbtc.csv,qtfbtc.csv,.csv,other,2.0663,2022-09-28T10:20:20+00:00,31998.07,Finance Database/archive,True
Finance Database/archive/qshusd.csv,/Users/itsgennymac/Library/CloudStorage/GoogleDrive-sfn.gns@gmail.com/Il mio Drive/Database Finanziario/Finance Database/archive/qshusd.csv,qshusd.csv,.csv,other,6.3307,2022-09-28T10:20:20+00:00,31998.07,Finance Database/archive,True
Finance Database/archive/qtmusd.csv,/Users/itsgennymac/Library/CloudStorage/GoogleDrive-sfn.gns@gmail.com/Il mio Drive/Database Finanziario/Finance Database/archive/qtmusd.csv,qtmusd.csv,.csv,other,13.6367,2022-09-28T10:20:20+00:00,31998.07,Finance Database/archive,True
Cripto_MinuteTimeSeries/pnketh.csv,/Users/itsgennymac/Library/CloudStorage/GoogleDrive-sfn.gns@gmail.com/Il mio Drive/Database Finanziario/Cripto_MinuteTimeSeries/pnketh.csv,pnketh.csv,.csv,other,8.1085,2022-09-28T10:20:18+00:00,31998.07,Cripto_MinuteTimeSeries,True
Cripto_MinuteTimeSeries/pngusd.csv,/Users/itsgennymac/Library/CloudStorage/GoogleDrive-sfn.gns@gmail.com/Il mio Drive/Database Finanziario/Cripto_MinuteTimeSeries/pngusd.csv,pngusd.csv,.csv,other,0.29,2022-09-28T10:20:18+00:00,31998.07,Cripto_MinuteTimeSeries,True
Cripto_MinuteTimeSeries/pnkusd.csv,/Users/itsgennymac/Library/CloudStorage/GoogleDrive-sfn.gns@gmail.com/Il mio Drive/Database Finanziario/Cripto_MinuteTimeSeries/pnkusd.csv,pnkusd.csv,.csv,other,11.4501,2022-09-28T10:20:18+00:00,31998.07,Cripto_MinuteTimeSeries,True
Cripto_MinuteTimeSeries/pngust.csv,/Users/itsgennymac/Library/CloudStorage/GoogleDrive-sfn.gns@gmail.com/Il mio Drive/Database Finanziario/Cripto_MinuteTimeSeries/pngust.csv,pngust.csv,.csv,other,0.1485,2022-09-28T10:20:18+00:00,31998.07,Cripto_MinuteTimeSeries,True
Finance Database/archive/pnketh.csv,/Users/itsgennymac/Library/CloudStorage/GoogleDrive-sfn.gns@gmail.com/Il mio Drive/Database Finanziario/Finance Database/archive/pnketh.csv,pnketh.csv,.csv,other,8.1085,2022-09-28T10:20:18+00:00,31998.07,Finance Database/archive,True
Finance Database/archive/pngusd.csv,/Users/itsgennymac/Library/CloudStorage/GoogleDrive-sfn.gns@gmail.com/Il mio Drive/Database Finanziario/Finance Database/archive/pngusd.csv,pngusd.csv,.csv,other,0.29,2022-09-28T10:20:18+00:00,31998.07,Finance Database/archive,True
Finance Database/archive/pnkusd.csv,/Users/itsgennymac/Library/CloudStorage/GoogleDrive-sfn.gns@gmail.com/Il mio Drive/Database Finanziario/Finance Database/archive/pnkusd.csv,pnkusd.csv,.csv,other,11.4501,2022-09-28T10:20:18+00:00,31998.07,Finance Database/archive,True
Finance Database/archive/pngust.csv,/Users/itsgennymac/Library/CloudStorage/GoogleDrive-sfn.gns@gmail.com/Il mio Drive/Database Finanziario/Finance Database/archive/pngust.csv,pngust.csv,.csv,other,0.1485,2022-09-28T10:20:18+00:00,31998.07,Finance Database/archive,True
Cripto_MinuteTimeSeries/planets-ust.csv,/Users/itsgennymac/Library/CloudStorage/GoogleDrive-sfn.gns@gmail.com/Il mio Drive/Database Finanziario/Cripto_MinuteTimeSeries/planets-ust.csv,planets-ust.csv,.csv,other,0.0647,2022-09-28T10:20:16+00:00,31998.07,Cripto_MinuteTimeSeries,True
Cripto_MinuteTimeSeries/pluusd.csv,/Users/itsgennymac/Library/CloudStorage/GoogleDrive-sfn.gns@gmail.com/Il mio Drive/Database Finanziario/Cripto_MinuteTimeSeries/pluusd.csv,pluusd.csv,.csv,other,16.2048,2022-09-28T10:20:16+00:00,31998.07,Cripto_MinuteTimeSeries,True
Cripto_MinuteTimeSeries/planets-usd.csv,/Users/itsgennymac/Library/CloudStorage/GoogleDrive-sfn.gns@gmail.com/Il mio Drive/Database Finanziario/Cripto_MinuteTimeSeries/planets-usd.csv,planets-usd.csv,.csv,other,0.0346,2022-09-28T10:20:16+00:00,31998.07,Cripto_MinuteTimeSeries,True
Cripto_MinuteTimeSeries/paxust.csv,/Users/itsgennymac/Library/CloudStorage/GoogleDrive-sfn.gns@gmail.com/Il mio Drive/Database Finanziario/Cripto_MinuteTimeSeries/paxust.csv,paxust.csv,.csv,other,3.7649,2022-09-28T10:20:16+00:00,31998.07,Cripto_MinuteTimeSeries,True
Cripto_MinuteTimeSeries/paxusd.csv,/Users/itsgennymac/Library/CloudStorage/GoogleDrive-sfn.gns@gmail.com/Il mio Drive/Database Finanziario/Cripto_MinuteTimeSeries/paxusd.csv,paxusd.csv,.csv,other,6.9223,2022-09-28T10:20:16+00:00,31998.07,Cripto_MinuteTimeSeries,True
Cripto_MinuteTimeSeries/pasusd.csv,/Users/itsgennymac/Library/CloudStorage/GoogleDrive-sfn.gns@gmail.com/Il mio Drive/Database Finanziario/Cripto_MinuteTimeSeries/pasusd.csv,pasusd.csv,.csv,other,1.3183,2022-09-28T10:20:16+00:00,31998.07,Cripto_MinuteTimeSeries,True
Finance Database/archive/planets-ust.csv,/Users/itsgennymac/Library/CloudStorage/GoogleDrive-sfn.gns@gmail.com/Il mio Drive/Database Finanziario/Finance Database/archive/planets-ust.csv,planets-ust.csv,.csv,other,0.0647,2022-09-28T10:20:16+00:00,31998.07,Finance Database/archive,True
Finance Database/archive/pluusd.csv,/Users/itsgennymac/Library/CloudStorage/GoogleDrive-sfn.gns@gmail.com/Il mio Drive/Database Finanziario/Finance Database/archive/pluusd.csv,pluusd.csv,.csv,other,16.2048,2022-09-28T10:20:16+00:00,31998.07,Finance Database/archive,True
Finance Database/archive/planets-usd.csv,/Users/itsgennymac/Library/CloudStorage/GoogleDrive-sfn.gns@gmail.com/Il mio Drive/Database Finanziario/Finance Database/archive/planets-usd.csv,planets-usd.csv,.csv,other,0.0346,2022-09-28T10:20:16+00:00,31998.07,Finance Database/archive,True
Finance Database/archive/paxust.csv,/Users/itsgennymac/Library/CloudStorage/GoogleDrive-sfn.gns@gmail.com/Il mio Drive/Database Finanziario/Finance Database/archive/paxust.csv,paxust.csv,.csv,other,3.7649,2022-09-28T10:20:16+00:00,31998.07,Finance Database/archive,True
Finance Database/archive/paxusd.csv,/Users/itsgennymac/Library/CloudStorage/GoogleDrive-sfn.gns@gmail.com/Il mio Drive/Database Finanziario/Finance Database/archive/paxusd.csv,paxusd.csv,.csv,other,6.9223,2022-09-28T10:20:16+00:00,31998.07,Finance Database/archive,True
Finance Database/archive/pasusd.csv,/Users/itsgennymac/Library/CloudStorage/GoogleDrive-sfn.gns@gmail.com/Il mio Drive/Database Finanziario/Finance Database/archive/pasusd.csv,pasusd.csv,.csv,other,1.3183,2022-09-28T10:20:16+00:00,31998.07,Finance Database/archive,True
Cripto_MinuteTimeSeries/oxyust.csv,/Users/itsgennymac/Library/CloudStorage/GoogleDrive-sfn.gns@gmail.com/Il mio Drive/Database Finanziario/Cripto_MinuteTimeSeries/oxyust.csv,oxyust.csv,.csv,other,10.4955,2022-09-28T10:20:14+00:00,31998.07,Cripto_MinuteTimeSeries,True
Cripto_MinuteTimeSeries/oxyusd.csv,/Users/itsgennymac/Library/CloudStorage/GoogleDrive-sfn.gns@gmail.com/Il mio Drive/Database Finanziario/Cripto_MinuteTimeSeries/oxyusd.csv,oxyusd.csv,.csv,other,10.2865,2022-09-28T10:20:14+00:00,31998.07,Cripto_MinuteTimeSeries,True
Cripto_MinuteTimeSeries/omnbtc.csv,/Users/itsgennymac/Library/CloudStorage/GoogleDrive-sfn.gns@gmail.com/Il mio Drive/Database Finanziario/Cripto_MinuteTimeSeries/omnbtc.csv,omnbtc.csv,.csv,other,0.9439,2022-09-28T10:20:14+00:00,31998.07,Cripto_MinuteTimeSeries,True
Cripto_MinuteTimeSeries/orsusd.csv,/Users/itsgennymac/Library/CloudStorage/GoogleDrive-sfn.gns@gmail.com/Il mio Drive/Database Finanziario/Cripto_MinuteTimeSeries/orsusd.csv,orsusd.csv,.csv,other,0.4997,2022-09-28T10:20:14+00:00,31998.07,Cripto_MinuteTimeSeries,True
Cripto_MinuteTimeSeries/omnusd.csv,/Users/itsgennymac/Library/CloudStorage/GoogleDrive-sfn.gns@gmail.com/Il mio Drive/Database Finanziario/Cripto_MinuteTimeSeries/omnusd.csv,omnusd.csv,.csv,other,0.765,2022-09-28T10:20:14+00:00,31998.07,Cripto_MinuteTimeSeries,True
Cripto_MinuteTimeSeries/onlusd.csv,/Users/itsgennymac/Library/CloudStorage/GoogleDrive-sfn.gns@gmail.com/Il mio Drive/Database Finanziario/Cripto_MinuteTimeSeries/onlusd.csv,onlusd.csv,.csv,other,0.5311,2022-09-28T10:20:14+00:00,31998.07,Cripto_MinuteTimeSeries,True
Finance Database/archive/oxyust.csv,/Users/itsgennymac/Library/CloudStorage/GoogleDrive-sfn.gns@gmail.com/Il mio Drive/Database Finanziario/Finance Database/archive/oxyust.csv,oxyust.csv,.csv,other,10.4955,2022-09-28T10:20:14+00:00,31998.07,Finance Database/archive,True
Finance Database/archive/oxyusd.csv,/Users/itsgennymac/Library/CloudStorage/GoogleDrive-sfn.gns@gmail.com/Il mio Drive/Database Finanziario/Finance Database/archive/oxyusd.csv,oxyusd.csv,.csv,other,10.2865,2022-09-28T10:20:14+00:00,31998.07,Finance Database/archive,True
Finance Database/archive/omnbtc.csv,/Users/itsgennymac/Library/CloudStorage/GoogleDrive-sfn.gns@gmail.com/Il mio Drive/Database Finanziario/Finance Database/archive/omnbtc.csv,omnbtc.csv,.csv,other,0.9439,2022-09-28T10:20:14+00:00,31998.07,Finance Database/archive,True
Finance Database/archive/orsusd.csv,/Users/itsgennymac/Library/CloudStorage/GoogleDrive-sfn.gns@gmail.com/Il mio Drive/Database Finanziario/Finance Database/archive/orsusd.csv,orsusd.csv,.csv,other,0.4997,2022-09-28T10:20:14+00:00,31998.07,Finance Database/archive,True
Finance Database/archive/omnusd.csv,/Users/itsgennymac/Library/CloudStorage/GoogleDrive-sfn.gns@gmail.com/Il mio Drive/Database Finanziario/Finance Database/archive/omnusd.csv,omnusd.csv,.csv,other,0.765,2022-09-28T10:20:14+00:00,31998.07,Finance Database/archive,True
Finance Database/archive/onlusd.csv,/Users/itsgennymac/Library/CloudStorage/GoogleDrive-sfn.gns@gmail.com/Il mio Drive/Database Finanziario/Finance Database/archive/onlusd.csv,onlusd.csv,.csv,other,0.5311,2022-09-28T10:20:14+00:00,31998.07,Finance Database/archive,True
Cripto_MinuteTimeSeries/omgeth.csv,/Users/itsgennymac/Library/CloudStorage/GoogleDrive-sfn.gns@gmail.com/Il mio Drive/Database Finanziario/Cripto_MinuteTimeSeries/omgeth.csv,omgeth.csv,.csv,other,24.2788,2022-09-28T10:20:06+00:00,31998.08,Cripto_MinuteTimeSeries,True
Finance Database/archive/omgeth.csv,/Users/itsgennymac/Library/CloudStorage/GoogleDrive-sfn.gns@gmail.com/Il mio Drive/Database Finanziario/Finance Database/archive/omgeth.csv,omgeth.csv,.csv,other,24.2788,2022-09-28T10:20:06+00:00,31998.08,Finance Database/archive,True
Cripto_MinuteTimeSeries/okbust.csv,/Users/itsgennymac/Library/CloudStorage/GoogleDrive-sfn.gns@gmail.com/Il mio Drive/Database Finanziario/Cripto_MinuteTimeSeries/okbust.csv,okbust.csv,.csv,other,3.7743,2022-09-28T10:20:02+00:00,31998.08,Cripto_MinuteTimeSeries,True
Cripto_MinuteTimeSeries/ocean-ust.csv,/Users/itsgennymac/Library/CloudStorage/GoogleDrive-sfn.gns@gmail.com/Il mio Drive/Database Finanziario/Cripto_MinuteTimeSeries/ocean-ust.csv,ocean-ust.csv,.csv,other,0.4779,2022-09-28T10:20:02+00:00,31998.08,Cripto_MinuteTimeSeries,True
Cripto_MinuteTimeSeries/ocean-usd.csv,/Users/itsgennymac/Library/CloudStorage/GoogleDrive-sfn.gns@gmail.com/Il mio Drive/Database Finanziario/Cripto_MinuteTimeSeries/ocean-usd.csv,ocean-usd.csv,.csv,other,0.503,2022-09-28T10:20:02+00:00,31998.08,Cripto_MinuteTimeSeries,True
Cripto_MinuteTimeSeries/okbusd.csv,/Users/itsgennymac/Library/CloudStorage/GoogleDrive-sfn.gns@gmail.com/Il mio Drive/Database Finanziario/Cripto_MinuteTimeSeries/okbusd.csv,okbusd.csv,.csv,other,3.7182,2022-09-28T10:20:02+00:00,31998.08,Cripto_MinuteTimeSeries,True
Cripto_MinuteTimeSeries/nutust.csv,/Users/itsgennymac/Library/CloudStorage/GoogleDrive-sfn.gns@gmail.com/Il mio Drive/Database Finanziario/Cripto_MinuteTimeSeries/nutust.csv,nutust.csv,.csv,other,0.0187,2022-09-28T10:20:02+00:00,31998.08,Cripto_MinuteTimeSeries,True
Cripto_MinuteTimeSeries/nexo-btc.csv,/Users/itsgennymac/Library/CloudStorage/GoogleDrive-sfn.gns@gmail.com/Il mio Drive/Database Finanziario/Cripto_MinuteTimeSeries/nexo-btc.csv,nexo-btc.csv,.csv,other,0.5332,2022-09-28T10:20:02+00:00,31998.08,Cripto_MinuteTimeSeries,True
Cripto_MinuteTimeSeries/odeusd.csv,/Users/itsgennymac/Library/CloudStorage/GoogleDrive-sfn.gns@gmail.com/Il mio Drive/Database Finanziario/Cripto_MinuteTimeSeries/odeusd.csv,odeusd.csv,.csv,other,2.3956,2022-09-28T10:20:02+00:00,31998.08,Cripto_MinuteTimeSeries,True
Cripto_MinuteTimeSeries/nutusd.csv,/Users/itsgennymac/Library/CloudStorage/GoogleDrive-sfn.gns@gmail.com/Il mio Drive/Database Finanziario/Cripto_MinuteTimeSeries/nutusd.csv,nutusd.csv,.csv,other,0.0235,2022-09-28T10:20:02+00:00,31998.08,Cripto_MinuteTimeSeries,True
Cripto_MinuteTimeSeries/nexo-ust.csv,/Users/itsgennymac/Library/CloudStorage/GoogleDrive-sfn.gns@gmail.com/Il mio Drive/Database Finanziario/Cripto_MinuteTimeSeries/nexo-ust.csv,nexo-ust.csv,.csv,other,0.3702,2022-09-28T10:20:02+00:00,31998.08,Cripto_MinuteTimeSeries,True
Cripto_MinuteTimeSeries/nexo-usd.csv,/Users/itsgennymac/Library/CloudStorage/GoogleDrive-sfn.gns@gmail.com/Il mio Drive/Database Finanziario/Cripto_MinuteTimeSeries/nexo-usd.csv,nexo-usd.csv,.csv,other,0.2718,2022-09-28T10:20:02+00:00,31998.08,Cripto_MinuteTimeSeries,True
Finance Database/archive/okbust.csv,/Users/itsgennymac/Library/CloudStorage/GoogleDrive-sfn.gns@gmail.com/Il mio Drive/Database Finanziario/Finance Database/archive/okbust.csv,okbust.csv,.csv,other,3.7743,2022-09-28T10:20:02+00:00,31998.08,Finance Database/archive,True
Finance Database/archive/ocean-ust.csv,/Users/itsgennymac/Library/CloudStorage/GoogleDrive-sfn.gns@gmail.com/Il mio Drive/Database Finanziario/Finance Database/archive/ocean-ust.csv,ocean-ust.csv,.csv,other,0.4779,2022-09-28T10:20:02+00:00,31998.08,Finance Database/archive,True
Finance Database/archive/ocean-usd.csv,/Users/itsgennymac/Library/CloudStorage/GoogleDrive-sfn.gns@gmail.com/Il mio Drive/Database Finanziario/Finance Database/archive/ocean-usd.csv,ocean-usd.csv,.csv,other,0.503,2022-09-28T10:20:02+00:00,31998.08,Finance Database/archive,True
Finance Database/archive/okbusd.csv,/Users/itsgennymac/Library/CloudStorage/GoogleDrive-sfn.gns@gmail.com/Il mio Drive/Database Finanziario/Finance Database/archive/okbusd.csv,okbusd.csv,.csv,other,3.7182,2022-09-28T10:20:02+00:00,31998.08,Finance Database/archive,True
Finance Database/archive/nutust.csv,/Users/itsgennymac/Library/CloudStorage/GoogleDrive-sfn.gns@gmail.com/Il mio Drive/Database Finanziario/Finance Database/archive/nutust.csv,nutust.csv,.csv,other,0.0187,2022-09-28T10:20:02+00:00,31998.08,Finance Database/archive,True
Finance Database/archive/nexo-btc.csv,/Users/itsgennymac/Library/CloudStorage/GoogleDrive-sfn.gns@gmail.com/Il mio Drive/Database Finanziario/Finance Database/archive/nexo-btc.csv,nexo-btc.csv,.csv,other,0.5332,2022-09-28T10:20:02+00:00,31998.08,Finance Database/archive,True
Finance Database/archive/odeusd.csv,/Users/itsgennymac/Library/CloudStorage/GoogleDrive-sfn.gns@gmail.com/Il mio Drive/Database Finanziario/Finance Database/archive/odeusd.csv,odeusd.csv,.csv,other,2.3956,2022-09-28T10:20:02+00:00,31998.08,Finance Database/archive,True
Finance Database/archive/nutusd.csv,/Users/itsgennymac/Library/CloudStorage/GoogleDrive-sfn.gns@gmail.com/Il mio Drive/Database Finanziario/Finance Database/archive/nutusd.csv,nutusd.csv,.csv,other,0.0235,2022-09-28T10:20:02+00:00,31998.08,Finance Database/archive,True
Finance Database/archive/nexo-ust.csv,/Users/itsgennymac/Library/CloudStorage/GoogleDrive-sfn.gns@gmail.com/Il mio Drive/Database Finanziario/Finance Database/archive/nexo-ust.csv,nexo-ust.csv,.csv,other,0.3702,2022-09-28T10:20:02+00:00,31998.08,Finance Database/archive,True
Finance Database/archive/nexo-usd.csv,/Users/itsgennymac/Library/CloudStorage/GoogleDrive-sfn.gns@gmail.com/Il mio Drive/Database Finanziario/Finance Database/archive/nexo-usd.csv,nexo-usd.csv,.csv,other,0.2718,2022-09-28T10:20:02+00:00,31998.08,Finance Database/archive,True
Cripto_MinuteTimeSeries/neoust.csv,/Users/itsgennymac/Library/CloudStorage/GoogleDrive-sfn.gns@gmail.com/Il mio Drive/Database Finanziario/Cripto_MinuteTimeSeries/neoust.csv,neoust.csv,.csv,other,7.9698,2022-09-28T10:20:00+00:00,31998.08,Cripto_MinuteTimeSeries,True
Finance Database/archive/neoust.csv,/Users/itsgennymac/Library/CloudStorage/GoogleDrive-sfn.gns@gmail.com/Il mio Drive/Database Finanziario/Finance Database/archive/neoust.csv,neoust.csv,.csv,other,7.9698,2022-09-28T10:20:00+00:00,31998.08,Finance Database/archive,True
Cripto_MinuteTimeSeries/neogbp.csv,/Users/itsgennymac/Library/CloudStorage/GoogleDrive-sfn.gns@gmail.com/Il mio Drive/Database Finanziario/Cripto_MinuteTimeSeries/neogbp.csv,neogbp.csv,.csv,other,3.2154,2022-09-28T10:19:54+00:00,31998.08,Cripto_MinuteTimeSeries,True
Cripto_MinuteTimeSeries/neojpy.csv,/Users/itsgennymac/Library/CloudStorage/GoogleDrive-sfn.gns@gmail.com/Il mio Drive/Database Finanziario/Cripto_MinuteTimeSeries/neojpy.csv,neojpy.csv,.csv,other,3.5429,2022-09-28T10:19:54+00:00,31998.08,Cripto_MinuteTimeSeries,True
Cripto_MinuteTimeSeries/neoeur.csv,/Users/itsgennymac/Library/CloudStorage/GoogleDrive-sfn.gns@gmail.com/Il mio Drive/Database Finanziario/Cripto_MinuteTimeSeries/neoeur.csv,neoeur.csv,.csv,other,6.9218,2022-09-28T10:19:54+00:00,31998.08,Cripto_MinuteTimeSeries,True
Finance Database/archive/neogbp.csv,/Users/itsgennymac/Library/CloudStorage/GoogleDrive-sfn.gns@gmail.com/Il mio Drive/Database Finanziario/Finance Database/archive/neogbp.csv,neogbp.csv,.csv,other,3.2154,2022-09-28T10:19:54+00:00,31998.08,Finance Database/archive,True
Finance Database/archive/neojpy.csv,/Users/itsgennymac/Library/CloudStorage/GoogleDrive-sfn.gns@gmail.com/Il mio Drive/Database Finanziario/Finance Database/archive/neojpy.csv,neojpy.csv,.csv,other,3.5429,2022-09-28T10:19:54+00:00,31998.08,Finance Database/archive,True
Finance Database/archive/neoeur.csv,/Users/itsgennymac/Library/CloudStorage/GoogleDrive-sfn.gns@gmail.com/Il mio Drive/Database Finanziario/Finance Database/archive/neoeur.csv,neoeur.csv,.csv,other,6.9218,2022-09-28T10:19:54+00:00,31998.08,Finance Database/archive,True
Cripto_MinuteTimeSeries/neoeth.csv,/Users/itsgennymac/Library/CloudStorage/GoogleDrive-sfn.gns@gmail.com/Il mio Drive/Database Finanziario/Cripto_MinuteTimeSeries/neoeth.csv,neoeth.csv,.csv,other,9.8584,2022-09-28T10:19:52+00:00,31998.08,Cripto_MinuteTimeSeries,True
Finance Database/archive/neoeth.csv,/Users/itsgennymac/Library/CloudStorage/GoogleDrive-sfn.gns@gmail.com/Il mio Drive/Database Finanziario/Finance Database/archive/neoeth.csv,neoeth.csv,.csv,other,9.8584,2022-09-28T10:19:52+00:00,31998.08,Finance Database/archive,True
Cripto_MinuteTimeSeries/neceth.csv,/Users/itsgennymac/Library/CloudStorage/GoogleDrive-sfn.gns@gmail.com/Il mio Drive/Database Finanziario/Cripto_MinuteTimeSeries/neceth.csv,neceth.csv,.csv,other,0.7454,2022-09-28T10:19:50+00:00,31998.08,Cripto_MinuteTimeSeries,True
Cripto_MinuteTimeSeries/necusd.csv,/Users/itsgennymac/Library/CloudStorage/GoogleDrive-sfn.gns@gmail.com/Il mio Drive/Database Finanziario/Cripto_MinuteTimeSeries/necusd.csv,necusd.csv,.csv,other,1.0915,2022-09-28T10:19:50+00:00,31998.08,Cripto_MinuteTimeSeries,True
Cripto_MinuteTimeSeries/mobust.csv,/Users/itsgennymac/Library/CloudStorage/GoogleDrive-sfn.gns@gmail.com/Il mio Drive/Database Finanziario/Cripto_MinuteTimeSeries/mobust.csv,mobust.csv,.csv,other,10.1147,2022-09-28T10:19:50+00:00,31998.08,Cripto_MinuteTimeSeries,True
Cripto_MinuteTimeSeries/near-usd.csv,/Users/itsgennymac/Library/CloudStorage/GoogleDrive-sfn.gns@gmail.com/Il mio Drive/Database Finanziario/Cripto_MinuteTimeSeries/near-usd.csv,near-usd.csv,.csv,other,0.5778,2022-09-28T10:19:50+00:00,31998.08,Cripto_MinuteTimeSeries,True
Cripto_MinuteTimeSeries/neobtc.csv,/Users/itsgennymac/Library/CloudStorage/GoogleDrive-sfn.gns@gmail.com/Il mio Drive/Database Finanziario/Cripto_MinuteTimeSeries/neobtc.csv,neobtc.csv,.csv,other,42.8345,2022-09-28T10:19:50+00:00,31998.08,Cripto_MinuteTimeSeries,True
Cripto_MinuteTimeSeries/ncausd.csv,/Users/itsgennymac/Library/CloudStorage/GoogleDrive-sfn.gns@gmail.com/Il mio Drive/Database Finanziario/Cripto_MinuteTimeSeries/ncausd.csv,ncausd.csv,.csv,other,0.1911,2022-09-28T10:19:50+00:00,31998.08,Cripto_MinuteTimeSeries,True
Cripto_MinuteTimeSeries/near-ust.csv,/Users/itsgennymac/Library/CloudStorage/GoogleDrive-sfn.gns@gmail.com/Il mio Drive/Database Finanziario/Cripto_MinuteTimeSeries/near-ust.csv,near-ust.csv,.csv,other,0.5455,2022-09-28T10:19:50+00:00,31998.08,Cripto_MinuteTimeSeries,True
Cripto_MinuteTimeSeries/mtnusd.csv,/Users/itsgennymac/Library/CloudStorage/GoogleDrive-sfn.gns@gmail.com/Il mio Drive/Database Finanziario/Cripto_MinuteTimeSeries/mtnusd.csv,mtnusd.csv,.csv,other,1.2171,2022-09-28T10:19:50+00:00,31998.08,Cripto_MinuteTimeSeries,True
Finance Database/archive/neceth.csv,/Users/itsgennymac/Library/CloudStorage/GoogleDrive-sfn.gns@gmail.com/Il mio Drive/Database Finanziario/Finance Database/archive/neceth.csv,neceth.csv,.csv,other,0.7454,2022-09-28T10:19:50+00:00,31998.08,Finance Database/archive,True
Finance Database/archive/necusd.csv,/Users/itsgennymac/Library/CloudStorage/GoogleDrive-sfn.gns@gmail.com/Il mio Drive/Database Finanziario/Finance Database/archive/necusd.csv,necusd.csv,.csv,other,1.0915,2022-09-28T10:19:50+00:00,31998.08,Finance Database/archive,True
Finance Database/archive/mobust.csv,/Users/itsgennymac/Library/CloudStorage/GoogleDrive-sfn.gns@gmail.com/Il mio Drive/Database Finanziario/Finance Database/archive/mobust.csv,mobust.csv,.csv,other,10.1147,2022-09-28T10:19:50+00:00,31998.08,Finance Database/archive,True
Finance Database/archive/near-usd.csv,/Users/itsgennymac/Library/CloudStorage/GoogleDrive-sfn.gns@gmail.com/Il mio Drive/Database Finanziario/Finance Database/archive/near-usd.csv,near-usd.csv,.csv,other,0.5778,2022-09-28T10:19:50+00:00,31998.08,Finance Database/archive,True
Finance Database/archive/neobtc.csv,/Users/itsgennymac/Library/CloudStorage/GoogleDrive-sfn.gns@gmail.com/Il mio Drive/Database Finanziario/Finance Database/archive/neobtc.csv,neobtc.csv,.csv,other,42.8345,2022-09-28T10:19:50+00:00,31998.08,Finance Database/archive,True
Finance Database/archive/ncausd.csv,/Users/itsgennymac/Library/CloudStorage/GoogleDrive-sfn.gns@gmail.com/Il mio Drive/Database Finanziario/Finance Database/archive/ncausd.csv,ncausd.csv,.csv,other,0.1911,2022-09-28T10:19:50+00:00,31998.08,Finance Database/archive,True
Finance Database/archive/near-ust.csv,/Users/itsgennymac/Library/CloudStorage/GoogleDrive-sfn.gns@gmail.com/Il mio Drive/Database Finanziario/Finance Database/archive/near-ust.csv,near-ust.csv,.csv,other,0.5455,2022-09-28T10:19:50+00:00,31998.08,Finance Database/archive,True
Finance Database/archive/mtnusd.csv,/Users/itsgennymac/Library/CloudStorage/GoogleDrive-sfn.gns@gmail.com/Il mio Drive/Database Finanziario/Finance Database/archive/mtnusd.csv,mtnusd.csv,.csv,other,1.2171,2022-09-28T10:19:50+00:00,31998.08,Finance Database/archive,True
Cripto_MinuteTimeSeries/mobusd.csv,/Users/itsgennymac/Library/CloudStorage/GoogleDrive-sfn.gns@gmail.com/Il mio Drive/Database Finanziario/Cripto_MinuteTimeSeries/mobusd.csv,mobusd.csv,.csv,other,9.7797,2022-09-28T10:19:48+00:00,31998.08,Cripto_MinuteTimeSeries,True
Cripto_MinuteTimeSeries/mnausd.csv,/Users/itsgennymac/Library/CloudStorage/GoogleDrive-sfn.gns@gmail.com/Il mio Drive/Database Finanziario/Cripto_MinuteTimeSeries/mnausd.csv,mnausd.csv,.csv,other,15.7202,2022-09-28T10:19:48+00:00,31998.08,Cripto_MinuteTimeSeries,True
Finance Database/archive/mobusd.csv,/Users/itsgennymac/Library/CloudStorage/GoogleDrive-sfn.gns@gmail.com/Il mio Drive/Database Finanziario/Finance Database/archive/mobusd.csv,mobusd.csv,.csv,other,9.7797,2022-09-28T10:19:48+00:00,31998.08,Finance Database/archive,True
Finance Database/archive/mnausd.csv,/Users/itsgennymac/Library/CloudStorage/GoogleDrive-sfn.gns@gmail.com/Il mio Drive/Database Finanziario/Finance Database/archive/mnausd.csv,mnausd.csv,.csv,other,15.7202,2022-09-28T10:19:48+00:00,31998.08,Finance Database/archive,True
Cripto_MinuteTimeSeries/mlnusd.csv,/Users/itsgennymac/Library/CloudStorage/GoogleDrive-sfn.gns@gmail.com/Il mio Drive/Database Finanziario/Cripto_MinuteTimeSeries/mlnusd.csv,mlnusd.csv,.csv,other,9.2777,2022-09-28T10:19:46+00:00,31998.08,Cripto_MinuteTimeSeries,True
Cripto_MinuteTimeSeries/mnabtc.csv,/Users/itsgennymac/Library/CloudStorage/GoogleDrive-sfn.gns@gmail.com/Il mio Drive/Database Finanziario/Cripto_MinuteTimeSeries/mnabtc.csv,mnabtc.csv,.csv,other,11.8264,2022-09-28T10:19:46+00:00,31998.08,Cripto_MinuteTimeSeries,True
Cripto_MinuteTimeSeries/mkrust.csv,/Users/itsgennymac/Library/CloudStorage/GoogleDrive-sfn.gns@gmail.com/Il mio Drive/Database Finanziario/Cripto_MinuteTimeSeries/mkrust.csv,mkrust.csv,.csv,other,6.8518,2022-09-28T10:19:46+00:00,31998.08,Cripto_MinuteTimeSeries,True
Finance Database/archive/mlnusd.csv,/Users/itsgennymac/Library/CloudStorage/GoogleDrive-sfn.gns@gmail.com/Il mio Drive/Database Finanziario/Finance Database/archive/mlnusd.csv,mlnusd.csv,.csv,other,9.2777,2022-09-28T10:19:46+00:00,31998.08,Finance Database/archive,True
Finance Database/archive/mnabtc.csv,/Users/itsgennymac/Library/CloudStorage/GoogleDrive-sfn.gns@gmail.com/Il mio Drive/Database Finanziario/Finance Database/archive/mnabtc.csv,mnabtc.csv,.csv,other,11.8264,2022-09-28T10:19:46+00:00,31998.08,Finance Database/archive,True
Finance Database/archive/mkrust.csv,/Users/itsgennymac/Library/CloudStorage/GoogleDrive-sfn.gns@gmail.com/Il mio Drive/Database Finanziario/Finance Database/archive/mkrust.csv,mkrust.csv,.csv,other,6.8518,2022-09-28T10:19:46+00:00,31998.08,Finance Database/archive,True
Cripto_MinuteTimeSeries/mkrbtc.csv,/Users/itsgennymac/Library/CloudStorage/GoogleDrive-sfn.gns@gmail.com/Il mio Drive/Database Finanziario/Cripto_MinuteTimeSeries/mkrbtc.csv,mkrbtc.csv,.csv,other,2.1733,2022-09-28T10:19:44+00:00,31998.08,Cripto_MinuteTimeSeries,True
Cripto_MinuteTimeSeries/mirusd.csv,/Users/itsgennymac/Library/CloudStorage/GoogleDrive-sfn.gns@gmail.com/Il mio Drive/Database Finanziario/Cripto_MinuteTimeSeries/mirusd.csv,mirusd.csv,.csv,other,5.9406,2022-09-28T10:19:44+00:00,31998.08,Cripto_MinuteTimeSeries,True
Cripto_MinuteTimeSeries/mirust.csv,/Users/itsgennymac/Library/CloudStorage/GoogleDrive-sfn.gns@gmail.com/Il mio Drive/Database Finanziario/Cripto_MinuteTimeSeries/mirust.csv,mirust.csv,.csv,other,5.9841,2022-09-28T10:19:44+00:00,31998.08,Cripto_MinuteTimeSeries,True
Cripto_MinuteTimeSeries/mkreth.csv,/Users/itsgennymac/Library/CloudStorage/GoogleDrive-sfn.gns@gmail.com/Il mio Drive/Database Finanziario/Cripto_MinuteTimeSeries/mkreth.csv,mkreth.csv,.csv,other,2.968,2022-09-28T10:19:44+00:00,31998.08,Cripto_MinuteTimeSeries,True
Cripto_MinuteTimeSeries/mkrusd.csv,/Users/itsgennymac/Library/CloudStorage/GoogleDrive-sfn.gns@gmail.com/Il mio Drive/Database Finanziario/Cripto_MinuteTimeSeries/mkrusd.csv,mkrusd.csv,.csv,other,9.7141,2022-09-28T10:19:44+00:00,31998.08,Cripto_MinuteTimeSeries,True
Finance Database/archive/mkrbtc.csv,/Users/itsgennymac/Library/CloudStorage/GoogleDrive-sfn.gns@gmail.com/Il mio Drive/Database Finanziario/Finance Database/archive/mkrbtc.csv,mkrbtc.csv,.csv,other,2.1733,2022-09-28T10:19:44+00:00,31998.08,Finance Database/archive,True
Finance Database/archive/mirusd.csv,/Users/itsgennymac/Library/CloudStorage/GoogleDrive-sfn.gns@gmail.com/Il mio Drive/Database Finanziario/Finance Database/archive/mirusd.csv,mirusd.csv,.csv,other,5.9406,2022-09-28T10:19:44+00:00,31998.08,Finance Database/archive,True
Finance Database/archive/mirust.csv,/Users/itsgennymac/Library/CloudStorage/GoogleDrive-sfn.gns@gmail.com/Il mio Drive/Database Finanziario/Finance Database/archive/mirust.csv,mirust.csv,.csv,other,5.9841,2022-09-28T10:19:44+00:00,31998.08,Finance Database/archive,True
Finance Database/archive/mkreth.csv,/Users/itsgennymac/Library/CloudStorage/GoogleDrive-sfn.gns@gmail.com/Il mio Drive/Database Finanziario/Finance Database/archive/mkreth.csv,mkreth.csv,.csv,other,2.968,2022-09-28T10:19:44+00:00,31998.08,Finance Database/archive,True
Finance Database/archive/mkrusd.csv,/Users/itsgennymac/Library/CloudStorage/GoogleDrive-sfn.gns@gmail.com/Il mio Drive/Database Finanziario/Finance Database/archive/mkrusd.csv,mkrusd.csv,.csv,other,9.7141,2022-09-28T10:19:44+00:00,31998.08,Finance Database/archive,True
Cripto_MinuteTimeSeries/lunaf0-ustf0.csv,/Users/itsgennymac/Library/CloudStorage/GoogleDrive-sfn.gns@gmail.com/Il mio Drive/Database Finanziario/Cripto_MinuteTimeSeries/lunaf0-ustf0.csv,lunaf0-ustf0.csv,.csv,other,0.1287,2022-09-28T10:19:42+00:00,31998.08,Cripto_MinuteTimeSeries,True
Cripto_MinuteTimeSeries/luna-usd.csv,/Users/itsgennymac/Library/CloudStorage/GoogleDrive-sfn.gns@gmail.com/Il mio Drive/Database Finanziario/Cripto_MinuteTimeSeries/luna-usd.csv,luna-usd.csv,.csv,other,1.0618,2022-09-28T10:19:42+00:00,31998.08,Cripto_MinuteTimeSeries,True
Cripto_MinuteTimeSeries/mimusd.csv,/Users/itsgennymac/Library/CloudStorage/GoogleDrive-sfn.gns@gmail.com/Il mio Drive/Database Finanziario/Cripto_MinuteTimeSeries/mimusd.csv,mimusd.csv,.csv,other,7.6353,2022-09-28T10:19:42+00:00,31998.08,Cripto_MinuteTimeSeries,True
Cripto_MinuteTimeSeries/luna-ust.csv,/Users/itsgennymac/Library/CloudStorage/GoogleDrive-sfn.gns@gmail.com/Il mio Drive/Database Finanziario/Cripto_MinuteTimeSeries/luna-ust.csv,luna-ust.csv,.csv,other,0.9915,2022-09-28T10:19:42+00:00,31998.08,Cripto_MinuteTimeSeries,True
Cripto_MinuteTimeSeries/mimust.csv,/Users/itsgennymac/Library/CloudStorage/GoogleDrive-sfn.gns@gmail.com/Il mio Drive/Database Finanziario/Cripto_MinuteTimeSeries/mimust.csv,mimust.csv,.csv,other,7.6768,2022-09-28T10:19:42+00:00,31998.08,Cripto_MinuteTimeSeries,True
Cripto_MinuteTimeSeries/lymusd.csv,/Users/itsgennymac/Library/CloudStorage/GoogleDrive-sfn.gns@gmail.com/Il mio Drive/Database Finanziario/Cripto_MinuteTimeSeries/lymusd.csv,lymusd.csv,.csv,other,4.9975,2022-09-28T10:19:42+00:00,31998.08,Cripto_MinuteTimeSeries,True
Cripto_MinuteTimeSeries/manusd.csv,/Users/itsgennymac/Library/CloudStorage/GoogleDrive-sfn.gns@gmail.com/Il mio Drive/Database Finanziario/Cripto_MinuteTimeSeries/manusd.csv,manusd.csv,.csv,other,0.4047,2022-09-28T10:19:42+00:00,31998.08,Cripto_MinuteTimeSeries,True
Cripto_MinuteTimeSeries/mgousd.csv,/Users/itsgennymac/Library/CloudStorage/GoogleDrive-sfn.gns@gmail.com/Il mio Drive/Database Finanziario/Cripto_MinuteTimeSeries/mgousd.csv,mgousd.csv,.csv,other,12.1088,2022-09-28T10:19:42+00:00,31998.08,Cripto_MinuteTimeSeries,True
Finance Database/archive/lunaf0-ustf0.csv,/Users/itsgennymac/Library/CloudStorage/GoogleDrive-sfn.gns@gmail.com/Il mio Drive/Database Finanziario/Finance Database/archive/lunaf0-ustf0.csv,lunaf0-ustf0.csv,.csv,other,0.1287,2022-09-28T10:19:42+00:00,31998.08,Finance Database/archive,True
Finance Database/archive/luna-usd.csv,/Users/itsgennymac/Library/CloudStorage/GoogleDrive-sfn.gns@gmail.com/Il mio Drive/Database Finanziario/Finance Database/archive/luna-usd.csv,luna-usd.csv,.csv,other,1.0618,2022-09-28T10:19:42+00:00,31998.08,Finance Database/archive,True
Finance Database/archive/mimusd.csv,/Users/itsgennymac/Library/CloudStorage/GoogleDrive-sfn.gns@gmail.com/Il mio Drive/Database Finanziario/Finance Database/archive/mimusd.csv,mimusd.csv,.csv,other,7.6353,2022-09-28T10:19:42+00:00,31998.08,Finance Database/archive,True
Finance Database/archive/luna-ust.csv,/Users/itsgennymac/Library/CloudStorage/GoogleDrive-sfn.gns@gmail.com/Il mio Drive/Database Finanziario/Finance Database/archive/luna-ust.csv,luna-ust.csv,.csv,other,0.9915,2022-09-28T10:19:42+00:00,31998.08,Finance Database/archive,True
Finance Database/archive/mimust.csv,/Users/itsgennymac/Library/CloudStorage/GoogleDrive-sfn.gns@gmail.com/Il mio Drive/Database Finanziario/Finance Database/archive/mimust.csv,mimust.csv,.csv,other,7.6768,2022-09-28T10:19:42+00:00,31998.08,Finance Database/archive,True
Finance Database/archive/lymusd.csv,/Users/itsgennymac/Library/CloudStorage/GoogleDrive-sfn.gns@gmail.com/Il mio Drive/Database Finanziario/Finance Database/archive/lymusd.csv,lymusd.csv,.csv,other,4.9975,2022-09-28T10:19:42+00:00,31998.08,Finance Database/archive,True
Finance Database/archive/manusd.csv,/Users/itsgennymac/Library/CloudStorage/GoogleDrive-sfn.gns@gmail.com/Il mio Drive/Database Finanziario/Finance Database/archive/manusd.csv,manusd.csv,.csv,other,0.4047,2022-09-28T10:19:42+00:00,31998.08,Finance Database/archive,True
Finance Database/archive/mgousd.csv,/Users/itsgennymac/Library/CloudStorage/GoogleDrive-sfn.gns@gmail.com/Il mio Drive/Database Finanziario/Finance Database/archive/mgousd.csv,mgousd.csv,.csv,other,12.1088,2022-09-28T10:19:42+00:00,31998.08,Finance Database/archive,True
Cripto_MinuteTimeSeries/luna-btc.csv,/Users/itsgennymac/Library/CloudStorage/GoogleDrive-sfn.gns@gmail.com/Il mio Drive/Database Finanziario/Cripto_MinuteTimeSeries/luna-btc.csv,luna-btc.csv,.csv,other,0.993,2022-09-28T10:19:40+00:00,31998.08,Cripto_MinuteTimeSeries,True
Finance Database/archive/luna-btc.csv,/Users/itsgennymac/Library/CloudStorage/GoogleDrive-sfn.gns@gmail.com/Il mio Drive/Database Finanziario/Finance Database/archive/luna-btc.csv,luna-btc.csv,.csv,other,0.993,2022-09-28T10:19:40+00:00,31998.08,Finance Database/archive,True
Cripto_MinuteTimeSeries/ltcust.csv,/Users/itsgennymac/Library/CloudStorage/GoogleDrive-sfn.gns@gmail.com/Il mio Drive/Database Finanziario/Cripto_MinuteTimeSeries/ltcust.csv,ltcust.csv,.csv,other,25.1877,2022-09-28T10:19:38+00:00,31998.08,Cripto_MinuteTimeSeries,True
Finance Database/archive/ltcust.csv,/Users/itsgennymac/Library/CloudStorage/GoogleDrive-sfn.gns@gmail.com/Il mio Drive/Database Finanziario/Finance Database/archive/ltcust.csv,ltcust.csv,.csv,other,25.1877,2022-09-28T10:19:38+00:00,31998.08,Finance Database/archive,True
Cripto_MinuteTimeSeries/ltcf0-ustf0.csv,/Users/itsgennymac/Library/CloudStorage/GoogleDrive-sfn.gns@gmail.com/Il mio Drive/Database Finanziario/Cripto_MinuteTimeSeries/ltcf0-ustf0.csv,ltcf0-ustf0.csv,.csv,other,0.61,2022-09-28T10:19:28+00:00,31998.09,Cripto_MinuteTimeSeries,True
Cripto_MinuteTimeSeries/ltcf0-btcf0.csv,/Users/itsgennymac/Library/CloudStorage/GoogleDrive-sfn.gns@gmail.com/Il mio Drive/Database Finanziario/Cripto_MinuteTimeSeries/ltcf0-btcf0.csv,ltcf0-btcf0.csv,.csv,other,0.233,2022-09-28T10:19:28+00:00,31998.09,Cripto_MinuteTimeSeries,True
Finance Database/archive/ltcf0-ustf0.csv,/Users/itsgennymac/Library/CloudStorage/GoogleDrive-sfn.gns@gmail.com/Il mio Drive/Database Finanziario/Finance Database/archive/ltcf0-ustf0.csv,ltcf0-ustf0.csv,.csv,other,0.61,2022-09-28T10:19:28+00:00,31998.09,Finance Database/archive,True
Finance Database/archive/ltcf0-btcf0.csv,/Users/itsgennymac/Library/CloudStorage/GoogleDrive-sfn.gns@gmail.com/Il mio Drive/Database Finanziario/Finance Database/archive/ltcf0-btcf0.csv,ltcf0-btcf0.csv,.csv,other,0.233,2022-09-28T10:19:28+00:00,31998.09,Finance Database/archive,True
Cripto_MinuteTimeSeries/linkf0-ustf0.csv,/Users/itsgennymac/Library/CloudStorage/GoogleDrive-sfn.gns@gmail.com/Il mio Drive/Database Finanziario/Cripto_MinuteTimeSeries/linkf0-ustf0.csv,linkf0-ustf0.csv,.csv,other,0.6538,2022-09-28T10:19:20+00:00,31998.09,Cripto_MinuteTimeSeries,True
Cripto_MinuteTimeSeries/lrcbtc.csv,/Users/itsgennymac/Library/CloudStorage/GoogleDrive-sfn.gns@gmail.com/Il mio Drive/Database Finanziario/Cripto_MinuteTimeSeries/lrcbtc.csv,lrcbtc.csv,.csv,other,0.7213,2022-09-28T10:19:20+00:00,31998.09,Cripto_MinuteTimeSeries,True
Cripto_MinuteTimeSeries/link-ust.csv,/Users/itsgennymac/Library/CloudStorage/GoogleDrive-sfn.gns@gmail.com/Il mio Drive/Database Finanziario/Cripto_MinuteTimeSeries/link-ust.csv,link-ust.csv,.csv,other,0.2876,2022-09-28T10:19:20+00:00,31998.09,Cripto_MinuteTimeSeries,True
Cripto_MinuteTimeSeries/link-usd.csv,/Users/itsgennymac/Library/CloudStorage/GoogleDrive-sfn.gns@gmail.com/Il mio Drive/Database Finanziario/Cripto_MinuteTimeSeries/link-usd.csv,link-usd.csv,.csv,other,0.5058,2022-09-28T10:19:20+00:00,31998.09,Cripto_MinuteTimeSeries,True
Cripto_MinuteTimeSeries/lrcusd.csv,/Users/itsgennymac/Library/CloudStorage/GoogleDrive-sfn.gns@gmail.com/Il mio Drive/Database Finanziario/Cripto_MinuteTimeSeries/lrcusd.csv,lrcusd.csv,.csv,other,10.6028,2022-09-28T10:19:20+00:00,31998.09,Cripto_MinuteTimeSeries,True
Finance Database/archive/linkf0-ustf0.csv,/Users/itsgennymac/Library/CloudStorage/GoogleDrive-sfn.gns@gmail.com/Il mio Drive/Database Finanziario/Finance Database/archive/linkf0-ustf0.csv,linkf0-ustf0.csv,.csv,other,0.6538,2022-09-28T10:19:20+00:00,31998.09,Finance Database/archive,True
Finance Database/archive/lrcbtc.csv,/Users/itsgennymac/Library/CloudStorage/GoogleDrive-sfn.gns@gmail.com/Il mio Drive/Database Finanziario/Finance Database/archive/lrcbtc.csv,lrcbtc.csv,.csv,other,0.7213,2022-09-28T10:19:20+00:00,31998.09,Finance Database/archive,True
Finance Database/archive/link-ust.csv,/Users/itsgennymac/Library/CloudStorage/GoogleDrive-sfn.gns@gmail.com/Il mio Drive/Database Finanziario/Finance Database/archive/link-ust.csv,link-ust.csv,.csv,other,0.2876,2022-09-28T10:19:20+00:00,31998.09,Finance Database/archive,True
Finance Database/archive/link-usd.csv,/Users/itsgennymac/Library/CloudStorage/GoogleDrive-sfn.gns@gmail.com/Il mio Drive/Database Finanziario/Finance Database/archive/link-usd.csv,link-usd.csv,.csv,other,0.5058,2022-09-28T10:19:20+00:00,31998.09,Finance Database/archive,True
Finance Database/archive/lrcusd.csv,/Users/itsgennymac/Library/CloudStorage/GoogleDrive-sfn.gns@gmail.com/Il mio Drive/Database Finanziario/Finance Database/archive/lrcusd.csv,lrcusd.csv,.csv,other,10.6028,2022-09-28T10:19:20+00:00,31998.09,Finance Database/archive,True
Cripto_MinuteTimeSeries/leoust.csv,/Users/itsgennymac/Library/CloudStorage/GoogleDrive-sfn.gns@gmail.com/Il mio Drive/Database Finanziario/Cripto_MinuteTimeSeries/leoust.csv,leoust.csv,.csv,other,26.7494,2022-09-28T10:19:18+00:00,31998.09,Cripto_MinuteTimeSeries,True
Finance Database/archive/leoust.csv,/Users/itsgennymac/Library/CloudStorage/GoogleDrive-sfn.gns@gmail.com/Il mio Drive/Database Finanziario/Finance Database/archive/leoust.csv,leoust.csv,.csv,other,26.7494,2022-09-28T10:19:18+00:00,31998.09,Finance Database/archive,True
Cripto_MinuteTimeSeries/leoeth.csv,/Users/itsgennymac/Library/CloudStorage/GoogleDrive-sfn.gns@gmail.com/Il mio Drive/Database Finanziario/Cripto_MinuteTimeSeries/leoeth.csv,leoeth.csv,.csv,other,14.2104,2022-09-28T10:19:12+00:00,31998.09,Cripto_MinuteTimeSeries,True
Cripto_MinuteTimeSeries/leoeos.csv,/Users/itsgennymac/Library/CloudStorage/GoogleDrive-sfn.gns@gmail.com/Il mio Drive/Database Finanziario/Cripto_MinuteTimeSeries/leoeos.csv,leoeos.csv,.csv,other,6.608,2022-09-28T10:19:12+00:00,31998.09,Cripto_MinuteTimeSeries,True
Finance Database/archive/leoeth.csv,/Users/itsgennymac/Library/CloudStorage/GoogleDrive-sfn.gns@gmail.com/Il mio Drive/Database Finanziario/Finance Database/archive/leoeth.csv,leoeth.csv,.csv,other,14.2104,2022-09-28T10:19:12+00:00,31998.09,Finance Database/archive,True
Finance Database/archive/leoeos.csv,/Users/itsgennymac/Library/CloudStorage/GoogleDrive-sfn.gns@gmail.com/Il mio Drive/Database Finanziario/Finance Database/archive/leoeos.csv,leoeos.csv,.csv,other,6.608,2022-09-28T10:19:12+00:00,31998.09,Finance Database/archive,True
Cripto_MinuteTimeSeries/leobtc.csv,/Users/itsgennymac/Library/CloudStorage/GoogleDrive-sfn.gns@gmail.com/Il mio Drive/Database Finanziario/Cripto_MinuteTimeSeries/leobtc.csv,leobtc.csv,.csv,other,17.639,2022-09-28T10:19:10+00:00,31998.09,Cripto_MinuteTimeSeries,True
Cripto_MinuteTimeSeries/ksmust.csv,/Users/itsgennymac/Library/CloudStorage/GoogleDrive-sfn.gns@gmail.com/Il mio Drive/Database Finanziario/Cripto_MinuteTimeSeries/ksmust.csv,ksmust.csv,.csv,other,12.6793,2022-09-28T10:19:10+00:00,31998.09,Cripto_MinuteTimeSeries,True
Finance Database/archive/leobtc.csv,/Users/itsgennymac/Library/CloudStorage/GoogleDrive-sfn.gns@gmail.com/Il mio Drive/Database Finanziario/Finance Database/archive/leobtc.csv,leobtc.csv,.csv,other,17.639,2022-09-28T10:19:10+00:00,31998.09,Finance Database/archive,True
Finance Database/archive/ksmust.csv,/Users/itsgennymac/Library/CloudStorage/GoogleDrive-sfn.gns@gmail.com/Il mio Drive/Database Finanziario/Finance Database/archive/ksmust.csv,ksmust.csv,.csv,other,12.6793,2022-09-28T10:19:10+00:00,31998.09,Finance Database/archive,True
Cripto_MinuteTimeSeries/kncbtc.csv,/Users/itsgennymac/Library/CloudStorage/GoogleDrive-sfn.gns@gmail.com/Il mio Drive/Database Finanziario/Cripto_MinuteTimeSeries/kncbtc.csv,kncbtc.csv,.csv,other,5.5966,2022-09-28T10:19:08+00:00,31998.09,Cripto_MinuteTimeSeries,True
Cripto_MinuteTimeSeries/ksmusd.csv,/Users/itsgennymac/Library/CloudStorage/GoogleDrive-sfn.gns@gmail.com/Il mio Drive/Database Finanziario/Cripto_MinuteTimeSeries/ksmusd.csv,ksmusd.csv,.csv,other,13.912,2022-09-28T10:19:08+00:00,31998.09,Cripto_MinuteTimeSeries,True
Cripto_MinuteTimeSeries/kncusd.csv,/Users/itsgennymac/Library/CloudStorage/GoogleDrive-sfn.gns@gmail.com/Il mio Drive/Database Finanziario/Cripto_MinuteTimeSeries/kncusd.csv,kncusd.csv,.csv,other,6.4917,2022-09-28T10:19:08+00:00,31998.09,Cripto_MinuteTimeSeries,True
Finance Database/archive/kncbtc.csv,/Users/itsgennymac/Library/CloudStorage/GoogleDrive-sfn.gns@gmail.com/Il mio Drive/Database Finanziario/Finance Database/archive/kncbtc.csv,kncbtc.csv,.csv,other,5.5966,2022-09-28T10:19:08+00:00,31998.09,Finance Database/archive,True
Finance Database/archive/ksmusd.csv,/Users/itsgennymac/Library/CloudStorage/GoogleDrive-sfn.gns@gmail.com/Il mio Drive/Database Finanziario/Finance Database/archive/ksmusd.csv,ksmusd.csv,.csv,other,13.912,2022-09-28T10:19:08+00:00,31998.09,Finance Database/archive,True
Finance Database/archive/kncusd.csv,/Users/itsgennymac/Library/CloudStorage/GoogleDrive-sfn.gns@gmail.com/Il mio Drive/Database Finanziario/Finance Database/archive/kncusd.csv,kncusd.csv,.csv,other,6.4917,2022-09-28T10:19:08+00:00,31998.09,Finance Database/archive,True
Cripto_MinuteTimeSeries/kanust.csv,/Users/itsgennymac/Library/CloudStorage/GoogleDrive-sfn.gns@gmail.com/Il mio Drive/Database Finanziario/Cripto_MinuteTimeSeries/kanust.csv,kanust.csv,.csv,other,25.8037,2022-09-28T10:19:06+00:00,31998.09,Cripto_MinuteTimeSeries,True
Cripto_MinuteTimeSeries/kanusd.csv,/Users/itsgennymac/Library/CloudStorage/GoogleDrive-sfn.gns@gmail.com/Il mio Drive/Database Finanziario/Cripto_MinuteTimeSeries/kanusd.csv,kanusd.csv,.csv,other,12.6411,2022-09-28T10:19:06+00:00,31998.09,Cripto_MinuteTimeSeries,True
Finance Database/archive/kanust.csv,/Users/itsgennymac/Library/CloudStorage/GoogleDrive-sfn.gns@gmail.com/Il mio Drive/Database Finanziario/Finance Database/archive/kanust.csv,kanust.csv,.csv,other,25.8037,2022-09-28T10:19:06+00:00,31998.09,Finance Database/archive,True
Finance Database/archive/kanusd.csv,/Users/itsgennymac/Library/CloudStorage/GoogleDrive-sfn.gns@gmail.com/Il mio Drive/Database Finanziario/Finance Database/archive/kanusd.csv,kanusd.csv,.csv,other,12.6411,2022-09-28T10:19:06+00:00,31998.09,Finance Database/archive,True
Cripto_MinuteTimeSeries/jstust.csv,/Users/itsgennymac/Library/CloudStorage/GoogleDrive-sfn.gns@gmail.com/Il mio Drive/Database Finanziario/Cripto_MinuteTimeSeries/jstust.csv,jstust.csv,.csv,other,25.9433,2022-09-28T10:19:04+00:00,31998.09,Cripto_MinuteTimeSeries,True
Cripto_MinuteTimeSeries/kaiust.csv,/Users/itsgennymac/Library/CloudStorage/GoogleDrive-sfn.gns@gmail.com/Il mio Drive/Database Finanziario/Cripto_MinuteTimeSeries/kaiust.csv,kaiust.csv,.csv,other,4.0792,2022-09-28T10:19:04+00:00,31998.09,Cripto_MinuteTimeSeries,True
Cripto_MinuteTimeSeries/kaiusd.csv,/Users/itsgennymac/Library/CloudStorage/GoogleDrive-sfn.gns@gmail.com/Il mio Drive/Database Finanziario/Cripto_MinuteTimeSeries/kaiusd.csv,kaiusd.csv,.csv,other,2.3952,2022-09-28T10:19:04+00:00,31998.09,Cripto_MinuteTimeSeries,True
Finance Database/archive/jstust.csv,/Users/itsgennymac/Library/CloudStorage/GoogleDrive-sfn.gns@gmail.com/Il mio Drive/Database Finanziario/Finance Database/archive/jstust.csv,jstust.csv,.csv,other,25.9433,2022-09-28T10:19:04+00:00,31998.09,Finance Database/archive,True
Finance Database/archive/kaiust.csv,/Users/itsgennymac/Library/CloudStorage/GoogleDrive-sfn.gns@gmail.com/Il mio Drive/Database Finanziario/Finance Database/archive/kaiust.csv,kaiust.csv,.csv,other,4.0792,2022-09-28T10:19:04+00:00,31998.09,Finance Database/archive,True
Finance Database/archive/kaiusd.csv,/Users/itsgennymac/Library/CloudStorage/GoogleDrive-sfn.gns@gmail.com/Il mio Drive/Database Finanziario/Finance Database/archive/kaiusd.csv,kaiusd.csv,.csv,other,2.3952,2022-09-28T10:19:04+00:00,31998.09,Finance Database/archive,True
Cripto_MinuteTimeSeries/jstusd.csv,/Users/itsgennymac/Library/CloudStorage/GoogleDrive-sfn.gns@gmail.com/Il mio Drive/Database Finanziario/Cripto_MinuteTimeSeries/jstusd.csv,jstusd.csv,.csv,other,26.3489,2022-09-28T10:19:02+00:00,31998.09,Cripto_MinuteTimeSeries,True
Finance Database/archive/jstusd.csv,/Users/itsgennymac/Library/CloudStorage/GoogleDrive-sfn.gns@gmail.com/Il mio Drive/Database Finanziario/Finance Database/archive/jstusd.csv,jstusd.csv,.csv,other,26.3489,2022-09-28T10:19:02+00:00,31998.09,Finance Database/archive,True
Cripto_MinuteTimeSeries/jpyf0-ustf0.csv,/Users/itsgennymac/Library/CloudStorage/GoogleDrive-sfn.gns@gmail.com/Il mio Drive/Database Finanziario/Cripto_MinuteTimeSeries/jpyf0-ustf0.csv,jpyf0-ustf0.csv,.csv,other,0.3706,2022-09-28T10:19:00+00:00,31998.09,Cripto_MinuteTimeSeries,True
Cripto_MinuteTimeSeries/jstbtc.csv,/Users/itsgennymac/Library/CloudStorage/GoogleDrive-sfn.gns@gmail.com/Il mio Drive/Database Finanziario/Cripto_MinuteTimeSeries/jstbtc.csv,jstbtc.csv,.csv,other,19.1225,2022-09-28T10:19:00+00:00,31998.09,Cripto_MinuteTimeSeries,True
Cripto_MinuteTimeSeries/jpyust.csv,/Users/itsgennymac/Library/CloudStorage/GoogleDrive-sfn.gns@gmail.com/Il mio Drive/Database Finanziario/Cripto_MinuteTimeSeries/jpyust.csv,jpyust.csv,.csv,other,7.9118,2022-09-28T10:19:00+00:00,31998.09,Cripto_MinuteTimeSeries,True
Finance Database/archive/jpyf0-ustf0.csv,/Users/itsgennymac/Library/CloudStorage/GoogleDrive-sfn.gns@gmail.com/Il mio Drive/Database Finanziario/Finance Database/archive/jpyf0-ustf0.csv,jpyf0-ustf0.csv,.csv,other,0.3706,2022-09-28T10:19:00+00:00,31998.09,Finance Database/archive,True
Finance Database/archive/jstbtc.csv,/Users/itsgennymac/Library/CloudStorage/GoogleDrive-sfn.gns@gmail.com/Il mio Drive/Database Finanziario/Finance Database/archive/jstbtc.csv,jstbtc.csv,.csv,other,19.1225,2022-09-28T10:19:00+00:00,31998.09,Finance Database/archive,True
Finance Database/archive/jpyust.csv,/Users/itsgennymac/Library/CloudStorage/GoogleDrive-sfn.gns@gmail.com/Il mio Drive/Database Finanziario/Finance Database/archive/jpyust.csv,jpyust.csv,.csv,other,7.9118,2022-09-28T10:19:00+00:00,31998.09,Finance Database/archive,True
Cripto_MinuteTimeSeries/iqxusd.csv,/Users/itsgennymac/Library/CloudStorage/GoogleDrive-sfn.gns@gmail.com/Il mio Drive/Database Finanziario/Cripto_MinuteTimeSeries/iqxusd.csv,iqxusd.csv,.csv,other,19.1698,2022-09-28T10:18:58+00:00,31998.09,Cripto_MinuteTimeSeries,True
Cripto_MinuteTimeSeries/iqxust.csv,/Users/itsgennymac/Library/CloudStorage/GoogleDrive-sfn.gns@gmail.com/Il mio Drive/Database Finanziario/Cripto_MinuteTimeSeries/iqxust.csv,iqxust.csv,.csv,other,12.8947,2022-09-28T10:18:58+00:00,31998.09,Cripto_MinuteTimeSeries,True
Finance Database/archive/iqxusd.csv,/Users/itsgennymac/Library/CloudStorage/GoogleDrive-sfn.gns@gmail.com/Il mio Drive/Database Finanziario/Finance Database/archive/iqxusd.csv,iqxusd.csv,.csv,other,19.1698,2022-09-28T10:18:58+00:00,31998.09,Finance Database/archive,True
Finance Database/archive/iqxust.csv,/Users/itsgennymac/Library/CloudStorage/GoogleDrive-sfn.gns@gmail.com/Il mio Drive/Database Finanziario/Finance Database/archive/iqxust.csv,iqxust.csv,.csv,other,12.8947,2022-09-28T10:18:58+00:00,31998.09,Finance Database/archive,True
Cripto_MinuteTimeSeries/iotjpy.csv,/Users/itsgennymac/Library/CloudStorage/GoogleDrive-sfn.gns@gmail.com/Il mio Drive/Database Finanziario/Cripto_MinuteTimeSeries/iotjpy.csv,iotjpy.csv,.csv,other,11.1964,2022-09-28T10:18:50+00:00,31998.1,Cripto_MinuteTimeSeries,True
Finance Database/archive/iotjpy.csv,/Users/itsgennymac/Library/CloudStorage/GoogleDrive-sfn.gns@gmail.com/Il mio Drive/Database Finanziario/Finance Database/archive/iotjpy.csv,iotjpy.csv,.csv,other,11.1964,2022-09-28T10:18:50+00:00,31998.1,Finance Database/archive,True
Cripto_MinuteTimeSeries/iotf0-ustf0.csv,/Users/itsgennymac/Library/CloudStorage/GoogleDrive-sfn.gns@gmail.com/Il mio Drive/Database Finanziario/Cripto_MinuteTimeSeries/iotf0-ustf0.csv,iotf0-ustf0.csv,.csv,other,0.2892,2022-09-28T10:18:48+00:00,31998.1,Cripto_MinuteTimeSeries,True
Cripto_MinuteTimeSeries/ioteur.csv,/Users/itsgennymac/Library/CloudStorage/GoogleDrive-sfn.gns@gmail.com/Il mio Drive/Database Finanziario/Cripto_MinuteTimeSeries/ioteur.csv,ioteur.csv,.csv,other,16.7168,2022-09-28T10:18:48+00:00,31998.1,Cripto_MinuteTimeSeries,True
Cripto_MinuteTimeSeries/iotgbp.csv,/Users/itsgennymac/Library/CloudStorage/GoogleDrive-sfn.gns@gmail.com/Il mio Drive/Database Finanziario/Cripto_MinuteTimeSeries/iotgbp.csv,iotgbp.csv,.csv,other,7.3145,2022-09-28T10:18:48+00:00,31998.1,Cripto_MinuteTimeSeries,True
Finance Database/archive/iotf0-ustf0.csv,/Users/itsgennymac/Library/CloudStorage/GoogleDrive-sfn.gns@gmail.com/Il mio Drive/Database Finanziario/Finance Database/archive/iotf0-ustf0.csv,iotf0-ustf0.csv,.csv,other,0.2892,2022-09-28T10:18:48+00:00,31998.1,Finance Database/archive,True
Finance Database/archive/ioteur.csv,/Users/itsgennymac/Library/CloudStorage/GoogleDrive-sfn.gns@gmail.com/Il mio Drive/Database Finanziario/Finance Database/archive/ioteur.csv,ioteur.csv,.csv,other,16.7168,2022-09-28T10:18:48+00:00,31998.1,Finance Database/archive,True
Finance Database/archive/iotgbp.csv,/Users/itsgennymac/Library/CloudStorage/GoogleDrive-sfn.gns@gmail.com/Il mio Drive/Database Finanziario/Finance Database/archive/iotgbp.csv,iotgbp.csv,.csv,other,7.3145,2022-09-28T10:18:48+00:00,31998.1,Finance Database/archive,True
Cripto_MinuteTimeSeries/ioteth.csv,/Users/itsgennymac/Library/CloudStorage/GoogleDrive-sfn.gns@gmail.com/Il mio Drive/Database Finanziario/Cripto_MinuteTimeSeries/ioteth.csv,ioteth.csv,.csv,other,37.2309,2022-09-28T10:18:46+00:00,31998.1,Cripto_MinuteTimeSeries,True
Finance Database/archive/ioteth.csv,/Users/itsgennymac/Library/CloudStorage/GoogleDrive-sfn.gns@gmail.com/Il mio Drive/Database Finanziario/Finance Database/archive/ioteth.csv,ioteth.csv,.csv,other,37.2309,2022-09-28T10:18:46+00:00,31998.1,Finance Database/archive,True
Cripto_MinuteTimeSeries/iosusd.csv,/Users/itsgennymac/Library/CloudStorage/GoogleDrive-sfn.gns@gmail.com/Il mio Drive/Database Finanziario/Cripto_MinuteTimeSeries/iosusd.csv,iosusd.csv,.csv,other,1.2141,2022-09-28T10:18:40+00:00,31998.1,Cripto_MinuteTimeSeries,True
Cripto_MinuteTimeSeries/idxbtc.csv,/Users/itsgennymac/Library/CloudStorage/GoogleDrive-sfn.gns@gmail.com/Il mio Drive/Database Finanziario/Cripto_MinuteTimeSeries/idxbtc.csv,idxbtc.csv,.csv,other,0.0,2022-09-28T10:18:40+00:00,31998.1,Cripto_MinuteTimeSeries,True
Cripto_MinuteTimeSeries/idxusd.csv,/Users/itsgennymac/Library/CloudStorage/GoogleDrive-sfn.gns@gmail.com/Il mio Drive/Database Finanziario/Cripto_MinuteTimeSeries/idxusd.csv,idxusd.csv,.csv,other,12.2003,2022-09-28T10:18:40+00:00,31998.1,Cripto_MinuteTimeSeries,True
Cripto_MinuteTimeSeries/idxust.csv,/Users/itsgennymac/Library/CloudStorage/GoogleDrive-sfn.gns@gmail.com/Il mio Drive/Database Finanziario/Cripto_MinuteTimeSeries/idxust.csv,idxust.csv,.csv,other,11.8456,2022-09-28T10:18:40+00:00,31998.1,Cripto_MinuteTimeSeries,True
Finance Database/archive/iosusd.csv,/Users/itsgennymac/Library/CloudStorage/GoogleDrive-sfn.gns@gmail.com/Il mio Drive/Database Finanziario/Finance Database/archive/iosusd.csv,iosusd.csv,.csv,other,1.2141,2022-09-28T10:18:40+00:00,31998.1,Finance Database/archive,True
Finance Database/archive/idxbtc.csv,/Users/itsgennymac/Library/CloudStorage/GoogleDrive-sfn.gns@gmail.com/Il mio Drive/Database Finanziario/Finance Database/archive/idxbtc.csv,idxbtc.csv,.csv,other,0.0,2022-09-28T10:18:40+00:00,31998.1,Finance Database/archive,True
Finance Database/archive/idxusd.csv,/Users/itsgennymac/Library/CloudStorage/GoogleDrive-sfn.gns@gmail.com/Il mio Drive/Database Finanziario/Finance Database/archive/idxusd.csv,idxusd.csv,.csv,other,12.2003,2022-09-28T10:18:40+00:00,31998.1,Finance Database/archive,True
Finance Database/archive/idxust.csv,/Users/itsgennymac/Library/CloudStorage/GoogleDrive-sfn.gns@gmail.com/Il mio Drive/Database Finanziario/Finance Database/archive/idxust.csv,idxust.csv,.csv,other,11.8456,2022-09-28T10:18:40+00:00,31998.1,Finance Database/archive,True
Cripto_MinuteTimeSeries/icpust.csv,/Users/itsgennymac/Library/CloudStorage/GoogleDrive-sfn.gns@gmail.com/Il mio Drive/Database Finanziario/Cripto_MinuteTimeSeries/icpust.csv,icpust.csv,.csv,other,11.0742,2022-09-28T10:18:38+00:00,31998.1,Cripto_MinuteTimeSeries,True
Cripto_MinuteTimeSeries/icpusd.csv,/Users/itsgennymac/Library/CloudStorage/GoogleDrive-sfn.gns@gmail.com/Il mio Drive/Database Finanziario/Cripto_MinuteTimeSeries/icpusd.csv,icpusd.csv,.csv,other,11.0141,2022-09-28T10:18:38+00:00,31998.1,Cripto_MinuteTimeSeries,True
Finance Database/archive/icpust.csv,/Users/itsgennymac/Library/CloudStorage/GoogleDrive-sfn.gns@gmail.com/Il mio Drive/Database Finanziario/Finance Database/archive/icpust.csv,icpust.csv,.csv,other,11.0742,2022-09-28T10:18:38+00:00,31998.1,Finance Database/archive,True
Finance Database/archive/icpusd.csv,/Users/itsgennymac/Library/CloudStorage/GoogleDrive-sfn.gns@gmail.com/Il mio Drive/Database Finanziario/Finance Database/archive/icpusd.csv,icpusd.csv,.csv,other,11.0141,2022-09-28T10:18:38+00:00,31998.1,Finance Database/archive,True
Cripto_MinuteTimeSeries/icpbtc.csv,/Users/itsgennymac/Library/CloudStorage/GoogleDrive-sfn.gns@gmail.com/Il mio Drive/Database Finanziario/Cripto_MinuteTimeSeries/icpbtc.csv,icpbtc.csv,.csv,other,11.9542,2022-09-28T10:18:36+00:00,31998.1,Cripto_MinuteTimeSeries,True
Cripto_MinuteTimeSeries/iceusd.csv,/Users/itsgennymac/Library/CloudStorage/GoogleDrive-sfn.gns@gmail.com/Il mio Drive/Database Finanziario/Cripto_MinuteTimeSeries/iceusd.csv,iceusd.csv,.csv,other,11.6289,2022-09-28T10:18:36+00:00,31998.1,Cripto_MinuteTimeSeries,True
Cripto_MinuteTimeSeries/hotusd.csv,/Users/itsgennymac/Library/CloudStorage/GoogleDrive-sfn.gns@gmail.com/Il mio Drive/Database Finanziario/Cripto_MinuteTimeSeries/hotusd.csv,hotusd.csv,.csv,other,0.6449,2022-09-28T10:18:36+00:00,31998.1,Cripto_MinuteTimeSeries,True
Cripto_MinuteTimeSeries/hmtusd.csv,/Users/itsgennymac/Library/CloudStorage/GoogleDrive-sfn.gns@gmail.com/Il mio Drive/Database Finanziario/Cripto_MinuteTimeSeries/hmtusd.csv,hmtusd.csv,.csv,other,2.6955,2022-09-28T10:18:36+00:00,31998.1,Cripto_MinuteTimeSeries,True
Cripto_MinuteTimeSeries/hmtust.csv,/Users/itsgennymac/Library/CloudStorage/GoogleDrive-sfn.gns@gmail.com/Il mio Drive/Database Finanziario/Cripto_MinuteTimeSeries/hmtust.csv,hmtust.csv,.csv,other,2.7093,2022-09-28T10:18:36+00:00,31998.1,Cripto_MinuteTimeSeries,True
Finance Database/archive/icpbtc.csv,/Users/itsgennymac/Library/CloudStorage/GoogleDrive-sfn.gns@gmail.com/Il mio Drive/Database Finanziario/Finance Database/archive/icpbtc.csv,icpbtc.csv,.csv,other,11.9542,2022-09-28T10:18:36+00:00,31998.1,Finance Database/archive,True
Finance Database/archive/iceusd.csv,/Users/itsgennymac/Library/CloudStorage/GoogleDrive-sfn.gns@gmail.com/Il mio Drive/Database Finanziario/Finance Database/archive/iceusd.csv,iceusd.csv,.csv,other,11.6289,2022-09-28T10:18:36+00:00,31998.1,Finance Database/archive,True
Finance Database/archive/hotusd.csv,/Users/itsgennymac/Library/CloudStorage/GoogleDrive-sfn.gns@gmail.com/Il mio Drive/Database Finanziario/Finance Database/archive/hotusd.csv,hotusd.csv,.csv,other,0.6449,2022-09-28T10:18:36+00:00,31998.1,Finance Database/archive,True
Finance Database/archive/hmtusd.csv,/Users/itsgennymac/Library/CloudStorage/GoogleDrive-sfn.gns@gmail.com/Il mio Drive/Database Finanziario/Finance Database/archive/hmtusd.csv,hmtusd.csv,.csv,other,2.6955,2022-09-28T10:18:36+00:00,31998.1,Finance Database/archive,True
Finance Database/archive/hmtust.csv,/Users/itsgennymac/Library/CloudStorage/GoogleDrive-sfn.gns@gmail.com/Il mio Drive/Database Finanziario/Finance Database/archive/hmtust.csv,hmtust.csv,.csv,other,2.7093,2022-09-28T10:18:36+00:00,31998.1,Finance Database/archive,True
Cripto_MinuteTimeSeries/gxtusd.csv,/Users/itsgennymac/Library/CloudStorage/GoogleDrive-sfn.gns@gmail.com/Il mio Drive/Database Finanziario/Cripto_MinuteTimeSeries/gxtusd.csv,gxtusd.csv,.csv,other,0.7773,2022-09-28T10:18:34+00:00,31998.1,Cripto_MinuteTimeSeries,True
Cripto_MinuteTimeSeries/hixusd.csv,/Users/itsgennymac/Library/CloudStorage/GoogleDrive-sfn.gns@gmail.com/Il mio Drive/Database Finanziario/Cripto_MinuteTimeSeries/hixusd.csv,hixusd.csv,.csv,other,6.8762,2022-09-28T10:18:34+00:00,31998.1,Cripto_MinuteTimeSeries,True
Cripto_MinuteTimeSeries/hixust.csv,/Users/itsgennymac/Library/CloudStorage/GoogleDrive-sfn.gns@gmail.com/Il mio Drive/Database Finanziario/Cripto_MinuteTimeSeries/hixust.csv,hixust.csv,.csv,other,8.9147,2022-09-28T10:18:34+00:00,31998.1,Cripto_MinuteTimeSeries,True
Cripto_MinuteTimeSeries/gxtust.csv,/Users/itsgennymac/Library/CloudStorage/GoogleDrive-sfn.gns@gmail.com/Il mio Drive/Database Finanziario/Cripto_MinuteTimeSeries/gxtust.csv,gxtust.csv,.csv,other,0.6771,2022-09-28T10:18:34+00:00,31998.1,Cripto_MinuteTimeSeries,True
Cripto_MinuteTimeSeries/hezusd.csv,/Users/itsgennymac/Library/CloudStorage/GoogleDrive-sfn.gns@gmail.com/Il mio Drive/Database Finanziario/Cripto_MinuteTimeSeries/hezusd.csv,hezusd.csv,.csv,other,2.9428,2022-09-28T10:18:34+00:00,31998.1,Cripto_MinuteTimeSeries,True
Cripto_MinuteTimeSeries/hezust.csv,/Users/itsgennymac/Library/CloudStorage/GoogleDrive-sfn.gns@gmail.com/Il mio Drive/Database Finanziario/Cripto_MinuteTimeSeries/hezust.csv,hezust.csv,.csv,other,2.7899,2022-09-28T10:18:34+00:00,31998.1,Cripto_MinuteTimeSeries,True
Finance Database/archive/gxtusd.csv,/Users/itsgennymac/Library/CloudStorage/GoogleDrive-sfn.gns@gmail.com/Il mio Drive/Database Finanziario/Finance Database/archive/gxtusd.csv,gxtusd.csv,.csv,other,0.7773,2022-09-28T10:18:34+00:00,31998.1,Finance Database/archive,True
Finance Database/archive/hixusd.csv,/Users/itsgennymac/Library/CloudStorage/GoogleDrive-sfn.gns@gmail.com/Il mio Drive/Database Finanziario/Finance Database/archive/hixusd.csv,hixusd.csv,.csv,other,6.8762,2022-09-28T10:18:34+00:00,31998.1,Finance Database/archive,True
Finance Database/archive/hixust.csv,/Users/itsgennymac/Library/CloudStorage/GoogleDrive-sfn.gns@gmail.com/Il mio Drive/Database Finanziario/Finance Database/archive/hixust.csv,hixust.csv,.csv,other,8.9147,2022-09-28T10:18:34+00:00,31998.1,Finance Database/archive,True
Finance Database/archive/gxtust.csv,/Users/itsgennymac/Library/CloudStorage/GoogleDrive-sfn.gns@gmail.com/Il mio Drive/Database Finanziario/Finance Database/archive/gxtust.csv,gxtust.csv,.csv,other,0.6771,2022-09-28T10:18:34+00:00,31998.1,Finance Database/archive,True
Finance Database/archive/hezusd.csv,/Users/itsgennymac/Library/CloudStorage/GoogleDrive-sfn.gns@gmail.com/Il mio Drive/Database Finanziario/Finance Database/archive/hezusd.csv,hezusd.csv,.csv,other,2.9428,2022-09-28T10:18:34+00:00,31998.1,Finance Database/archive,True
Finance Database/archive/hezust.csv,/Users/itsgennymac/Library/CloudStorage/GoogleDrive-sfn.gns@gmail.com/Il mio Drive/Database Finanziario/Finance Database/archive/hezust.csv,hezust.csv,.csv,other,2.7899,2022-09-28T10:18:34+00:00,31998.1,Finance Database/archive,True
Cripto_MinuteTimeSeries/gtxust.csv,/Users/itsgennymac/Library/CloudStorage/GoogleDrive-sfn.gns@gmail.com/Il mio Drive/Database Finanziario/Cripto_MinuteTimeSeries/gtxust.csv,gtxust.csv,.csv,other,35.8516,2022-09-28T10:18:32+00:00,31998.1,Cripto_MinuteTimeSeries,True
Finance Database/archive/gtxust.csv,/Users/itsgennymac/Library/CloudStorage/GoogleDrive-sfn.gns@gmail.com/Il mio Drive/Database Finanziario/Finance Database/archive/gtxust.csv,gtxust.csv,.csv,other,35.8516,2022-09-28T10:18:32+00:00,31998.1,Finance Database/archive,True
Cripto_MinuteTimeSeries/gstust.csv,/Users/itsgennymac/Library/CloudStorage/GoogleDrive-sfn.gns@gmail.com/Il mio Drive/Database Finanziario/Cripto_MinuteTimeSeries/gstust.csv,gstust.csv,.csv,other,0.0042,2022-09-28T10:18:30+00:00,31998.1,Cripto_MinuteTimeSeries,True
Cripto_MinuteTimeSeries/gstusd.csv,/Users/itsgennymac/Library/CloudStorage/GoogleDrive-sfn.gns@gmail.com/Il mio Drive/Database Finanziario/Cripto_MinuteTimeSeries/gstusd.csv,gstusd.csv,.csv,other,0.0098,2022-09-28T10:18:30+00:00,31998.1,Cripto_MinuteTimeSeries,True
Cripto_MinuteTimeSeries/gtxusd.csv,/Users/itsgennymac/Library/CloudStorage/GoogleDrive-sfn.gns@gmail.com/Il mio Drive/Database Finanziario/Cripto_MinuteTimeSeries/gtxusd.csv,gtxusd.csv,.csv,other,31.6154,2022-09-28T10:18:30+00:00,31998.1,Cripto_MinuteTimeSeries,True
Finance Database/archive/gstust.csv,/Users/itsgennymac/Library/CloudStorage/GoogleDrive-sfn.gns@gmail.com/Il mio Drive/Database Finanziario/Finance Database/archive/gstust.csv,gstust.csv,.csv,other,0.0042,2022-09-28T10:18:30+00:00,31998.1,Finance Database/archive,True
Finance Database/archive/gstusd.csv,/Users/itsgennymac/Library/CloudStorage/GoogleDrive-sfn.gns@gmail.com/Il mio Drive/Database Finanziario/Finance Database/archive/gstusd.csv,gstusd.csv,.csv,other,0.0098,2022-09-28T10:18:30+00:00,31998.1,Finance Database/archive,True
Finance Database/archive/gtxusd.csv,/Users/itsgennymac/Library/CloudStorage/GoogleDrive-sfn.gns@gmail.com/Il mio Drive/Database Finanziario/Finance Database/archive/gtxusd.csv,gtxusd.csv,.csv,other,31.6154,2022-09-28T10:18:30+00:00,31998.1,Finance Database/archive,True
Cripto_MinuteTimeSeries/grtusd.csv,/Users/itsgennymac/Library/CloudStorage/GoogleDrive-sfn.gns@gmail.com/Il mio Drive/Database Finanziario/Cripto_MinuteTimeSeries/grtusd.csv,grtusd.csv,.csv,other,3.5486,2022-09-28T10:18:28+00:00,31998.1,Cripto_MinuteTimeSeries,True
Cripto_MinuteTimeSeries/gotusd.csv,/Users/itsgennymac/Library/CloudStorage/GoogleDrive-sfn.gns@gmail.com/Il mio Drive/Database Finanziario/Cripto_MinuteTimeSeries/gotusd.csv,gotusd.csv,.csv,other,5.872,2022-09-28T10:18:28+00:00,31998.1,Cripto_MinuteTimeSeries,True
Cripto_MinuteTimeSeries/grtust.csv,/Users/itsgennymac/Library/CloudStorage/GoogleDrive-sfn.gns@gmail.com/Il mio Drive/Database Finanziario/Cripto_MinuteTimeSeries/grtust.csv,grtust.csv,.csv,other,3.6258,2022-09-28T10:18:28+00:00,31998.1,Cripto_MinuteTimeSeries,True
Cripto_MinuteTimeSeries/goteur.csv,/Users/itsgennymac/Library/CloudStorage/GoogleDrive-sfn.gns@gmail.com/Il mio Drive/Database Finanziario/Cripto_MinuteTimeSeries/goteur.csv,goteur.csv,.csv,other,0.8681,2022-09-28T10:18:28+00:00,31998.1,Cripto_MinuteTimeSeries,True
Finance Database/archive/grtusd.csv,/Users/itsgennymac/Library/CloudStorage/GoogleDrive-sfn.gns@gmail.com/Il mio Drive/Database Finanziario/Finance Database/archive/grtusd.csv,grtusd.csv,.csv,other,3.5486,2022-09-28T10:18:28+00:00,31998.1,Finance Database/archive,True
Finance Database/archive/gotusd.csv,/Users/itsgennymac/Library/CloudStorage/GoogleDrive-sfn.gns@gmail.com/Il mio Drive/Database Finanziario/Finance Database/archive/gotusd.csv,gotusd.csv,.csv,other,5.872,2022-09-28T10:18:28+00:00,31998.1,Finance Database/archive,True
Finance Database/archive/grtust.csv,/Users/itsgennymac/Library/CloudStorage/GoogleDrive-sfn.gns@gmail.com/Il mio Drive/Database Finanziario/Finance Database/archive/grtust.csv,grtust.csv,.csv,other,3.6258,2022-09-28T10:18:28+00:00,31998.1,Finance Database/archive,True
Finance Database/archive/goteur.csv,/Users/itsgennymac/Library/CloudStorage/GoogleDrive-sfn.gns@gmail.com/Il mio Drive/Database Finanziario/Finance Database/archive/goteur.csv,goteur.csv,.csv,other,0.8681,2022-09-28T10:18:28+00:00,31998.1,Finance Database/archive,True
Cripto_MinuteTimeSeries/genusd.csv,/Users/itsgennymac/Library/CloudStorage/GoogleDrive-sfn.gns@gmail.com/Il mio Drive/Database Finanziario/Cripto_MinuteTimeSeries/genusd.csv,genusd.csv,.csv,other,0.5891,2022-09-28T10:18:26+00:00,31998.1,Cripto_MinuteTimeSeries,True
Cripto_MinuteTimeSeries/gmtusd.csv,/Users/itsgennymac/Library/CloudStorage/GoogleDrive-sfn.gns@gmail.com/Il mio Drive/Database Finanziario/Cripto_MinuteTimeSeries/gmtusd.csv,gmtusd.csv,.csv,other,0.0121,2022-09-28T10:18:26+00:00,31998.1,Cripto_MinuteTimeSeries,True
Cripto_MinuteTimeSeries/gbpeut.csv,/Users/itsgennymac/Library/CloudStorage/GoogleDrive-sfn.gns@gmail.com/Il mio Drive/Database Finanziario/Cripto_MinuteTimeSeries/gbpeut.csv,gbpeut.csv,.csv,other,5.0591,2022-09-28T10:18:26+00:00,31998.1,Cripto_MinuteTimeSeries,True
Cripto_MinuteTimeSeries/gmtust.csv,/Users/itsgennymac/Library/CloudStorage/GoogleDrive-sfn.gns@gmail.com/Il mio Drive/Database Finanziario/Cripto_MinuteTimeSeries/gmtust.csv,gmtust.csv,.csv,other,0.0076,2022-09-28T10:18:26+00:00,31998.1,Cripto_MinuteTimeSeries,True
Cripto_MinuteTimeSeries/gntusd.csv,/Users/itsgennymac/Library/CloudStorage/GoogleDrive-sfn.gns@gmail.com/Il mio Drive/Database Finanziario/Cripto_MinuteTimeSeries/gntusd.csv,gntusd.csv,.csv,other,19.7018,2022-09-28T10:18:26+00:00,31998.1,Cripto_MinuteTimeSeries,True
Cripto_MinuteTimeSeries/gnteth.csv,/Users/itsgennymac/Library/CloudStorage/GoogleDrive-sfn.gns@gmail.com/Il mio Drive/Database Finanziario/Cripto_MinuteTimeSeries/gnteth.csv,gnteth.csv,.csv,other,3.3084,2022-09-28T10:18:26+00:00,31998.1,Cripto_MinuteTimeSeries,True
Cripto_MinuteTimeSeries/germany30ixf0-ustf0.csv,/Users/itsgennymac/Library/CloudStorage/GoogleDrive-sfn.gns@gmail.com/Il mio Drive/Database Finanziario/Cripto_MinuteTimeSeries/germany30ixf0-ustf0.csv,germany30ixf0-ustf0.csv,.csv,other,0.0888,2022-09-28T10:18:26+00:00,31998.1,Cripto_MinuteTimeSeries,True
Cripto_MinuteTimeSeries/gbpf0-ustf0.csv,/Users/itsgennymac/Library/CloudStorage/GoogleDrive-sfn.gns@gmail.com/Il mio Drive/Database Finanziario/Cripto_MinuteTimeSeries/gbpf0-ustf0.csv,gbpf0-ustf0.csv,.csv,other,0.2716,2022-09-28T10:18:26+00:00,31998.1,Cripto_MinuteTimeSeries,True
Cripto_MinuteTimeSeries/gnousd.csv,/Users/itsgennymac/Library/CloudStorage/GoogleDrive-sfn.gns@gmail.com/Il mio Drive/Database Finanziario/Cripto_MinuteTimeSeries/gnousd.csv,gnousd.csv,.csv,other,7.2277,2022-09-28T10:18:26+00:00,31998.1,Cripto_MinuteTimeSeries,True
Cripto_MinuteTimeSeries/gbpust.csv,/Users/itsgennymac/Library/CloudStorage/GoogleDrive-sfn.gns@gmail.com/Il mio Drive/Database Finanziario/Cripto_MinuteTimeSeries/gbpust.csv,gbpust.csv,.csv,other,7.0438,2022-09-28T10:18:26+00:00,31998.1,Cripto_MinuteTimeSeries,True
Cripto_MinuteTimeSeries/gntbtc.csv,/Users/itsgennymac/Library/CloudStorage/GoogleDrive-sfn.gns@gmail.com/Il mio Drive/Database Finanziario/Cripto_MinuteTimeSeries/gntbtc.csv,gntbtc.csv,.csv,other,5.9215,2022-09-28T10:18:26+00:00,31998.1,Cripto_MinuteTimeSeries,True
Finance Database/archive/genusd.csv,/Users/itsgennymac/Library/CloudStorage/GoogleDrive-sfn.gns@gmail.com/Il mio Drive/Database Finanziario/Finance Database/archive/genusd.csv,genusd.csv,.csv,other,0.5891,2022-09-28T10:18:26+00:00,31998.1,Finance Database/archive,True
Finance Database/archive/gmtusd.csv,/Users/itsgennymac/Library/CloudStorage/GoogleDrive-sfn.gns@gmail.com/Il mio Drive/Database Finanziario/Finance Database/archive/gmtusd.csv,gmtusd.csv,.csv,other,0.0121,2022-09-28T10:18:26+00:00,31998.1,Finance Database/archive,True
Finance Database/archive/gbpeut.csv,/Users/itsgennymac/Library/CloudStorage/GoogleDrive-sfn.gns@gmail.com/Il mio Drive/Database Finanziario/Finance Database/archive/gbpeut.csv,gbpeut.csv,.csv,other,5.0591,2022-09-28T10:18:26+00:00,31998.1,Finance Database/archive,True
Finance Database/archive/gmtust.csv,/Users/itsgennymac/Library/CloudStorage/GoogleDrive-sfn.gns@gmail.com/Il mio Drive/Database Finanziario/Finance Database/archive/gmtust.csv,gmtust.csv,.csv,other,0.0076,2022-09-28T10:18:26+00:00,31998.1,Finance Database/archive,True
Finance Database/archive/gntusd.csv,/Users/itsgennymac/Library/CloudStorage/GoogleDrive-sfn.gns@gmail.com/Il mio Drive/Database Finanziario/Finance Database/archive/gntusd.csv,gntusd.csv,.csv,other,19.7018,2022-09-28T10:18:26+00:00,31998.1,Finance Database/archive,True
Finance Database/archive/gnteth.csv,/Users/itsgennymac/Library/CloudStorage/GoogleDrive-sfn.gns@gmail.com/Il mio Drive/Database Finanziario/Finance Database/archive/gnteth.csv,gnteth.csv,.csv,other,3.3084,2022-09-28T10:18:26+00:00,31998.1,Finance Database/archive,True
Finance Database/archive/germany30ixf0-ustf0.csv,/Users/itsgennymac/Library/CloudStorage/GoogleDrive-sfn.gns@gmail.com/Il mio Drive/Database Finanziario/Finance Database/archive/germany30ixf0-ustf0.csv,germany30ixf0-ustf0.csv,.csv,other,0.0888,2022-09-28T10:18:26+00:00,31998.1,Finance Database/archive,True
Finance Database/archive/gbpf0-ustf0.csv,/Users/itsgennymac/Library/CloudStorage/GoogleDrive-sfn.gns@gmail.com/Il mio Drive/Database Finanziario/Finance Database/archive/gbpf0-ustf0.csv,gbpf0-ustf0.csv,.csv,other,0.2716,2022-09-28T10:18:26+00:00,31998.1,Finance Database/archive,True
Finance Database/archive/gnousd.csv,/Users/itsgennymac/Library/CloudStorage/GoogleDrive-sfn.gns@gmail.com/Il mio Drive/Database Finanziario/Finance Database/archive/gnousd.csv,gnousd.csv,.csv,other,7.2277,2022-09-28T10:18:26+00:00,31998.1,Finance Database/archive,True
Finance Database/archive/gbpust.csv,/Users/itsgennymac/Library/CloudStorage/GoogleDrive-sfn.gns@gmail.com/Il mio Drive/Database Finanziario/Finance Database/archive/gbpust.csv,gbpust.csv,.csv,other,7.0438,2022-09-28T10:18:26+00:00,31998.1,Finance Database/archive,True
Finance Database/archive/gntbtc.csv,/Users/itsgennymac/Library/CloudStorage/GoogleDrive-sfn.gns@gmail.com/Il mio Drive/Database Finanziario/Finance Database/archive/gntbtc.csv,gntbtc.csv,.csv,other,5.9215,2022-09-28T10:18:26+00:00,31998.1,Finance Database/archive,True
Cripto_MinuteTimeSeries/ftmust.csv,/Users/itsgennymac/Library/CloudStorage/GoogleDrive-sfn.gns@gmail.com/Il mio Drive/Database Finanziario/Cripto_MinuteTimeSeries/ftmust.csv,ftmust.csv,.csv,other,13.8653,2022-09-28T10:18:24+00:00,31998.1,Cripto_MinuteTimeSeries,True
Cripto_MinuteTimeSeries/fttust.csv,/Users/itsgennymac/Library/CloudStorage/GoogleDrive-sfn.gns@gmail.com/Il mio Drive/Database Finanziario/Cripto_MinuteTimeSeries/fttust.csv,fttust.csv,.csv,other,0.9791,2022-09-28T10:18:24+00:00,31998.1,Cripto_MinuteTimeSeries,True
Cripto_MinuteTimeSeries/funusd.csv,/Users/itsgennymac/Library/CloudStorage/GoogleDrive-sfn.gns@gmail.com/Il mio Drive/Database Finanziario/Cripto_MinuteTimeSeries/funusd.csv,funusd.csv,.csv,other,5.4436,2022-09-28T10:18:24+00:00,31998.1,Cripto_MinuteTimeSeries,True
Cripto_MinuteTimeSeries/fttusd.csv,/Users/itsgennymac/Library/CloudStorage/GoogleDrive-sfn.gns@gmail.com/Il mio Drive/Database Finanziario/Cripto_MinuteTimeSeries/fttusd.csv,fttusd.csv,.csv,other,1.9829,2022-09-28T10:18:24+00:00,31998.1,Cripto_MinuteTimeSeries,True
Finance Database/archive/ftmust.csv,/Users/itsgennymac/Library/CloudStorage/GoogleDrive-sfn.gns@gmail.com/Il mio Drive/Database Finanziario/Finance Database/archive/ftmust.csv,ftmust.csv,.csv,other,13.8653,2022-09-28T10:18:24+00:00,31998.1,Finance Database/archive,True
Finance Database/archive/fttust.csv,/Users/itsgennymac/Library/CloudStorage/GoogleDrive-sfn.gns@gmail.com/Il mio Drive/Database Finanziario/Finance Database/archive/fttust.csv,fttust.csv,.csv,other,0.9791,2022-09-28T10:18:24+00:00,31998.1,Finance Database/archive,True
Finance Database/archive/funusd.csv,/Users/itsgennymac/Library/CloudStorage/GoogleDrive-sfn.gns@gmail.com/Il mio Drive/Database Finanziario/Finance Database/archive/funusd.csv,funusd.csv,.csv,other,5.4436,2022-09-28T10:18:24+00:00,31998.1,Finance Database/archive,True
Finance Database/archive/fttusd.csv,/Users/itsgennymac/Library/CloudStorage/GoogleDrive-sfn.gns@gmail.com/Il mio Drive/Database Finanziario/Finance Database/archive/fttusd.csv,fttusd.csv,.csv,other,1.9829,2022-09-28T10:18:24+00:00,31998.1,Finance Database/archive,True
Cripto_MinuteTimeSeries/ftmusd.csv,/Users/itsgennymac/Library/CloudStorage/GoogleDrive-sfn.gns@gmail.com/Il mio Drive/Database Finanziario/Cripto_MinuteTimeSeries/ftmusd.csv,ftmusd.csv,.csv,other,14.956,2022-09-28T10:18:22+00:00,31998.1,Cripto_MinuteTimeSeries,True
Cripto_MinuteTimeSeries/forth-usd.csv,/Users/itsgennymac/Library/CloudStorage/GoogleDrive-sfn.gns@gmail.com/Il mio Drive/Database Finanziario/Cripto_MinuteTimeSeries/forth-usd.csv,forth-usd.csv,.csv,other,0.0268,2022-09-28T10:18:22+00:00,31998.1,Cripto_MinuteTimeSeries,True
Cripto_MinuteTimeSeries/forth-ust.csv,/Users/itsgennymac/Library/CloudStorage/GoogleDrive-sfn.gns@gmail.com/Il mio Drive/Database Finanziario/Cripto_MinuteTimeSeries/forth-ust.csv,forth-ust.csv,.csv,other,0.0257,2022-09-28T10:18:22+00:00,31998.1,Cripto_MinuteTimeSeries,True
Finance Database/archive/ftmusd.csv,/Users/itsgennymac/Library/CloudStorage/GoogleDrive-sfn.gns@gmail.com/Il mio Drive/Database Finanziario/Finance Database/archive/ftmusd.csv,ftmusd.csv,.csv,other,14.956,2022-09-28T10:18:22+00:00,31998.1,Finance Database/archive,True
Finance Database/archive/forth-usd.csv,/Users/itsgennymac/Library/CloudStorage/GoogleDrive-sfn.gns@gmail.com/Il mio Drive/Database Finanziario/Finance Database/archive/forth-usd.csv,forth-usd.csv,.csv,other,0.0268,2022-09-28T10:18:22+00:00,31998.1,Finance Database/archive,True
Finance Database/archive/forth-ust.csv,/Users/itsgennymac/Library/CloudStorage/GoogleDrive-sfn.gns@gmail.com/Il mio Drive/Database Finanziario/Finance Database/archive/forth-ust.csv,forth-ust.csv,.csv,other,0.0257,2022-09-28T10:18:22+00:00,31998.1,Finance Database/archive,True
Cripto_MinuteTimeSeries/filusd.csv,/Users/itsgennymac/Library/CloudStorage/GoogleDrive-sfn.gns@gmail.com/Il mio Drive/Database Finanziario/Cripto_MinuteTimeSeries/filusd.csv,filusd.csv,.csv,other,18.349,2022-09-28T10:18:20+00:00,31998.11,Cripto_MinuteTimeSeries,True
Cripto_MinuteTimeSeries/filust.csv,/Users/itsgennymac/Library/CloudStorage/GoogleDrive-sfn.gns@gmail.com/Il mio Drive/Database Finanziario/Cripto_MinuteTimeSeries/filust.csv,filust.csv,.csv,other,15.7047,2022-09-28T10:18:20+00:00,31998.11,Cripto_MinuteTimeSeries,True
Finance Database/archive/filusd.csv,/Users/itsgennymac/Library/CloudStorage/GoogleDrive-sfn.gns@gmail.com/Il mio Drive/Database Finanziario/Finance Database/archive/filusd.csv,filusd.csv,.csv,other,18.349,2022-09-28T10:18:20+00:00,31998.11,Finance Database/archive,True
Finance Database/archive/filust.csv,/Users/itsgennymac/Library/CloudStorage/GoogleDrive-sfn.gns@gmail.com/Il mio Drive/Database Finanziario/Finance Database/archive/filust.csv,filust.csv,.csv,other,15.7047,2022-09-28T10:18:20+00:00,31998.11,Finance Database/archive,True
Cripto_MinuteTimeSeries/fetust.csv,/Users/itsgennymac/Library/CloudStorage/GoogleDrive-sfn.gns@gmail.com/Il mio Drive/Database Finanziario/Cripto_MinuteTimeSeries/fetust.csv,fetust.csv,.csv,other,14.2074,2022-09-28T10:18:18+00:00,31998.11,Cripto_MinuteTimeSeries,True
Cripto_MinuteTimeSeries/fetusd.csv,/Users/itsgennymac/Library/CloudStorage/GoogleDrive-sfn.gns@gmail.com/Il mio Drive/Database Finanziario/Cripto_MinuteTimeSeries/fetusd.csv,fetusd.csv,.csv,other,15.7025,2022-09-28T10:18:18+00:00,31998.11,Cripto_MinuteTimeSeries,True
Finance Database/archive/fetust.csv,/Users/itsgennymac/Library/CloudStorage/GoogleDrive-sfn.gns@gmail.com/Il mio Drive/Database Finanziario/Finance Database/archive/fetust.csv,fetust.csv,.csv,other,14.2074,2022-09-28T10:18:18+00:00,31998.11,Finance Database/archive,True
Finance Database/archive/fetusd.csv,/Users/itsgennymac/Library/CloudStorage/GoogleDrive-sfn.gns@gmail.com/Il mio Drive/Database Finanziario/Finance Database/archive/fetusd.csv,fetusd.csv,.csv,other,15.7025,2022-09-28T10:18:18+00:00,31998.11,Finance Database/archive,True
Cripto_MinuteTimeSeries/exousd.csv,/Users/itsgennymac/Library/CloudStorage/GoogleDrive-sfn.gns@gmail.com/Il mio Drive/Database Finanziario/Cripto_MinuteTimeSeries/exousd.csv,exousd.csv,.csv,other,0.0,2022-09-28T10:18:16+00:00,31998.11,Cripto_MinuteTimeSeries,True
Cripto_MinuteTimeSeries/exrd-btc.csv,/Users/itsgennymac/Library/CloudStorage/GoogleDrive-sfn.gns@gmail.com/Il mio Drive/Database Finanziario/Cripto_MinuteTimeSeries/exrd-btc.csv,exrd-btc.csv,.csv,other,0.0796,2022-09-28T10:18:16+00:00,31998.11,Cripto_MinuteTimeSeries,True
Cripto_MinuteTimeSeries/fbtust.csv,/Users/itsgennymac/Library/CloudStorage/GoogleDrive-sfn.gns@gmail.com/Il mio Drive/Database Finanziario/Cripto_MinuteTimeSeries/fbtust.csv,fbtust.csv,.csv,other,0.3492,2022-09-28T10:18:16+00:00,31998.11,Cripto_MinuteTimeSeries,True
Cripto_MinuteTimeSeries/fclusd.csv,/Users/itsgennymac/Library/CloudStorage/GoogleDrive-sfn.gns@gmail.com/Il mio Drive/Database Finanziario/Cripto_MinuteTimeSeries/fclusd.csv,fclusd.csv,.csv,other,10.3864,2022-09-28T10:18:16+00:00,31998.11,Cripto_MinuteTimeSeries,True
Cripto_MinuteTimeSeries/fbtusd.csv,/Users/itsgennymac/Library/CloudStorage/GoogleDrive-sfn.gns@gmail.com/Il mio Drive/Database Finanziario/Cripto_MinuteTimeSeries/fbtusd.csv,fbtusd.csv,.csv,other,0.4742,2022-09-28T10:18:16+00:00,31998.11,Cripto_MinuteTimeSeries,True
Cripto_MinuteTimeSeries/exrd-usd.csv,/Users/itsgennymac/Library/CloudStorage/GoogleDrive-sfn.gns@gmail.com/Il mio Drive/Database Finanziario/Cripto_MinuteTimeSeries/exrd-usd.csv,exrd-usd.csv,.csv,other,0.0847,2022-09-28T10:18:16+00:00,31998.11,Cripto_MinuteTimeSeries,True
Cripto_MinuteTimeSeries/fclust.csv,/Users/itsgennymac/Library/CloudStorage/GoogleDrive-sfn.gns@gmail.com/Il mio Drive/Database Finanziario/Cripto_MinuteTimeSeries/fclust.csv,fclust.csv,.csv,other,10.1645,2022-09-28T10:18:16+00:00,31998.11,Cripto_MinuteTimeSeries,True
Finance Database/archive/exousd.csv,/Users/itsgennymac/Library/CloudStorage/GoogleDrive-sfn.gns@gmail.com/Il mio Drive/Database Finanziario/Finance Database/archive/exousd.csv,exousd.csv,.csv,other,0.0,2022-09-28T10:18:16+00:00,31998.11,Finance Database/archive,True
Finance Database/archive/exrd-btc.csv,/Users/itsgennymac/Library/CloudStorage/GoogleDrive-sfn.gns@gmail.com/Il mio Drive/Database Finanziario/Finance Database/archive/exrd-btc.csv,exrd-btc.csv,.csv,other,0.0796,2022-09-28T10:18:16+00:00,31998.11,Finance Database/archive,True
Finance Database/archive/fbtust.csv,/Users/itsgennymac/Library/CloudStorage/GoogleDrive-sfn.gns@gmail.com/Il mio Drive/Database Finanziario/Finance Database/archive/fbtust.csv,fbtust.csv,.csv,other,0.3492,2022-09-28T10:18:16+00:00,31998.11,Finance Database/archive,True
Finance Database/archive/fclusd.csv,/Users/itsgennymac/Library/CloudStorage/GoogleDrive-sfn.gns@gmail.com/Il mio Drive/Database Finanziario/Finance Database/archive/fclusd.csv,fclusd.csv,.csv,other,10.3864,2022-09-28T10:18:16+00:00,31998.11,Finance Database/archive,True
Finance Database/archive/fbtusd.csv,/Users/itsgennymac/Library/CloudStorage/GoogleDrive-sfn.gns@gmail.com/Il mio Drive/Database Finanziario/Finance Database/archive/fbtusd.csv,fbtusd.csv,.csv,other,0.4742,2022-09-28T10:18:16+00:00,31998.11,Finance Database/archive,True
Finance Database/archive/exrd-usd.csv,/Users/itsgennymac/Library/CloudStorage/GoogleDrive-sfn.gns@gmail.com/Il mio Drive/Database Finanziario/Finance Database/archive/exrd-usd.csv,exrd-usd.csv,.csv,other,0.0847,2022-09-28T10:18:16+00:00,31998.11,Finance Database/archive,True
Finance Database/archive/fclust.csv,/Users/itsgennymac/Library/CloudStorage/GoogleDrive-sfn.gns@gmail.com/Il mio Drive/Database Finanziario/Finance Database/archive/fclust.csv,fclust.csv,.csv,other,10.1645,2022-09-28T10:18:16+00:00,31998.11,Finance Database/archive,True
Cripto_MinuteTimeSeries/eutust.csv,/Users/itsgennymac/Library/CloudStorage/GoogleDrive-sfn.gns@gmail.com/Il mio Drive/Database Finanziario/Cripto_MinuteTimeSeries/eutust.csv,eutust.csv,.csv,other,15.8919,2022-09-28T10:18:14+00:00,31998.11,Cripto_MinuteTimeSeries,True
Cripto_MinuteTimeSeries/eutusd.csv,/Users/itsgennymac/Library/CloudStorage/GoogleDrive-sfn.gns@gmail.com/Il mio Drive/Database Finanziario/Cripto_MinuteTimeSeries/eutusd.csv,eutusd.csv,.csv,other,15.8329,2022-09-28T10:18:14+00:00,31998.11,Cripto_MinuteTimeSeries,True
Finance Database/archive/eutust.csv,/Users/itsgennymac/Library/CloudStorage/GoogleDrive-sfn.gns@gmail.com/Il mio Drive/Database Finanziario/Finance Database/archive/eutust.csv,eutust.csv,.csv,other,15.8919,2022-09-28T10:18:14+00:00,31998.11,Finance Database/archive,True
Finance Database/archive/eutusd.csv,/Users/itsgennymac/Library/CloudStorage/GoogleDrive-sfn.gns@gmail.com/Il mio Drive/Database Finanziario/Finance Database/archive/eutusd.csv,eutusd.csv,.csv,other,15.8329,2022-09-28T10:18:14+00:00,31998.11,Finance Database/archive,True
Cripto_MinuteTimeSeries/eusbtc.csv,/Users/itsgennymac/Library/CloudStorage/GoogleDrive-sfn.gns@gmail.com/Il mio Drive/Database Finanziario/Cripto_MinuteTimeSeries/eusbtc.csv,eusbtc.csv,.csv,other,0.0697,2022-09-28T10:18:12+00:00,31998.11,Cripto_MinuteTimeSeries,True
Cripto_MinuteTimeSeries/eurust.csv,/Users/itsgennymac/Library/CloudStorage/GoogleDrive-sfn.gns@gmail.com/Il mio Drive/Database Finanziario/Cripto_MinuteTimeSeries/eurust.csv,eurust.csv,.csv,other,18.0585,2022-09-28T10:18:12+00:00,31998.11,Cripto_MinuteTimeSeries,True
Cripto_MinuteTimeSeries/eurf0-ustf0.csv,/Users/itsgennymac/Library/CloudStorage/GoogleDrive-sfn.gns@gmail.com/Il mio Drive/Database Finanziario/Cripto_MinuteTimeSeries/eurf0-ustf0.csv,eurf0-ustf0.csv,.csv,other,0.2923,2022-09-28T10:18:12+00:00,31998.11,Cripto_MinuteTimeSeries,True
Cripto_MinuteTimeSeries/europe50ixf0-ustf0.csv,/Users/itsgennymac/Library/CloudStorage/GoogleDrive-sfn.gns@gmail.com/Il mio Drive/Database Finanziario/Cripto_MinuteTimeSeries/europe50ixf0-ustf0.csv,europe50ixf0-ustf0.csv,.csv,other,0.0945,2022-09-28T10:18:12+00:00,31998.11,Cripto_MinuteTimeSeries,True
Cripto_MinuteTimeSeries/euteur.csv,/Users/itsgennymac/Library/CloudStorage/GoogleDrive-sfn.gns@gmail.com/Il mio Drive/Database Finanziario/Cripto_MinuteTimeSeries/euteur.csv,euteur.csv,.csv,other,15.5028,2022-09-28T10:18:12+00:00,31998.11,Cripto_MinuteTimeSeries,True
Cripto_MinuteTimeSeries/eususd.csv,/Users/itsgennymac/Library/CloudStorage/GoogleDrive-sfn.gns@gmail.com/Il mio Drive/Database Finanziario/Cripto_MinuteTimeSeries/eususd.csv,eususd.csv,.csv,other,0.2816,2022-09-28T10:18:12+00:00,31998.11,Cripto_MinuteTimeSeries,True
Finance Database/archive/eusbtc.csv,/Users/itsgennymac/Library/CloudStorage/GoogleDrive-sfn.gns@gmail.com/Il mio Drive/Database Finanziario/Finance Database/archive/eusbtc.csv,eusbtc.csv,.csv,other,0.0697,2022-09-28T10:18:12+00:00,31998.11,Finance Database/archive,True
Finance Database/archive/eurust.csv,/Users/itsgennymac/Library/CloudStorage/GoogleDrive-sfn.gns@gmail.com/Il mio Drive/Database Finanziario/Finance Database/archive/eurust.csv,eurust.csv,.csv,other,18.0585,2022-09-28T10:18:12+00:00,31998.11,Finance Database/archive,True
Finance Database/archive/eurf0-ustf0.csv,/Users/itsgennymac/Library/CloudStorage/GoogleDrive-sfn.gns@gmail.com/Il mio Drive/Database Finanziario/Finance Database/archive/eurf0-ustf0.csv,eurf0-ustf0.csv,.csv,other,0.2923,2022-09-28T10:18:12+00:00,31998.11,Finance Database/archive,True
Finance Database/archive/europe50ixf0-ustf0.csv,/Users/itsgennymac/Library/CloudStorage/GoogleDrive-sfn.gns@gmail.com/Il mio Drive/Database Finanziario/Finance Database/archive/europe50ixf0-ustf0.csv,europe50ixf0-ustf0.csv,.csv,other,0.0945,2022-09-28T10:18:12+00:00,31998.11,Finance Database/archive,True
Finance Database/archive/euteur.csv,/Users/itsgennymac/Library/CloudStorage/GoogleDrive-sfn.gns@gmail.com/Il mio Drive/Database Finanziario/Finance Database/archive/euteur.csv,euteur.csv,.csv,other,15.5028,2022-09-28T10:18:12+00:00,31998.11,Finance Database/archive,True
Finance Database/archive/eususd.csv,/Users/itsgennymac/Library/CloudStorage/GoogleDrive-sfn.gns@gmail.com/Il mio Drive/Database Finanziario/Finance Database/archive/eususd.csv,eususd.csv,.csv,other,0.2816,2022-09-28T10:18:12+00:00,31998.11,Finance Database/archive,True
Cripto_MinuteTimeSeries/etpusd.csv,/Users/itsgennymac/Library/CloudStorage/GoogleDrive-sfn.gns@gmail.com/Il mio Drive/Database Finanziario/Cripto_MinuteTimeSeries/etpusd.csv,etpusd.csv,.csv,other,35.621,2022-09-28T10:18:08+00:00,31998.11,Cripto_MinuteTimeSeries,True
Cripto_MinuteTimeSeries/etpeth.csv,/Users/itsgennymac/Library/CloudStorage/GoogleDrive-sfn.gns@gmail.com/Il mio Drive/Database Finanziario/Cripto_MinuteTimeSeries/etpeth.csv,etpeth.csv,.csv,other,8.9973,2022-09-28T10:18:08+00:00,31998.11,Cripto_MinuteTimeSeries,True
Cripto_MinuteTimeSeries/etpbtc.csv,/Users/itsgennymac/Library/CloudStorage/GoogleDrive-sfn.gns@gmail.com/Il mio Drive/Database Finanziario/Cripto_MinuteTimeSeries/etpbtc.csv,etpbtc.csv,.csv,other,18.0147,2022-09-28T10:18:08+00:00,31998.11,Cripto_MinuteTimeSeries,True
Finance Database/archive/etpusd.csv,/Users/itsgennymac/Library/CloudStorage/GoogleDrive-sfn.gns@gmail.com/Il mio Drive/Database Finanziario/Finance Database/archive/etpusd.csv,etpusd.csv,.csv,other,35.621,2022-09-28T10:18:08+00:00,31998.11,Finance Database/archive,True
Finance Database/archive/etpeth.csv,/Users/itsgennymac/Library/CloudStorage/GoogleDrive-sfn.gns@gmail.com/Il mio Drive/Database Finanziario/Finance Database/archive/etpeth.csv,etpeth.csv,.csv,other,8.9973,2022-09-28T10:18:08+00:00,31998.11,Finance Database/archive,True
Finance Database/archive/etpbtc.csv,/Users/itsgennymac/Library/CloudStorage/GoogleDrive-sfn.gns@gmail.com/Il mio Drive/Database Finanziario/Finance Database/archive/etpbtc.csv,etpbtc.csv,.csv,other,18.0147,2022-09-28T10:18:08+00:00,31998.11,Finance Database/archive,True
Cripto_MinuteTimeSeries/ethf0-ustf0.csv,/Users/itsgennymac/Library/CloudStorage/GoogleDrive-sfn.gns@gmail.com/Il mio Drive/Database Finanziario/Cripto_MinuteTimeSeries/ethf0-ustf0.csv,ethf0-ustf0.csv,.csv,other,0.9095,2022-09-28T10:17:38+00:00,31998.12,Cripto_MinuteTimeSeries,True
Cripto_MinuteTimeSeries/ethgbp.csv,/Users/itsgennymac/Library/CloudStorage/GoogleDrive-sfn.gns@gmail.com/Il mio Drive/Database Finanziario/Cripto_MinuteTimeSeries/ethgbp.csv,ethgbp.csv,.csv,other,41.7636,2022-09-28T10:17:38+00:00,31998.12,Cripto_MinuteTimeSeries,True
Cripto_MinuteTimeSeries/ethf0-btcf0.csv,/Users/itsgennymac/Library/CloudStorage/GoogleDrive-sfn.gns@gmail.com/Il mio Drive/Database Finanziario/Cripto_MinuteTimeSeries/ethf0-btcf0.csv,ethf0-btcf0.csv,.csv,other,0.4214,2022-09-28T10:17:38+00:00,31998.12,Cripto_MinuteTimeSeries,True
Cripto_MinuteTimeSeries/etheut.csv,/Users/itsgennymac/Library/CloudStorage/GoogleDrive-sfn.gns@gmail.com/Il mio Drive/Database Finanziario/Cripto_MinuteTimeSeries/etheut.csv,etheut.csv,.csv,other,20.7316,2022-09-28T10:17:38+00:00,31998.12,Cripto_MinuteTimeSeries,True
Finance Database/archive/ethf0-ustf0.csv,/Users/itsgennymac/Library/CloudStorage/GoogleDrive-sfn.gns@gmail.com/Il mio Drive/Database Finanziario/Finance Database/archive/ethf0-ustf0.csv,ethf0-ustf0.csv,.csv,other,0.9095,2022-09-28T10:17:38+00:00,31998.12,Finance Database/archive,True
Finance Database/archive/ethgbp.csv,/Users/itsgennymac/Library/CloudStorage/GoogleDrive-sfn.gns@gmail.com/Il mio Drive/Database Finanziario/Finance Database/archive/ethgbp.csv,ethgbp.csv,.csv,other,41.7636,2022-09-28T10:17:38+00:00,31998.12,Finance Database/archive,True
Finance Database/archive/ethf0-btcf0.csv,/Users/itsgennymac/Library/CloudStorage/GoogleDrive-sfn.gns@gmail.com/Il mio Drive/Database Finanziario/Finance Database/archive/ethf0-btcf0.csv,ethf0-btcf0.csv,.csv,other,0.4214,2022-09-28T10:17:38+00:00,31998.12,Finance Database/archive,True
Finance Database/archive/etheut.csv,/Users/itsgennymac/Library/CloudStorage/GoogleDrive-sfn.gns@gmail.com/Il mio Drive/Database Finanziario/Finance Database/archive/etheut.csv,etheut.csv,.csv,other,20.7316,2022-09-28T10:17:38+00:00,31998.12,Finance Database/archive,True
Cripto_MinuteTimeSeries/etcust.csv,/Users/itsgennymac/Library/CloudStorage/GoogleDrive-sfn.gns@gmail.com/Il mio Drive/Database Finanziario/Cripto_MinuteTimeSeries/etcust.csv,etcust.csv,.csv,other,8.2062,2022-09-28T10:17:22+00:00,31998.12,Cripto_MinuteTimeSeries,True
Cripto_MinuteTimeSeries/eth2x-ust.csv,/Users/itsgennymac/Library/CloudStorage/GoogleDrive-sfn.gns@gmail.com/Il mio Drive/Database Finanziario/Cripto_MinuteTimeSeries/eth2x-ust.csv,eth2x-ust.csv,.csv,other,0.0014,2022-09-28T10:17:22+00:00,31998.12,Cripto_MinuteTimeSeries,True
Cripto_MinuteTimeSeries/eth2x-usd.csv,/Users/itsgennymac/Library/CloudStorage/GoogleDrive-sfn.gns@gmail.com/Il mio Drive/Database Finanziario/Cripto_MinuteTimeSeries/eth2x-usd.csv,eth2x-usd.csv,.csv,other,0.0029,2022-09-28T10:17:22+00:00,31998.12,Cripto_MinuteTimeSeries,True
Cripto_MinuteTimeSeries/eth2x-eth.csv,/Users/itsgennymac/Library/CloudStorage/GoogleDrive-sfn.gns@gmail.com/Il mio Drive/Database Finanziario/Cripto_MinuteTimeSeries/eth2x-eth.csv,eth2x-eth.csv,.csv,other,0.0045,2022-09-28T10:17:22+00:00,31998.12,Cripto_MinuteTimeSeries,True
Finance Database/archive/etcust.csv,/Users/itsgennymac/Library/CloudStorage/GoogleDrive-sfn.gns@gmail.com/Il mio Drive/Database Finanziario/Finance Database/archive/etcust.csv,etcust.csv,.csv,other,8.2062,2022-09-28T10:17:22+00:00,31998.12,Finance Database/archive,True
Finance Database/archive/eth2x-ust.csv,/Users/itsgennymac/Library/CloudStorage/GoogleDrive-sfn.gns@gmail.com/Il mio Drive/Database Finanziario/Finance Database/archive/eth2x-ust.csv,eth2x-ust.csv,.csv,other,0.0014,2022-09-28T10:17:22+00:00,31998.12,Finance Database/archive,True
Finance Database/archive/eth2x-usd.csv,/Users/itsgennymac/Library/CloudStorage/GoogleDrive-sfn.gns@gmail.com/Il mio Drive/Database Finanziario/Finance Database/archive/eth2x-usd.csv,eth2x-usd.csv,.csv,other,0.0029,2022-09-28T10:17:22+00:00,31998.12,Finance Database/archive,True
Finance Database/archive/eth2x-eth.csv,/Users/itsgennymac/Library/CloudStorage/GoogleDrive-sfn.gns@gmail.com/Il mio Drive/Database Finanziario/Finance Database/archive/eth2x-eth.csv,eth2x-eth.csv,.csv,other,0.0045,2022-09-28T10:17:22+00:00,31998.12,Finance Database/archive,True
Cripto_MinuteTimeSeries/essusd.csv,/Users/itsgennymac/Library/CloudStorage/GoogleDrive-sfn.gns@gmail.com/Il mio Drive/Database Finanziario/Cripto_MinuteTimeSeries/essusd.csv,essusd.csv,.csv,other,12.3434,2022-09-28T10:17:12+00:00,31998.12,Cripto_MinuteTimeSeries,True
Finance Database/archive/essusd.csv,/Users/itsgennymac/Library/CloudStorage/GoogleDrive-sfn.gns@gmail.com/Il mio Drive/Database Finanziario/Finance Database/archive/essusd.csv,essusd.csv,.csv,other,12.3434,2022-09-28T10:17:12+00:00,31998.12,Finance Database/archive,True
Cripto_MinuteTimeSeries/eosust.csv,/Users/itsgennymac/Library/CloudStorage/GoogleDrive-sfn.gns@gmail.com/Il mio Drive/Database Finanziario/Cripto_MinuteTimeSeries/eosust.csv,eosust.csv,.csv,other,23.6127,2022-09-28T10:17:10+00:00,31998.12,Cripto_MinuteTimeSeries,True
Finance Database/archive/eosust.csv,/Users/itsgennymac/Library/CloudStorage/GoogleDrive-sfn.gns@gmail.com/Il mio Drive/Database Finanziario/Finance Database/archive/eosust.csv,eosust.csv,.csv,other,23.6127,2022-09-28T10:17:10+00:00,31998.12,Finance Database/archive,True
Cripto_MinuteTimeSeries/eosjpy.csv,/Users/itsgennymac/Library/CloudStorage/GoogleDrive-sfn.gns@gmail.com/Il mio Drive/Database Finanziario/Cripto_MinuteTimeSeries/eosjpy.csv,eosjpy.csv,.csv,other,18.1235,2022-09-28T10:17:00+00:00,31998.13,Cripto_MinuteTimeSeries,True
Finance Database/archive/eosjpy.csv,/Users/itsgennymac/Library/CloudStorage/GoogleDrive-sfn.gns@gmail.com/Il mio Drive/Database Finanziario/Finance Database/archive/eosjpy.csv,eosjpy.csv,.csv,other,18.1235,2022-09-28T10:17:00+00:00,31998.13,Finance Database/archive,True
Cripto_MinuteTimeSeries/eosgbp.csv,/Users/itsgennymac/Library/CloudStorage/GoogleDrive-sfn.gns@gmail.com/Il mio Drive/Database Finanziario/Cripto_MinuteTimeSeries/eosgbp.csv,eosgbp.csv,.csv,other,8.2591,2022-09-28T10:16:58+00:00,31998.13,Cripto_MinuteTimeSeries,True
Cripto_MinuteTimeSeries/eosf0-ustf0.csv,/Users/itsgennymac/Library/CloudStorage/GoogleDrive-sfn.gns@gmail.com/Il mio Drive/Database Finanziario/Cripto_MinuteTimeSeries/eosf0-ustf0.csv,eosf0-ustf0.csv,.csv,other,0.8515,2022-09-28T10:16:58+00:00,31998.13,Cripto_MinuteTimeSeries,True
Finance Database/archive/eosgbp.csv,/Users/itsgennymac/Library/CloudStorage/GoogleDrive-sfn.gns@gmail.com/Il mio Drive/Database Finanziario/Finance Database/archive/eosgbp.csv,eosgbp.csv,.csv,other,8.2591,2022-09-28T10:16:58+00:00,31998.13,Finance Database/archive,True
Finance Database/archive/eosf0-ustf0.csv,/Users/itsgennymac/Library/CloudStorage/GoogleDrive-sfn.gns@gmail.com/Il mio Drive/Database Finanziario/Finance Database/archive/eosf0-ustf0.csv,eosf0-ustf0.csv,.csv,other,0.8515,2022-09-28T10:16:58+00:00,31998.13,Finance Database/archive,True
Cripto_MinuteTimeSeries/eoseur.csv,/Users/itsgennymac/Library/CloudStorage/GoogleDrive-sfn.gns@gmail.com/Il mio Drive/Database Finanziario/Cripto_MinuteTimeSeries/eoseur.csv,eoseur.csv,.csv,other,27.7023,2022-09-28T10:16:56+00:00,31998.13,Cripto_MinuteTimeSeries,True
Finance Database/archive/eoseur.csv,/Users/itsgennymac/Library/CloudStorage/GoogleDrive-sfn.gns@gmail.com/Il mio Drive/Database Finanziario/Finance Database/archive/eoseur.csv,eoseur.csv,.csv,other,27.7023,2022-09-28T10:16:56+00:00,31998.13,Finance Database/archive,True
Cripto_MinuteTimeSeries/eoseth.csv,/Users/itsgennymac/Library/CloudStorage/GoogleDrive-sfn.gns@gmail.com/Il mio Drive/Database Finanziario/Cripto_MinuteTimeSeries/eoseth.csv,eoseth.csv,.csv,other,44.2431,2022-09-28T10:16:54+00:00,31998.13,Cripto_MinuteTimeSeries,True
Cripto_MinuteTimeSeries/eosdt-usd.csv,/Users/itsgennymac/Library/CloudStorage/GoogleDrive-sfn.gns@gmail.com/Il mio Drive/Database Finanziario/Cripto_MinuteTimeSeries/eosdt-usd.csv,eosdt-usd.csv,.csv,other,0.0076,2022-09-28T10:16:54+00:00,31998.13,Cripto_MinuteTimeSeries,True
Cripto_MinuteTimeSeries/eosdt-ust.csv,/Users/itsgennymac/Library/CloudStorage/GoogleDrive-sfn.gns@gmail.com/Il mio Drive/Database Finanziario/Cripto_MinuteTimeSeries/eosdt-ust.csv,eosdt-ust.csv,.csv,other,0.0036,2022-09-28T10:16:54+00:00,31998.13,Cripto_MinuteTimeSeries,True
Finance Database/archive/eoseth.csv,/Users/itsgennymac/Library/CloudStorage/GoogleDrive-sfn.gns@gmail.com/Il mio Drive/Database Finanziario/Finance Database/archive/eoseth.csv,eoseth.csv,.csv,other,44.2431,2022-09-28T10:16:54+00:00,31998.13,Finance Database/archive,True
Finance Database/archive/eosdt-usd.csv,/Users/itsgennymac/Library/CloudStorage/GoogleDrive-sfn.gns@gmail.com/Il mio Drive/Database Finanziario/Finance Database/archive/eosdt-usd.csv,eosdt-usd.csv,.csv,other,0.0076,2022-09-28T10:16:54+00:00,31998.13,Finance Database/archive,True
Finance Database/archive/eosdt-ust.csv,/Users/itsgennymac/Library/CloudStorage/GoogleDrive-sfn.gns@gmail.com/Il mio Drive/Database Finanziario/Finance Database/archive/eosdt-ust.csv,eosdt-ust.csv,.csv,other,0.0036,2022-09-28T10:16:54+00:00,31998.13,Finance Database/archive,True
Cripto_MinuteTimeSeries/enjusd.csv,/Users/itsgennymac/Library/CloudStorage/GoogleDrive-sfn.gns@gmail.com/Il mio Drive/Database Finanziario/Cripto_MinuteTimeSeries/enjusd.csv,enjusd.csv,.csv,other,3.3952,2022-09-28T10:16:50+00:00,31998.13,Cripto_MinuteTimeSeries,True
Cripto_MinuteTimeSeries/egld-ust.csv,/Users/itsgennymac/Library/CloudStorage/GoogleDrive-sfn.gns@gmail.com/Il mio Drive/Database Finanziario/Cripto_MinuteTimeSeries/egld-ust.csv,egld-ust.csv,.csv,other,0.2245,2022-09-28T10:16:50+00:00,31998.13,Cripto_MinuteTimeSeries,True
Cripto_MinuteTimeSeries/egld-usd.csv,/Users/itsgennymac/Library/CloudStorage/GoogleDrive-sfn.gns@gmail.com/Il mio Drive/Database Finanziario/Cripto_MinuteTimeSeries/egld-usd.csv,egld-usd.csv,.csv,other,0.3327,2022-09-28T10:16:50+00:00,31998.13,Cripto_MinuteTimeSeries,True
Finance Database/archive/enjusd.csv,/Users/itsgennymac/Library/CloudStorage/GoogleDrive-sfn.gns@gmail.com/Il mio Drive/Database Finanziario/Finance Database/archive/enjusd.csv,enjusd.csv,.csv,other,3.3952,2022-09-28T10:16:50+00:00,31998.13,Finance Database/archive,True
Finance Database/archive/egld-ust.csv,/Users/itsgennymac/Library/CloudStorage/GoogleDrive-sfn.gns@gmail.com/Il mio Drive/Database Finanziario/Finance Database/archive/egld-ust.csv,egld-ust.csv,.csv,other,0.2245,2022-09-28T10:16:50+00:00,31998.13,Finance Database/archive,True
Finance Database/archive/egld-usd.csv,/Users/itsgennymac/Library/CloudStorage/GoogleDrive-sfn.gns@gmail.com/Il mio Drive/Database Finanziario/Finance Database/archive/egld-usd.csv,egld-usd.csv,.csv,other,0.3327,2022-09-28T10:16:50+00:00,31998.13,Finance Database/archive,True
Cripto_MinuteTimeSeries/edoeth.csv,/Users/itsgennymac/Library/CloudStorage/GoogleDrive-sfn.gns@gmail.com/Il mio Drive/Database Finanziario/Cripto_MinuteTimeSeries/edoeth.csv,edoeth.csv,.csv,other,5.8849,2022-09-28T10:16:48+00:00,31998.13,Cripto_MinuteTimeSeries,True
Cripto_MinuteTimeSeries/edousd.csv,/Users/itsgennymac/Library/CloudStorage/GoogleDrive-sfn.gns@gmail.com/Il mio Drive/Database Finanziario/Cripto_MinuteTimeSeries/edousd.csv,edousd.csv,.csv,other,18.8478,2022-09-28T10:16:48+00:00,31998.13,Cripto_MinuteTimeSeries,True
Cripto_MinuteTimeSeries/dusk-btc.csv,/Users/itsgennymac/Library/CloudStorage/GoogleDrive-sfn.gns@gmail.com/Il mio Drive/Database Finanziario/Cripto_MinuteTimeSeries/dusk-btc.csv,dusk-btc.csv,.csv,other,0.0335,2022-09-28T10:16:48+00:00,31998.13,Cripto_MinuteTimeSeries,True
Cripto_MinuteTimeSeries/dtxusd.csv,/Users/itsgennymac/Library/CloudStorage/GoogleDrive-sfn.gns@gmail.com/Il mio Drive/Database Finanziario/Cripto_MinuteTimeSeries/dtxusd.csv,dtxusd.csv,.csv,other,0.4867,2022-09-28T10:16:48+00:00,31998.13,Cripto_MinuteTimeSeries,True
Cripto_MinuteTimeSeries/dvfusd.csv,/Users/itsgennymac/Library/CloudStorage/GoogleDrive-sfn.gns@gmail.com/Il mio Drive/Database Finanziario/Cripto_MinuteTimeSeries/dvfusd.csv,dvfusd.csv,.csv,other,0.3528,2022-09-28T10:16:48+00:00,31998.13,Cripto_MinuteTimeSeries,True
Cripto_MinuteTimeSeries/dusk-usd.csv,/Users/itsgennymac/Library/CloudStorage/GoogleDrive-sfn.gns@gmail.com/Il mio Drive/Database Finanziario/Cripto_MinuteTimeSeries/dusk-usd.csv,dusk-usd.csv,.csv,other,0.059,2022-09-28T10:16:48+00:00,31998.13,Cripto_MinuteTimeSeries,True
Cripto_MinuteTimeSeries/edobtc.csv,/Users/itsgennymac/Library/CloudStorage/GoogleDrive-sfn.gns@gmail.com/Il mio Drive/Database Finanziario/Cripto_MinuteTimeSeries/edobtc.csv,edobtc.csv,.csv,other,11.4453,2022-09-28T10:16:48+00:00,31998.13,Cripto_MinuteTimeSeries,True
Cripto_MinuteTimeSeries/dtausd.csv,/Users/itsgennymac/Library/CloudStorage/GoogleDrive-sfn.gns@gmail.com/Il mio Drive/Database Finanziario/Cripto_MinuteTimeSeries/dtausd.csv,dtausd.csv,.csv,other,0.2722,2022-09-28T10:16:48+00:00,31998.13,Cripto_MinuteTimeSeries,True
Finance Database/archive/edoeth.csv,/Users/itsgennymac/Library/CloudStorage/GoogleDrive-sfn.gns@gmail.com/Il mio Drive/Database Finanziario/Finance Database/archive/edoeth.csv,edoeth.csv,.csv,other,5.8849,2022-09-28T10:16:48+00:00,31998.13,Finance Database/archive,True
Finance Database/archive/edousd.csv,/Users/itsgennymac/Library/CloudStorage/GoogleDrive-sfn.gns@gmail.com/Il mio Drive/Database Finanziario/Finance Database/archive/edousd.csv,edousd.csv,.csv,other,18.8478,2022-09-28T10:16:48+00:00,31998.13,Finance Database/archive,True
Finance Database/archive/dusk-btc.csv,/Users/itsgennymac/Library/CloudStorage/GoogleDrive-sfn.gns@gmail.com/Il mio Drive/Database Finanziario/Finance Database/archive/dusk-btc.csv,dusk-btc.csv,.csv,other,0.0335,2022-09-28T10:16:48+00:00,31998.13,Finance Database/archive,True
Finance Database/archive/dtxusd.csv,/Users/itsgennymac/Library/CloudStorage/GoogleDrive-sfn.gns@gmail.com/Il mio Drive/Database Finanziario/Finance Database/archive/dtxusd.csv,dtxusd.csv,.csv,other,0.4867,2022-09-28T10:16:48+00:00,31998.13,Finance Database/archive,True
Finance Database/archive/dvfusd.csv,/Users/itsgennymac/Library/CloudStorage/GoogleDrive-sfn.gns@gmail.com/Il mio Drive/Database Finanziario/Finance Database/archive/dvfusd.csv,dvfusd.csv,.csv,other,0.3528,2022-09-28T10:16:48+00:00,31998.13,Finance Database/archive,True
Finance Database/archive/dusk-usd.csv,/Users/itsgennymac/Library/CloudStorage/GoogleDrive-sfn.gns@gmail.com/Il mio Drive/Database Finanziario/Finance Database/archive/dusk-usd.csv,dusk-usd.csv,.csv,other,0.059,2022-09-28T10:16:48+00:00,31998.13,Finance Database/archive,True
Finance Database/archive/edobtc.csv,/Users/itsgennymac/Library/CloudStorage/GoogleDrive-sfn.gns@gmail.com/Il mio Drive/Database Finanziario/Finance Database/archive/edobtc.csv,edobtc.csv,.csv,other,11.4453,2022-09-28T10:16:48+00:00,31998.13,Finance Database/archive,True
Finance Database/archive/dtausd.csv,/Users/itsgennymac/Library/CloudStorage/GoogleDrive-sfn.gns@gmail.com/Il mio Drive/Database Finanziario/Finance Database/archive/dtausd.csv,dtausd.csv,.csv,other,0.2722,2022-09-28T10:16:48+00:00,31998.13,Finance Database/archive,True
Cripto_MinuteTimeSeries/drnusd.csv,/Users/itsgennymac/Library/CloudStorage/GoogleDrive-sfn.gns@gmail.com/Il mio Drive/Database Finanziario/Cripto_MinuteTimeSeries/drnusd.csv,drnusd.csv,.csv,other,0.1062,2022-09-28T10:16:40+00:00,31998.13,Cripto_MinuteTimeSeries,True
Finance Database/archive/drnusd.csv,/Users/itsgennymac/Library/CloudStorage/GoogleDrive-sfn.gns@gmail.com/Il mio Drive/Database Finanziario/Finance Database/archive/drnusd.csv,drnusd.csv,.csv,other,0.1062,2022-09-28T10:16:40+00:00,31998.13,Finance Database/archive,True
Cripto_MinuteTimeSeries/dotust.csv,/Users/itsgennymac/Library/CloudStorage/GoogleDrive-sfn.gns@gmail.com/Il mio Drive/Database Finanziario/Cripto_MinuteTimeSeries/dotust.csv,dotust.csv,.csv,other,28.3387,2022-09-28T10:16:36+00:00,31998.13,Cripto_MinuteTimeSeries,True
Finance Database/archive/dotust.csv,/Users/itsgennymac/Library/CloudStorage/GoogleDrive-sfn.gns@gmail.com/Il mio Drive/Database Finanziario/Finance Database/archive/dotust.csv,dotust.csv,.csv,other,28.3387,2022-09-28T10:16:36+00:00,31998.13,Finance Database/archive,True
Cripto_MinuteTimeSeries/dotf0-btcf0.csv,/Users/itsgennymac/Library/CloudStorage/GoogleDrive-sfn.gns@gmail.com/Il mio Drive/Database Finanziario/Cripto_MinuteTimeSeries/dotf0-btcf0.csv,dotf0-btcf0.csv,.csv,other,0.3153,2022-09-28T10:16:34+00:00,31998.13,Cripto_MinuteTimeSeries,True
Cripto_MinuteTimeSeries/dotf0-ustf0.csv,/Users/itsgennymac/Library/CloudStorage/GoogleDrive-sfn.gns@gmail.com/Il mio Drive/Database Finanziario/Cripto_MinuteTimeSeries/dotf0-ustf0.csv,dotf0-ustf0.csv,.csv,other,1.2834,2022-09-28T10:16:34+00:00,31998.13,Cripto_MinuteTimeSeries,True
Cripto_MinuteTimeSeries/dotusd.csv,/Users/itsgennymac/Library/CloudStorage/GoogleDrive-sfn.gns@gmail.com/Il mio Drive/Database Finanziario/Cripto_MinuteTimeSeries/dotusd.csv,dotusd.csv,.csv,other,39.4681,2022-09-28T10:16:34+00:00,31998.13,Cripto_MinuteTimeSeries,True
Finance Database/archive/dotf0-btcf0.csv,/Users/itsgennymac/Library/CloudStorage/GoogleDrive-sfn.gns@gmail.com/Il mio Drive/Database Finanziario/Finance Database/archive/dotf0-btcf0.csv,dotf0-btcf0.csv,.csv,other,0.3153,2022-09-28T10:16:34+00:00,31998.13,Finance Database/archive,True
Finance Database/archive/dotf0-ustf0.csv,/Users/itsgennymac/Library/CloudStorage/GoogleDrive-sfn.gns@gmail.com/Il mio Drive/Database Finanziario/Finance Database/archive/dotf0-ustf0.csv,dotf0-ustf0.csv,.csv,other,1.2834,2022-09-28T10:16:34+00:00,31998.13,Finance Database/archive,True
Finance Database/archive/dotusd.csv,/Users/itsgennymac/Library/CloudStorage/GoogleDrive-sfn.gns@gmail.com/Il mio Drive/Database Finanziario/Finance Database/archive/dotusd.csv,dotusd.csv,.csv,other,39.4681,2022-09-28T10:16:34+00:00,31998.13,Finance Database/archive,True
Cripto_MinuteTimeSeries/dogust.csv,/Users/itsgennymac/Library/CloudStorage/GoogleDrive-sfn.gns@gmail.com/Il mio Drive/Database Finanziario/Cripto_MinuteTimeSeries/dogust.csv,dogust.csv,.csv,other,9.9237,2022-09-28T10:16:32+00:00,31998.14,Cripto_MinuteTimeSeries,True
Cripto_MinuteTimeSeries/dotbtc.csv,/Users/itsgennymac/Library/CloudStorage/GoogleDrive-sfn.gns@gmail.com/Il mio Drive/Database Finanziario/Cripto_MinuteTimeSeries/dotbtc.csv,dotbtc.csv,.csv,other,19.7729,2022-09-28T10:16:32+00:00,31998.14,Cripto_MinuteTimeSeries,True
Finance Database/archive/dogust.csv,/Users/itsgennymac/Library/CloudStorage/GoogleDrive-sfn.gns@gmail.com/Il mio Drive/Database Finanziario/Finance Database/archive/dogust.csv,dogust.csv,.csv,other,9.9237,2022-09-28T10:16:32+00:00,31998.14,Finance Database/archive,True
Finance Database/archive/dotbtc.csv,/Users/itsgennymac/Library/CloudStorage/GoogleDrive-sfn.gns@gmail.com/Il mio Drive/Database Finanziario/Finance Database/archive/dotbtc.csv,dotbtc.csv,.csv,other,19.7729,2022-09-28T10:16:32+00:00,31998.14,Finance Database/archive,True
Cripto_MinuteTimeSeries/dogusd.csv,/Users/itsgennymac/Library/CloudStorage/GoogleDrive-sfn.gns@gmail.com/Il mio Drive/Database Finanziario/Cripto_MinuteTimeSeries/dogusd.csv,dogusd.csv,.csv,other,10.5045,2022-09-28T10:16:30+00:00,31998.14,Cripto_MinuteTimeSeries,True
Cripto_MinuteTimeSeries/dogef0-ustf0.csv,/Users/itsgennymac/Library/CloudStorage/GoogleDrive-sfn.gns@gmail.com/Il mio Drive/Database Finanziario/Cripto_MinuteTimeSeries/dogef0-ustf0.csv,dogef0-ustf0.csv,.csv,other,0.9091,2022-09-28T10:16:30+00:00,31998.14,Cripto_MinuteTimeSeries,True
Cripto_MinuteTimeSeries/doge-usd.csv,/Users/itsgennymac/Library/CloudStorage/GoogleDrive-sfn.gns@gmail.com/Il mio Drive/Database Finanziario/Cripto_MinuteTimeSeries/doge-usd.csv,doge-usd.csv,.csv,other,1.4471,2022-09-28T10:16:30+00:00,31998.14,Cripto_MinuteTimeSeries,True
Cripto_MinuteTimeSeries/dogbtc.csv,/Users/itsgennymac/Library/CloudStorage/GoogleDrive-sfn.gns@gmail.com/Il mio Drive/Database Finanziario/Cripto_MinuteTimeSeries/dogbtc.csv,dogbtc.csv,.csv,other,8.5617,2022-09-28T10:16:30+00:00,31998.14,Cripto_MinuteTimeSeries,True
Cripto_MinuteTimeSeries/doge-ust.csv,/Users/itsgennymac/Library/CloudStorage/GoogleDrive-sfn.gns@gmail.com/Il mio Drive/Database Finanziario/Cripto_MinuteTimeSeries/doge-ust.csv,doge-ust.csv,.csv,other,0.8249,2022-09-28T10:16:30+00:00,31998.14,Cripto_MinuteTimeSeries,True
Cripto_MinuteTimeSeries/dgxusd.csv,/Users/itsgennymac/Library/CloudStorage/GoogleDrive-sfn.gns@gmail.com/Il mio Drive/Database Finanziario/Cripto_MinuteTimeSeries/dgxusd.csv,dgxusd.csv,.csv,other,3.2105,2022-09-28T10:16:30+00:00,31998.14,Cripto_MinuteTimeSeries,True
Finance Database/archive/dogusd.csv,/Users/itsgennymac/Library/CloudStorage/GoogleDrive-sfn.gns@gmail.com/Il mio Drive/Database Finanziario/Finance Database/archive/dogusd.csv,dogusd.csv,.csv,other,10.5045,2022-09-28T10:16:30+00:00,31998.14,Finance Database/archive,True
Finance Database/archive/dogef0-ustf0.csv,/Users/itsgennymac/Library/CloudStorage/GoogleDrive-sfn.gns@gmail.com/Il mio Drive/Database Finanziario/Finance Database/archive/dogef0-ustf0.csv,dogef0-ustf0.csv,.csv,other,0.9091,2022-09-28T10:16:30+00:00,31998.14,Finance Database/archive,True
Finance Database/archive/doge-usd.csv,/Users/itsgennymac/Library/CloudStorage/GoogleDrive-sfn.gns@gmail.com/Il mio Drive/Database Finanziario/Finance Database/archive/doge-usd.csv,doge-usd.csv,.csv,other,1.4471,2022-09-28T10:16:30+00:00,31998.14,Finance Database/archive,True
Finance Database/archive/dogbtc.csv,/Users/itsgennymac/Library/CloudStorage/GoogleDrive-sfn.gns@gmail.com/Il mio Drive/Database Finanziario/Finance Database/archive/dogbtc.csv,dogbtc.csv,.csv,other,8.5617,2022-09-28T10:16:30+00:00,31998.14,Finance Database/archive,True
Finance Database/archive/doge-ust.csv,/Users/itsgennymac/Library/CloudStorage/GoogleDrive-sfn.gns@gmail.com/Il mio Drive/Database Finanziario/Finance Database/archive/doge-ust.csv,doge-ust.csv,.csv,other,0.8249,2022-09-28T10:16:30+00:00,31998.14,Finance Database/archive,True
Finance Database/archive/dgxusd.csv,/Users/itsgennymac/Library/CloudStorage/GoogleDrive-sfn.gns@gmail.com/Il mio Drive/Database Finanziario/Finance Database/archive/dgxusd.csv,dgxusd.csv,.csv,other,3.2105,2022-09-28T10:16:30+00:00,31998.14,Finance Database/archive,True
Cripto_MinuteTimeSeries/datusd.csv,/Users/itsgennymac/Library/CloudStorage/GoogleDrive-sfn.gns@gmail.com/Il mio Drive/Database Finanziario/Cripto_MinuteTimeSeries/datusd.csv,datusd.csv,.csv,other,20.4307,2022-09-28T10:16:28+00:00,31998.14,Cripto_MinuteTimeSeries,True
Cripto_MinuteTimeSeries/dcrusd.csv,/Users/itsgennymac/Library/CloudStorage/GoogleDrive-sfn.gns@gmail.com/Il mio Drive/Database Finanziario/Cripto_MinuteTimeSeries/dcrusd.csv,dcrusd.csv,.csv,other,0.0649,2022-09-28T10:16:28+00:00,31998.14,Cripto_MinuteTimeSeries,True
Cripto_MinuteTimeSeries/dgbusd.csv,/Users/itsgennymac/Library/CloudStorage/GoogleDrive-sfn.gns@gmail.com/Il mio Drive/Database Finanziario/Cripto_MinuteTimeSeries/dgbusd.csv,dgbusd.csv,.csv,other,12.627,2022-09-28T10:16:28+00:00,31998.14,Cripto_MinuteTimeSeries,True
Finance Database/archive/datusd.csv,/Users/itsgennymac/Library/CloudStorage/GoogleDrive-sfn.gns@gmail.com/Il mio Drive/Database Finanziario/Finance Database/archive/datusd.csv,datusd.csv,.csv,other,20.4307,2022-09-28T10:16:28+00:00,31998.14,Finance Database/archive,True
Finance Database/archive/dcrusd.csv,/Users/itsgennymac/Library/CloudStorage/GoogleDrive-sfn.gns@gmail.com/Il mio Drive/Database Finanziario/Finance Database/archive/dcrusd.csv,dcrusd.csv,.csv,other,0.0649,2022-09-28T10:16:28+00:00,31998.14,Finance Database/archive,True
Finance Database/archive/dgbusd.csv,/Users/itsgennymac/Library/CloudStorage/GoogleDrive-sfn.gns@gmail.com/Il mio Drive/Database Finanziario/Finance Database/archive/dgbusd.csv,dgbusd.csv,.csv,other,12.627,2022-09-28T10:16:28+00:00,31998.14,Finance Database/archive,True
Cripto_MinuteTimeSeries/daiusd.csv,/Users/itsgennymac/Library/CloudStorage/GoogleDrive-sfn.gns@gmail.com/Il mio Drive/Database Finanziario/Cripto_MinuteTimeSeries/daiusd.csv,daiusd.csv,.csv,other,17.3295,2022-09-28T10:16:26+00:00,31998.14,Cripto_MinuteTimeSeries,True
Cripto_MinuteTimeSeries/dapp-usd.csv,/Users/itsgennymac/Library/CloudStorage/GoogleDrive-sfn.gns@gmail.com/Il mio Drive/Database Finanziario/Cripto_MinuteTimeSeries/dapp-usd.csv,dapp-usd.csv,.csv,other,0.0,2022-09-28T10:16:26+00:00,31998.14,Cripto_MinuteTimeSeries,True
Cripto_MinuteTimeSeries/datbtc.csv,/Users/itsgennymac/Library/CloudStorage/GoogleDrive-sfn.gns@gmail.com/Il mio Drive/Database Finanziario/Cripto_MinuteTimeSeries/datbtc.csv,datbtc.csv,.csv,other,16.3244,2022-09-28T10:16:26+00:00,31998.14,Cripto_MinuteTimeSeries,True
Cripto_MinuteTimeSeries/dapp-ust.csv,/Users/itsgennymac/Library/CloudStorage/GoogleDrive-sfn.gns@gmail.com/Il mio Drive/Database Finanziario/Cripto_MinuteTimeSeries/dapp-ust.csv,dapp-ust.csv,.csv,other,0.0002,2022-09-28T10:16:26+00:00,31998.14,Cripto_MinuteTimeSeries,True
Finance Database/archive/daiusd.csv,/Users/itsgennymac/Library/CloudStorage/GoogleDrive-sfn.gns@gmail.com/Il mio Drive/Database Finanziario/Finance Database/archive/daiusd.csv,daiusd.csv,.csv,other,17.3295,2022-09-28T10:16:26+00:00,31998.14,Finance Database/archive,True
Finance Database/archive/dapp-usd.csv,/Users/itsgennymac/Library/CloudStorage/GoogleDrive-sfn.gns@gmail.com/Il mio Drive/Database Finanziario/Finance Database/archive/dapp-usd.csv,dapp-usd.csv,.csv,other,0.0,2022-09-28T10:16:26+00:00,31998.14,Finance Database/archive,True
Finance Database/archive/datbtc.csv,/Users/itsgennymac/Library/CloudStorage/GoogleDrive-sfn.gns@gmail.com/Il mio Drive/Database Finanziario/Finance Database/archive/datbtc.csv,datbtc.csv,.csv,other,16.3244,2022-09-28T10:16:26+00:00,31998.14,Finance Database/archive,True
Finance Database/archive/dapp-ust.csv,/Users/itsgennymac/Library/CloudStorage/GoogleDrive-sfn.gns@gmail.com/Il mio Drive/Database Finanziario/Finance Database/archive/dapp-ust.csv,dapp-ust.csv,.csv,other,0.0002,2022-09-28T10:16:26+00:00,31998.14,Finance Database/archive,True
Cripto_MinuteTimeSeries/daibtc.csv,/Users/itsgennymac/Library/CloudStorage/GoogleDrive-sfn.gns@gmail.com/Il mio Drive/Database Finanziario/Cripto_MinuteTimeSeries/daibtc.csv,daibtc.csv,.csv,other,11.7437,2022-09-28T10:16:24+00:00,31998.14,Cripto_MinuteTimeSeries,True
Cripto_MinuteTimeSeries/ctxusd.csv,/Users/itsgennymac/Library/CloudStorage/GoogleDrive-sfn.gns@gmail.com/Il mio Drive/Database Finanziario/Cripto_MinuteTimeSeries/ctxusd.csv,ctxusd.csv,.csv,other,0.7187,2022-09-28T10:16:24+00:00,31998.14,Cripto_MinuteTimeSeries,True
Cripto_MinuteTimeSeries/daieth.csv,/Users/itsgennymac/Library/CloudStorage/GoogleDrive-sfn.gns@gmail.com/Il mio Drive/Database Finanziario/Cripto_MinuteTimeSeries/daieth.csv,daieth.csv,.csv,other,11.4594,2022-09-28T10:16:24+00:00,31998.14,Cripto_MinuteTimeSeries,True
Finance Database/archive/daibtc.csv,/Users/itsgennymac/Library/CloudStorage/GoogleDrive-sfn.gns@gmail.com/Il mio Drive/Database Finanziario/Finance Database/archive/daibtc.csv,daibtc.csv,.csv,other,11.7437,2022-09-28T10:16:24+00:00,31998.14,Finance Database/archive,True
Finance Database/archive/ctxusd.csv,/Users/itsgennymac/Library/CloudStorage/GoogleDrive-sfn.gns@gmail.com/Il mio Drive/Database Finanziario/Finance Database/archive/ctxusd.csv,ctxusd.csv,.csv,other,0.7187,2022-09-28T10:16:24+00:00,31998.14,Finance Database/archive,True
Finance Database/archive/daieth.csv,/Users/itsgennymac/Library/CloudStorage/GoogleDrive-sfn.gns@gmail.com/Il mio Drive/Database Finanziario/Finance Database/archive/daieth.csv,daieth.csv,.csv,other,11.4594,2022-09-28T10:16:24+00:00,31998.14,Finance Database/archive,True
Cripto_MinuteTimeSeries/crvust.csv,/Users/itsgennymac/Library/CloudStorage/GoogleDrive-sfn.gns@gmail.com/Il mio Drive/Database Finanziario/Cripto_MinuteTimeSeries/crvust.csv,crvust.csv,.csv,other,8.064,2022-09-28T10:16:22+00:00,31998.14,Cripto_MinuteTimeSeries,True
Cripto_MinuteTimeSeries/ctkust.csv,/Users/itsgennymac/Library/CloudStorage/GoogleDrive-sfn.gns@gmail.com/Il mio Drive/Database Finanziario/Cripto_MinuteTimeSeries/ctkust.csv,ctkust.csv,.csv,other,11.8324,2022-09-28T10:16:22+00:00,31998.14,Cripto_MinuteTimeSeries,True
Cripto_MinuteTimeSeries/ctkusd.csv,/Users/itsgennymac/Library/CloudStorage/GoogleDrive-sfn.gns@gmail.com/Il mio Drive/Database Finanziario/Cripto_MinuteTimeSeries/ctkusd.csv,ctkusd.csv,.csv,other,11.2596,2022-09-28T10:16:22+00:00,31998.14,Cripto_MinuteTimeSeries,True
Finance Database/archive/crvust.csv,/Users/itsgennymac/Library/CloudStorage/GoogleDrive-sfn.gns@gmail.com/Il mio Drive/Database Finanziario/Finance Database/archive/crvust.csv,crvust.csv,.csv,other,8.064,2022-09-28T10:16:22+00:00,31998.14,Finance Database/archive,True
Finance Database/archive/ctkust.csv,/Users/itsgennymac/Library/CloudStorage/GoogleDrive-sfn.gns@gmail.com/Il mio Drive/Database Finanziario/Finance Database/archive/ctkust.csv,ctkust.csv,.csv,other,11.8324,2022-09-28T10:16:22+00:00,31998.14,Finance Database/archive,True
Finance Database/archive/ctkusd.csv,/Users/itsgennymac/Library/CloudStorage/GoogleDrive-sfn.gns@gmail.com/Il mio Drive/Database Finanziario/Finance Database/archive/ctkusd.csv,ctkusd.csv,.csv,other,11.2596,2022-09-28T10:16:22+00:00,31998.14,Finance Database/archive,True
Cripto_MinuteTimeSeries/chzust.csv,/Users/itsgennymac/Library/CloudStorage/GoogleDrive-sfn.gns@gmail.com/Il mio Drive/Database Finanziario/Cripto_MinuteTimeSeries/chzust.csv,chzust.csv,.csv,other,2.9909,2022-09-28T10:16:20+00:00,31998.14,Cripto_MinuteTimeSeries,True
Cripto_MinuteTimeSeries/cnh-cnht.csv,/Users/itsgennymac/Library/CloudStorage/GoogleDrive-sfn.gns@gmail.com/Il mio Drive/Database Finanziario/Cripto_MinuteTimeSeries/cnh-cnht.csv,cnh-cnht.csv,.csv,other,0.0615,2022-09-28T10:16:20+00:00,31998.14,Cripto_MinuteTimeSeries,True
Cripto_MinuteTimeSeries/clousd.csv,/Users/itsgennymac/Library/CloudStorage/GoogleDrive-sfn.gns@gmail.com/Il mio Drive/Database Finanziario/Cripto_MinuteTimeSeries/clousd.csv,clousd.csv,.csv,other,18.6378,2022-09-28T10:16:20+00:00,31998.14,Cripto_MinuteTimeSeries,True
Cripto_MinuteTimeSeries/crvusd.csv,/Users/itsgennymac/Library/CloudStorage/GoogleDrive-sfn.gns@gmail.com/Il mio Drive/Database Finanziario/Cripto_MinuteTimeSeries/crvusd.csv,crvusd.csv,.csv,other,8.1854,2022-09-28T10:16:20+00:00,31998.14,Cripto_MinuteTimeSeries,True
Cripto_MinuteTimeSeries/comp-ust.csv,/Users/itsgennymac/Library/CloudStorage/GoogleDrive-sfn.gns@gmail.com/Il mio Drive/Database Finanziario/Cripto_MinuteTimeSeries/comp-ust.csv,comp-ust.csv,.csv,other,0.2444,2022-09-28T10:16:20+00:00,31998.14,Cripto_MinuteTimeSeries,True
Cripto_MinuteTimeSeries/cndusd.csv,/Users/itsgennymac/Library/CloudStorage/GoogleDrive-sfn.gns@gmail.com/Il mio Drive/Database Finanziario/Cripto_MinuteTimeSeries/cndusd.csv,cndusd.csv,.csv,other,0.1341,2022-09-28T10:16:20+00:00,31998.14,Cripto_MinuteTimeSeries,True
Cripto_MinuteTimeSeries/comp-usd.csv,/Users/itsgennymac/Library/CloudStorage/GoogleDrive-sfn.gns@gmail.com/Il mio Drive/Database Finanziario/Cripto_MinuteTimeSeries/comp-usd.csv,comp-usd.csv,.csv,other,0.4759,2022-09-28T10:16:20+00:00,31998.14,Cripto_MinuteTimeSeries,True
Finance Database/archive/chzust.csv,/Users/itsgennymac/Library/CloudStorage/GoogleDrive-sfn.gns@gmail.com/Il mio Drive/Database Finanziario/Finance Database/archive/chzust.csv,chzust.csv,.csv,other,2.9909,2022-09-28T10:16:20+00:00,31998.14,Finance Database/archive,True
Finance Database/archive/cnh-cnht.csv,/Users/itsgennymac/Library/CloudStorage/GoogleDrive-sfn.gns@gmail.com/Il mio Drive/Database Finanziario/Finance Database/archive/cnh-cnht.csv,cnh-cnht.csv,.csv,other,0.0615,2022-09-28T10:16:20+00:00,31998.14,Finance Database/archive,True
Finance Database/archive/clousd.csv,/Users/itsgennymac/Library/CloudStorage/GoogleDrive-sfn.gns@gmail.com/Il mio Drive/Database Finanziario/Finance Database/archive/clousd.csv,clousd.csv,.csv,other,18.6378,2022-09-28T10:16:20+00:00,31998.14,Finance Database/archive,True
Finance Database/archive/crvusd.csv,/Users/itsgennymac/Library/CloudStorage/GoogleDrive-sfn.gns@gmail.com/Il mio Drive/Database Finanziario/Finance Database/archive/crvusd.csv,crvusd.csv,.csv,other,8.1854,2022-09-28T10:16:20+00:00,31998.14,Finance Database/archive,True
Finance Database/archive/comp-ust.csv,/Users/itsgennymac/Library/CloudStorage/GoogleDrive-sfn.gns@gmail.com/Il mio Drive/Database Finanziario/Finance Database/archive/comp-ust.csv,comp-ust.csv,.csv,other,0.2444,2022-09-28T10:16:20+00:00,31998.14,Finance Database/archive,True
Finance Database/archive/cndusd.csv,/Users/itsgennymac/Library/CloudStorage/GoogleDrive-sfn.gns@gmail.com/Il mio Drive/Database Finanziario/Finance Database/archive/cndusd.csv,cndusd.csv,.csv,other,0.1341,2022-09-28T10:16:20+00:00,31998.14,Finance Database/archive,True
Finance Database/archive/comp-usd.csv,/Users/itsgennymac/Library/CloudStorage/GoogleDrive-sfn.gns@gmail.com/Il mio Drive/Database Finanziario/Finance Database/archive/comp-usd.csv,comp-usd.csv,.csv,other,0.4759,2022-09-28T10:16:20+00:00,31998.14,Finance Database/archive,True
Cripto_MinuteTimeSeries/chzusd.csv,/Users/itsgennymac/Library/CloudStorage/GoogleDrive-sfn.gns@gmail.com/Il mio Drive/Database Finanziario/Cripto_MinuteTimeSeries/chzusd.csv,chzusd.csv,.csv,other,4.094,2022-09-28T10:16:18+00:00,31998.14,Cripto_MinuteTimeSeries,True
Cripto_MinuteTimeSeries/chex-usd.csv,/Users/itsgennymac/Library/CloudStorage/GoogleDrive-sfn.gns@gmail.com/Il mio Drive/Database Finanziario/Cripto_MinuteTimeSeries/chex-usd.csv,chex-usd.csv,.csv,other,0.02,2022-09-28T10:16:18+00:00,31998.14,Cripto_MinuteTimeSeries,True
Cripto_MinuteTimeSeries/chsb-ust.csv,/Users/itsgennymac/Library/CloudStorage/GoogleDrive-sfn.gns@gmail.com/Il mio Drive/Database Finanziario/Cripto_MinuteTimeSeries/chsb-ust.csv,chsb-ust.csv,.csv,other,0.0078,2022-09-28T10:16:18+00:00,31998.14,Cripto_MinuteTimeSeries,True
Cripto_MinuteTimeSeries/chsb-usd.csv,/Users/itsgennymac/Library/CloudStorage/GoogleDrive-sfn.gns@gmail.com/Il mio Drive/Database Finanziario/Cripto_MinuteTimeSeries/chsb-usd.csv,chsb-usd.csv,.csv,other,0.0136,2022-09-28T10:16:18+00:00,31998.14,Cripto_MinuteTimeSeries,True
Cripto_MinuteTimeSeries/chsb-btc.csv,/Users/itsgennymac/Library/CloudStorage/GoogleDrive-sfn.gns@gmail.com/Il mio Drive/Database Finanziario/Cripto_MinuteTimeSeries/chsb-btc.csv,chsb-btc.csv,.csv,other,0.0123,2022-09-28T10:16:18+00:00,31998.14,Cripto_MinuteTimeSeries,True
Cripto_MinuteTimeSeries/celust.csv,/Users/itsgennymac/Library/CloudStorage/GoogleDrive-sfn.gns@gmail.com/Il mio Drive/Database Finanziario/Cripto_MinuteTimeSeries/celust.csv,celust.csv,.csv,other,10.7357,2022-09-28T10:16:18+00:00,31998.14,Cripto_MinuteTimeSeries,True
Finance Database/archive/chzusd.csv,/Users/itsgennymac/Library/CloudStorage/GoogleDrive-sfn.gns@gmail.com/Il mio Drive/Database Finanziario/Finance Database/archive/chzusd.csv,chzusd.csv,.csv,other,4.094,2022-09-28T10:16:18+00:00,31998.14,Finance Database/archive,True
Finance Database/archive/chex-usd.csv,/Users/itsgennymac/Library/CloudStorage/GoogleDrive-sfn.gns@gmail.com/Il mio Drive/Database Finanziario/Finance Database/archive/chex-usd.csv,chex-usd.csv,.csv,other,0.02,2022-09-28T10:16:18+00:00,31998.14,Finance Database/archive,True
Finance Database/archive/chsb-ust.csv,/Users/itsgennymac/Library/CloudStorage/GoogleDrive-sfn.gns@gmail.com/Il mio Drive/Database Finanziario/Finance Database/archive/chsb-ust.csv,chsb-ust.csv,.csv,other,0.0078,2022-09-28T10:16:18+00:00,31998.14,Finance Database/archive,True
Finance Database/archive/chsb-usd.csv,/Users/itsgennymac/Library/CloudStorage/GoogleDrive-sfn.gns@gmail.com/Il mio Drive/Database Finanziario/Finance Database/archive/chsb-usd.csv,chsb-usd.csv,.csv,other,0.0136,2022-09-28T10:16:18+00:00,31998.14,Finance Database/archive,True
Finance Database/archive/chsb-btc.csv,/Users/itsgennymac/Library/CloudStorage/GoogleDrive-sfn.gns@gmail.com/Il mio Drive/Database Finanziario/Finance Database/archive/chsb-btc.csv,chsb-btc.csv,.csv,other,0.0123,2022-09-28T10:16:18+00:00,31998.14,Finance Database/archive,True
Finance Database/archive/celust.csv,/Users/itsgennymac/Library/CloudStorage/GoogleDrive-sfn.gns@gmail.com/Il mio Drive/Database Finanziario/Finance Database/archive/celust.csv,celust.csv,.csv,other,10.7357,2022-09-28T10:16:18+00:00,31998.14,Finance Database/archive,True
Cripto_MinuteTimeSeries/ccdust.csv,/Users/itsgennymac/Library/CloudStorage/GoogleDrive-sfn.gns@gmail.com/Il mio Drive/Database Finanziario/Cripto_MinuteTimeSeries/ccdust.csv,ccdust.csv,.csv,other,7.9402,2022-09-28T10:16:16+00:00,31998.14,Cripto_MinuteTimeSeries,True
Cripto_MinuteTimeSeries/ccdusd.csv,/Users/itsgennymac/Library/CloudStorage/GoogleDrive-sfn.gns@gmail.com/Il mio Drive/Database Finanziario/Cripto_MinuteTimeSeries/ccdusd.csv,ccdusd.csv,.csv,other,7.2966,2022-09-28T10:16:16+00:00,31998.14,Cripto_MinuteTimeSeries,True
Cripto_MinuteTimeSeries/ccdbtc.csv,/Users/itsgennymac/Library/CloudStorage/GoogleDrive-sfn.gns@gmail.com/Il mio Drive/Database Finanziario/Cripto_MinuteTimeSeries/ccdbtc.csv,ccdbtc.csv,.csv,other,1.1746,2022-09-28T10:16:16+00:00,31998.14,Cripto_MinuteTimeSeries,True
Cripto_MinuteTimeSeries/celusd.csv,/Users/itsgennymac/Library/CloudStorage/GoogleDrive-sfn.gns@gmail.com/Il mio Drive/Database Finanziario/Cripto_MinuteTimeSeries/celusd.csv,celusd.csv,.csv,other,11.0419,2022-09-28T10:16:16+00:00,31998.14,Cripto_MinuteTimeSeries,True
Finance Database/archive/ccdust.csv,/Users/itsgennymac/Library/CloudStorage/GoogleDrive-sfn.gns@gmail.com/Il mio Drive/Database Finanziario/Finance Database/archive/ccdust.csv,ccdust.csv,.csv,other,7.9402,2022-09-28T10:16:16+00:00,31998.14,Finance Database/archive,True
Finance Database/archive/ccdusd.csv,/Users/itsgennymac/Library/CloudStorage/GoogleDrive-sfn.gns@gmail.com/Il mio Drive/Database Finanziario/Finance Database/archive/ccdusd.csv,ccdusd.csv,.csv,other,7.2966,2022-09-28T10:16:16+00:00,31998.14,Finance Database/archive,True
Finance Database/archive/ccdbtc.csv,/Users/itsgennymac/Library/CloudStorage/GoogleDrive-sfn.gns@gmail.com/Il mio Drive/Database Finanziario/Finance Database/archive/ccdbtc.csv,ccdbtc.csv,.csv,other,1.1746,2022-09-28T10:16:16+00:00,31998.14,Finance Database/archive,True
Finance Database/archive/celusd.csv,/Users/itsgennymac/Library/CloudStorage/GoogleDrive-sfn.gns@gmail.com/Il mio Drive/Database Finanziario/Finance Database/archive/celusd.csv,celusd.csv,.csv,other,11.0419,2022-09-28T10:16:16+00:00,31998.14,Finance Database/archive,True
Cripto_MinuteTimeSeries/bttusd.csv,/Users/itsgennymac/Library/CloudStorage/GoogleDrive-sfn.gns@gmail.com/Il mio Drive/Database Finanziario/Cripto_MinuteTimeSeries/bttusd.csv,bttusd.csv,.csv,other,20.1748,2022-09-28T10:16:14+00:00,31998.14,Cripto_MinuteTimeSeries,True
Cripto_MinuteTimeSeries/btse-usd.csv,/Users/itsgennymac/Library/CloudStorage/GoogleDrive-sfn.gns@gmail.com/Il mio Drive/Database Finanziario/Cripto_MinuteTimeSeries/btse-usd.csv,btse-usd.csv,.csv,other,0.2803,2022-09-28T10:16:14+00:00,31998.14,Cripto_MinuteTimeSeries,True
Finance Database/archive/bttusd.csv,/Users/itsgennymac/Library/CloudStorage/GoogleDrive-sfn.gns@gmail.com/Il mio Drive/Database Finanziario/Finance Database/archive/bttusd.csv,bttusd.csv,.csv,other,20.1748,2022-09-28T10:16:14+00:00,31998.14,Finance Database/archive,True
Finance Database/archive/btse-usd.csv,/Users/itsgennymac/Library/CloudStorage/GoogleDrive-sfn.gns@gmail.com/Il mio Drive/Database Finanziario/Finance Database/archive/btse-usd.csv,btse-usd.csv,.csv,other,0.2803,2022-09-28T10:16:14+00:00,31998.14,Finance Database/archive,True
Cripto_MinuteTimeSeries/btgusd.csv,/Users/itsgennymac/Library/CloudStorage/GoogleDrive-sfn.gns@gmail.com/Il mio Drive/Database Finanziario/Cripto_MinuteTimeSeries/btgusd.csv,btgusd.csv,.csv,other,24.9851,2022-09-28T10:16:12+00:00,31998.14,Cripto_MinuteTimeSeries,True
Finance Database/archive/btgusd.csv,/Users/itsgennymac/Library/CloudStorage/GoogleDrive-sfn.gns@gmail.com/Il mio Drive/Database Finanziario/Finance Database/archive/btgusd.csv,btgusd.csv,.csv,other,24.9851,2022-09-28T10:16:12+00:00,31998.14,Finance Database/archive,True
Cripto_MinuteTimeSeries/btgbtc.csv,/Users/itsgennymac/Library/CloudStorage/GoogleDrive-sfn.gns@gmail.com/Il mio Drive/Database Finanziario/Cripto_MinuteTimeSeries/btgbtc.csv,btgbtc.csv,.csv,other,20.895,2022-09-28T10:16:10+00:00,31998.14,Cripto_MinuteTimeSeries,True
Cripto_MinuteTimeSeries/btcxch.csv,/Users/itsgennymac/Library/CloudStorage/GoogleDrive-sfn.gns@gmail.com/Il mio Drive/Database Finanziario/Cripto_MinuteTimeSeries/btcxch.csv,btcxch.csv,.csv,other,0.4385,2022-09-28T10:16:10+00:00,31998.14,Cripto_MinuteTimeSeries,True
Finance Database/archive/btgbtc.csv,/Users/itsgennymac/Library/CloudStorage/GoogleDrive-sfn.gns@gmail.com/Il mio Drive/Database Finanziario/Finance Database/archive/btgbtc.csv,btgbtc.csv,.csv,other,20.895,2022-09-28T10:16:10+00:00,31998.14,Finance Database/archive,True
Finance Database/archive/btcxch.csv,/Users/itsgennymac/Library/CloudStorage/GoogleDrive-sfn.gns@gmail.com/Il mio Drive/Database Finanziario/Finance Database/archive/btcxch.csv,btcxch.csv,.csv,other,0.4385,2022-09-28T10:16:10+00:00,31998.14,Finance Database/archive,True
Cripto_MinuteTimeSeries/btcmim.csv,/Users/itsgennymac/Library/CloudStorage/GoogleDrive-sfn.gns@gmail.com/Il mio Drive/Database Finanziario/Cripto_MinuteTimeSeries/btcmim.csv,btcmim.csv,.csv,other,5.2403,2022-09-28T10:15:44+00:00,31998.15,Cripto_MinuteTimeSeries,True
Finance Database/archive/btcmim.csv,/Users/itsgennymac/Library/CloudStorage/GoogleDrive-sfn.gns@gmail.com/Il mio Drive/Database Finanziario/Finance Database/archive/btcmim.csv,btcmim.csv,.csv,other,5.2403,2022-09-28T10:15:44+00:00,31998.15,Finance Database/archive,True
Cripto_MinuteTimeSeries/btcf0-ustf0.csv,/Users/itsgennymac/Library/CloudStorage/GoogleDrive-sfn.gns@gmail.com/Il mio Drive/Database Finanziario/Cripto_MinuteTimeSeries/btcf0-ustf0.csv,btcf0-ustf0.csv,.csv,other,0.9565,2022-09-28T10:15:32+00:00,31998.15,Cripto_MinuteTimeSeries,True
Finance Database/archive/btcf0-ustf0.csv,/Users/itsgennymac/Library/CloudStorage/GoogleDrive-sfn.gns@gmail.com/Il mio Drive/Database Finanziario/Finance Database/archive/btcf0-ustf0.csv,btcf0-ustf0.csv,.csv,other,0.9565,2022-09-28T10:15:32+00:00,31998.15,Finance Database/archive,True
Cripto_MinuteTimeSeries/btceut.csv,/Users/itsgennymac/Library/CloudStorage/GoogleDrive-sfn.gns@gmail.com/Il mio Drive/Database Finanziario/Cripto_MinuteTimeSeries/btceut.csv,btceut.csv,.csv,other,14.2973,2022-09-28T10:15:30+00:00,31998.15,Cripto_MinuteTimeSeries,True
Finance Database/archive/btceut.csv,/Users/itsgennymac/Library/CloudStorage/GoogleDrive-sfn.gns@gmail.com/Il mio Drive/Database Finanziario/Finance Database/archive/btceut.csv,btceut.csv,.csv,other,14.2973,2022-09-28T10:15:30+00:00,31998.15,Finance Database/archive,True
Cripto_MinuteTimeSeries/btc-cnht.csv,/Users/itsgennymac/Library/CloudStorage/GoogleDrive-sfn.gns@gmail.com/Il mio Drive/Database Finanziario/Cripto_MinuteTimeSeries/btc-cnht.csv,btc-cnht.csv,.csv,other,0.1785,2022-09-28T10:15:22+00:00,31998.15,Cripto_MinuteTimeSeries,True
Cripto_MinuteTimeSeries/btcdomf0-ustf0.csv,/Users/itsgennymac/Library/CloudStorage/GoogleDrive-sfn.gns@gmail.com/Il mio Drive/Database Finanziario/Cripto_MinuteTimeSeries/btcdomf0-ustf0.csv,btcdomf0-ustf0.csv,.csv,other,0.3507,2022-09-28T10:15:22+00:00,31998.15,Cripto_MinuteTimeSeries,True
Finance Database/archive/btc-cnht.csv,/Users/itsgennymac/Library/CloudStorage/GoogleDrive-sfn.gns@gmail.com/Il mio Drive/Database Finanziario/Finance Database/archive/btc-cnht.csv,btc-cnht.csv,.csv,other,0.1785,2022-09-28T10:15:22+00:00,31998.15,Finance Database/archive,True
Finance Database/archive/btcdomf0-ustf0.csv,/Users/itsgennymac/Library/CloudStorage/GoogleDrive-sfn.gns@gmail.com/Il mio Drive/Database Finanziario/Finance Database/archive/btcdomf0-ustf0.csv,btcdomf0-ustf0.csv,.csv,other,0.3507,2022-09-28T10:15:22+00:00,31998.15,Finance Database/archive,True
Cripto_MinuteTimeSeries/bsvusd.csv,/Users/itsgennymac/Library/CloudStorage/GoogleDrive-sfn.gns@gmail.com/Il mio Drive/Database Finanziario/Cripto_MinuteTimeSeries/bsvusd.csv,bsvusd.csv,.csv,other,35.8392,2022-09-28T10:15:18+00:00,31998.16,Cripto_MinuteTimeSeries,True
Finance Database/archive/bsvusd.csv,/Users/itsgennymac/Library/CloudStorage/GoogleDrive-sfn.gns@gmail.com/Il mio Drive/Database Finanziario/Finance Database/archive/bsvusd.csv,bsvusd.csv,.csv,other,35.8392,2022-09-28T10:15:18+00:00,31998.16,Finance Database/archive,True
Cripto_MinuteTimeSeries/boson-usd.csv,/Users/itsgennymac/Library/CloudStorage/GoogleDrive-sfn.gns@gmail.com/Il mio Drive/Database Finanziario/Cripto_MinuteTimeSeries/boson-usd.csv,boson-usd.csv,.csv,other,0.4573,2022-09-28T10:15:16+00:00,31998.16,Cripto_MinuteTimeSeries,True
Cripto_MinuteTimeSeries/bmiust.csv,/Users/itsgennymac/Library/CloudStorage/GoogleDrive-sfn.gns@gmail.com/Il mio Drive/Database Finanziario/Cripto_MinuteTimeSeries/bmiust.csv,bmiust.csv,.csv,other,0.6098,2022-09-28T10:15:16+00:00,31998.16,Cripto_MinuteTimeSeries,True
Cripto_MinuteTimeSeries/boson-ust.csv,/Users/itsgennymac/Library/CloudStorage/GoogleDrive-sfn.gns@gmail.com/Il mio Drive/Database Finanziario/Cripto_MinuteTimeSeries/boson-ust.csv,boson-ust.csv,.csv,other,0.4165,2022-09-28T10:15:16+00:00,31998.16,Cripto_MinuteTimeSeries,True
Cripto_MinuteTimeSeries/bchabc-usd.csv,/Users/itsgennymac/Library/CloudStorage/GoogleDrive-sfn.gns@gmail.com/Il mio Drive/Database Finanziario/Cripto_MinuteTimeSeries/bchabc-usd.csv,bchabc-usd.csv,.csv,other,0.0849,2022-09-28T10:15:16+00:00,31998.16,Cripto_MinuteTimeSeries,True
Cripto_MinuteTimeSeries/bmiusd.csv,/Users/itsgennymac/Library/CloudStorage/GoogleDrive-sfn.gns@gmail.com/Il mio Drive/Database Finanziario/Cripto_MinuteTimeSeries/bmiusd.csv,bmiusd.csv,.csv,other,1.0531,2022-09-28T10:15:16+00:00,31998.16,Cripto_MinuteTimeSeries,True
Cripto_MinuteTimeSeries/bsvbtc.csv,/Users/itsgennymac/Library/CloudStorage/GoogleDrive-sfn.gns@gmail.com/Il mio Drive/Database Finanziario/Cripto_MinuteTimeSeries/bsvbtc.csv,bsvbtc.csv,.csv,other,30.5471,2022-09-28T10:15:16+00:00,31998.16,Cripto_MinuteTimeSeries,True
Cripto_MinuteTimeSeries/bmnbtc.csv,/Users/itsgennymac/Library/CloudStorage/GoogleDrive-sfn.gns@gmail.com/Il mio Drive/Database Finanziario/Cripto_MinuteTimeSeries/bmnbtc.csv,bmnbtc.csv,.csv,other,0.0006,2022-09-28T10:15:16+00:00,31998.16,Cripto_MinuteTimeSeries,True
Cripto_MinuteTimeSeries/bntusd.csv,/Users/itsgennymac/Library/CloudStorage/GoogleDrive-sfn.gns@gmail.com/Il mio Drive/Database Finanziario/Cripto_MinuteTimeSeries/bntusd.csv,bntusd.csv,.csv,other,0.6872,2022-09-28T10:15:16+00:00,31998.16,Cripto_MinuteTimeSeries,True
Cripto_MinuteTimeSeries/boxusd.csv,/Users/itsgennymac/Library/CloudStorage/GoogleDrive-sfn.gns@gmail.com/Il mio Drive/Database Finanziario/Cripto_MinuteTimeSeries/boxusd.csv,boxusd.csv,.csv,other,0.2164,2022-09-28T10:15:16+00:00,31998.16,Cripto_MinuteTimeSeries,True
Cripto_MinuteTimeSeries/bchn-usd.csv,/Users/itsgennymac/Library/CloudStorage/GoogleDrive-sfn.gns@gmail.com/Il mio Drive/Database Finanziario/Cripto_MinuteTimeSeries/bchn-usd.csv,bchn-usd.csv,.csv,other,0.2626,2022-09-28T10:15:16+00:00,31998.16,Cripto_MinuteTimeSeries,True
Cripto_MinuteTimeSeries/bftusd.csv,/Users/itsgennymac/Library/CloudStorage/GoogleDrive-sfn.gns@gmail.com/Il mio Drive/Database Finanziario/Cripto_MinuteTimeSeries/bftusd.csv,bftusd.csv,.csv,other,17.0086,2022-09-28T10:15:16+00:00,31998.16,Cripto_MinuteTimeSeries,True
Cripto_MinuteTimeSeries/best-usd.csv,/Users/itsgennymac/Library/CloudStorage/GoogleDrive-sfn.gns@gmail.com/Il mio Drive/Database Finanziario/Cripto_MinuteTimeSeries/best-usd.csv,best-usd.csv,.csv,other,0.008,2022-09-28T10:15:16+00:00,31998.16,Cripto_MinuteTimeSeries,True
Cripto_MinuteTimeSeries/bmnusd.csv,/Users/itsgennymac/Library/CloudStorage/GoogleDrive-sfn.gns@gmail.com/Il mio Drive/Database Finanziario/Cripto_MinuteTimeSeries/bmnusd.csv,bmnusd.csv,.csv,other,0.0016,2022-09-28T10:15:16+00:00,31998.16,Cripto_MinuteTimeSeries,True
Finance Database/archive/boson-usd.csv,/Users/itsgennymac/Library/CloudStorage/GoogleDrive-sfn.gns@gmail.com/Il mio Drive/Database Finanziario/Finance Database/archive/boson-usd.csv,boson-usd.csv,.csv,other,0.4573,2022-09-28T10:15:16+00:00,31998.16,Finance Database/archive,True
Finance Database/archive/bmiust.csv,/Users/itsgennymac/Library/CloudStorage/GoogleDrive-sfn.gns@gmail.com/Il mio Drive/Database Finanziario/Finance Database/archive/bmiust.csv,bmiust.csv,.csv,other,0.6098,2022-09-28T10:15:16+00:00,31998.16,Finance Database/archive,True
Finance Database/archive/boson-ust.csv,/Users/itsgennymac/Library/CloudStorage/GoogleDrive-sfn.gns@gmail.com/Il mio Drive/Database Finanziario/Finance Database/archive/boson-ust.csv,boson-ust.csv,.csv,other,0.4165,2022-09-28T10:15:16+00:00,31998.16,Finance Database/archive,True
Finance Database/archive/bchabc-usd.csv,/Users/itsgennymac/Library/CloudStorage/GoogleDrive-sfn.gns@gmail.com/Il mio Drive/Database Finanziario/Finance Database/archive/bchabc-usd.csv,bchabc-usd.csv,.csv,other,0.0849,2022-09-28T10:15:16+00:00,31998.16,Finance Database/archive,True
Finance Database/archive/bmiusd.csv,/Users/itsgennymac/Library/CloudStorage/GoogleDrive-sfn.gns@gmail.com/Il mio Drive/Database Finanziario/Finance Database/archive/bmiusd.csv,bmiusd.csv,.csv,other,1.0531,2022-09-28T10:15:16+00:00,31998.16,Finance Database/archive,True
Finance Database/archive/bsvbtc.csv,/Users/itsgennymac/Library/CloudStorage/GoogleDrive-sfn.gns@gmail.com/Il mio Drive/Database Finanziario/Finance Database/archive/bsvbtc.csv,bsvbtc.csv,.csv,other,30.5471,2022-09-28T10:15:16+00:00,31998.16,Finance Database/archive,True
Finance Database/archive/bmnbtc.csv,/Users/itsgennymac/Library/CloudStorage/GoogleDrive-sfn.gns@gmail.com/Il mio Drive/Database Finanziario/Finance Database/archive/bmnbtc.csv,bmnbtc.csv,.csv,other,0.0006,2022-09-28T10:15:16+00:00,31998.16,Finance Database/archive,True
Finance Database/archive/bntusd.csv,/Users/itsgennymac/Library/CloudStorage/GoogleDrive-sfn.gns@gmail.com/Il mio Drive/Database Finanziario/Finance Database/archive/bntusd.csv,bntusd.csv,.csv,other,0.6872,2022-09-28T10:15:16+00:00,31998.16,Finance Database/archive,True
Finance Database/archive/boxusd.csv,/Users/itsgennymac/Library/CloudStorage/GoogleDrive-sfn.gns@gmail.com/Il mio Drive/Database Finanziario/Finance Database/archive/boxusd.csv,boxusd.csv,.csv,other,0.2164,2022-09-28T10:15:16+00:00,31998.16,Finance Database/archive,True
Finance Database/archive/bchn-usd.csv,/Users/itsgennymac/Library/CloudStorage/GoogleDrive-sfn.gns@gmail.com/Il mio Drive/Database Finanziario/Finance Database/archive/bchn-usd.csv,bchn-usd.csv,.csv,other,0.2626,2022-09-28T10:15:16+00:00,31998.16,Finance Database/archive,True
Finance Database/archive/bftusd.csv,/Users/itsgennymac/Library/CloudStorage/GoogleDrive-sfn.gns@gmail.com/Il mio Drive/Database Finanziario/Finance Database/archive/bftusd.csv,bftusd.csv,.csv,other,17.0086,2022-09-28T10:15:16+00:00,31998.16,Finance Database/archive,True
Finance Database/archive/best-usd.csv,/Users/itsgennymac/Library/CloudStorage/GoogleDrive-sfn.gns@gmail.com/Il mio Drive/Database Finanziario/Finance Database/archive/best-usd.csv,best-usd.csv,.csv,other,0.008,2022-09-28T10:15:16+00:00,31998.16,Finance Database/archive,True
Finance Database/archive/bmnusd.csv,/Users/itsgennymac/Library/CloudStorage/GoogleDrive-sfn.gns@gmail.com/Il mio Drive/Database Finanziario/Finance Database/archive/bmnusd.csv,bmnusd.csv,.csv,other,0.0016,2022-09-28T10:15:16+00:00,31998.16,Finance Database/archive,True
Cripto_MinuteTimeSeries/batust.csv,/Users/itsgennymac/Library/CloudStorage/GoogleDrive-sfn.gns@gmail.com/Il mio Drive/Database Finanziario/Cripto_MinuteTimeSeries/batust.csv,batust.csv,.csv,other,9.1843,2022-09-28T10:15:14+00:00,31998.16,Cripto_MinuteTimeSeries,True
Cripto_MinuteTimeSeries/batusd.csv,/Users/itsgennymac/Library/CloudStorage/GoogleDrive-sfn.gns@gmail.com/Il mio Drive/Database Finanziario/Cripto_MinuteTimeSeries/batusd.csv,batusd.csv,.csv,other,17.2852,2022-09-28T10:15:14+00:00,31998.16,Cripto_MinuteTimeSeries,True
Cripto_MinuteTimeSeries/bateth.csv,/Users/itsgennymac/Library/CloudStorage/GoogleDrive-sfn.gns@gmail.com/Il mio Drive/Database Finanziario/Cripto_MinuteTimeSeries/bateth.csv,bateth.csv,.csv,other,2.9272,2022-09-28T10:15:14+00:00,31998.16,Cripto_MinuteTimeSeries,True
Finance Database/archive/batust.csv,/Users/itsgennymac/Library/CloudStorage/GoogleDrive-sfn.gns@gmail.com/Il mio Drive/Database Finanziario/Finance Database/archive/batust.csv,batust.csv,.csv,other,9.1843,2022-09-28T10:15:14+00:00,31998.16,Finance Database/archive,True
Finance Database/archive/batusd.csv,/Users/itsgennymac/Library/CloudStorage/GoogleDrive-sfn.gns@gmail.com/Il mio Drive/Database Finanziario/Finance Database/archive/batusd.csv,batusd.csv,.csv,other,17.2852,2022-09-28T10:15:14+00:00,31998.16,Finance Database/archive,True
Finance Database/archive/bateth.csv,/Users/itsgennymac/Library/CloudStorage/GoogleDrive-sfn.gns@gmail.com/Il mio Drive/Database Finanziario/Finance Database/archive/bateth.csv,bateth.csv,.csv,other,2.9272,2022-09-28T10:15:14+00:00,31998.16,Finance Database/archive,True
Cripto_MinuteTimeSeries/band-usd.csv,/Users/itsgennymac/Library/CloudStorage/GoogleDrive-sfn.gns@gmail.com/Il mio Drive/Database Finanziario/Cripto_MinuteTimeSeries/band-usd.csv,band-usd.csv,.csv,other,0.313,2022-09-28T10:15:12+00:00,31998.16,Cripto_MinuteTimeSeries,True
Cripto_MinuteTimeSeries/balust.csv,/Users/itsgennymac/Library/CloudStorage/GoogleDrive-sfn.gns@gmail.com/Il mio Drive/Database Finanziario/Cripto_MinuteTimeSeries/balust.csv,balust.csv,.csv,other,13.7629,2022-09-28T10:15:12+00:00,31998.16,Cripto_MinuteTimeSeries,True
Cripto_MinuteTimeSeries/band-ust.csv,/Users/itsgennymac/Library/CloudStorage/GoogleDrive-sfn.gns@gmail.com/Il mio Drive/Database Finanziario/Cripto_MinuteTimeSeries/band-ust.csv,band-ust.csv,.csv,other,0.267,2022-09-28T10:15:12+00:00,31998.16,Cripto_MinuteTimeSeries,True
Cripto_MinuteTimeSeries/batbtc.csv,/Users/itsgennymac/Library/CloudStorage/GoogleDrive-sfn.gns@gmail.com/Il mio Drive/Database Finanziario/Cripto_MinuteTimeSeries/batbtc.csv,batbtc.csv,.csv,other,5.327,2022-09-28T10:15:12+00:00,31998.16,Cripto_MinuteTimeSeries,True
Finance Database/archive/band-usd.csv,/Users/itsgennymac/Library/CloudStorage/GoogleDrive-sfn.gns@gmail.com/Il mio Drive/Database Finanziario/Finance Database/archive/band-usd.csv,band-usd.csv,.csv,other,0.313,2022-09-28T10:15:12+00:00,31998.16,Finance Database/archive,True
Finance Database/archive/balust.csv,/Users/itsgennymac/Library/CloudStorage/GoogleDrive-sfn.gns@gmail.com/Il mio Drive/Database Finanziario/Finance Database/archive/balust.csv,balust.csv,.csv,other,13.7629,2022-09-28T10:15:12+00:00,31998.16,Finance Database/archive,True
Finance Database/archive/band-ust.csv,/Users/itsgennymac/Library/CloudStorage/GoogleDrive-sfn.gns@gmail.com/Il mio Drive/Database Finanziario/Finance Database/archive/band-ust.csv,band-ust.csv,.csv,other,0.267,2022-09-28T10:15:12+00:00,31998.16,Finance Database/archive,True
Finance Database/archive/batbtc.csv,/Users/itsgennymac/Library/CloudStorage/GoogleDrive-sfn.gns@gmail.com/Il mio Drive/Database Finanziario/Finance Database/archive/batbtc.csv,batbtc.csv,.csv,other,5.327,2022-09-28T10:15:12+00:00,31998.16,Finance Database/archive,True
Cripto_MinuteTimeSeries/balusd.csv,/Users/itsgennymac/Library/CloudStorage/GoogleDrive-sfn.gns@gmail.com/Il mio Drive/Database Finanziario/Cripto_MinuteTimeSeries/balusd.csv,balusd.csv,.csv,other,14.5985,2022-09-28T10:15:10+00:00,31998.16,Cripto_MinuteTimeSeries,True
Cripto_MinuteTimeSeries/axsust.csv,/Users/itsgennymac/Library/CloudStorage/GoogleDrive-sfn.gns@gmail.com/Il mio Drive/Database Finanziario/Cripto_MinuteTimeSeries/axsust.csv,axsust.csv,.csv,other,8.0284,2022-09-28T10:15:10+00:00,31998.16,Cripto_MinuteTimeSeries,True
Cripto_MinuteTimeSeries/b21x-usd.csv,/Users/itsgennymac/Library/CloudStorage/GoogleDrive-sfn.gns@gmail.com/Il mio Drive/Database Finanziario/Cripto_MinuteTimeSeries/b21x-usd.csv,b21x-usd.csv,.csv,other,0.3155,2022-09-28T10:15:10+00:00,31998.16,Cripto_MinuteTimeSeries,True
Cripto_MinuteTimeSeries/b21x-ust.csv,/Users/itsgennymac/Library/CloudStorage/GoogleDrive-sfn.gns@gmail.com/Il mio Drive/Database Finanziario/Cripto_MinuteTimeSeries/b21x-ust.csv,b21x-ust.csv,.csv,other,0.3135,2022-09-28T10:15:10+00:00,31998.16,Cripto_MinuteTimeSeries,True
Cripto_MinuteTimeSeries/axsusd.csv,/Users/itsgennymac/Library/CloudStorage/GoogleDrive-sfn.gns@gmail.com/Il mio Drive/Database Finanziario/Cripto_MinuteTimeSeries/axsusd.csv,axsusd.csv,.csv,other,8.9785,2022-09-28T10:15:10+00:00,31998.16,Cripto_MinuteTimeSeries,True
Cripto_MinuteTimeSeries/b2must.csv,/Users/itsgennymac/Library/CloudStorage/GoogleDrive-sfn.gns@gmail.com/Il mio Drive/Database Finanziario/Cripto_MinuteTimeSeries/b2must.csv,b2must.csv,.csv,other,0.2742,2022-09-28T10:15:10+00:00,31998.16,Cripto_MinuteTimeSeries,True
Cripto_MinuteTimeSeries/b2musd.csv,/Users/itsgennymac/Library/CloudStorage/GoogleDrive-sfn.gns@gmail.com/Il mio Drive/Database Finanziario/Cripto_MinuteTimeSeries/b2musd.csv,b2musd.csv,.csv,other,0.2939,2022-09-28T10:15:10+00:00,31998.16,Cripto_MinuteTimeSeries,True
Finance Database/archive/balusd.csv,/Users/itsgennymac/Library/CloudStorage/GoogleDrive-sfn.gns@gmail.com/Il mio Drive/Database Finanziario/Finance Database/archive/balusd.csv,balusd.csv,.csv,other,14.5985,2022-09-28T10:15:10+00:00,31998.16,Finance Database/archive,True
Finance Database/archive/axsust.csv,/Users/itsgennymac/Library/CloudStorage/GoogleDrive-sfn.gns@gmail.com/Il mio Drive/Database Finanziario/Finance Database/archive/axsust.csv,axsust.csv,.csv,other,8.0284,2022-09-28T10:15:10+00:00,31998.16,Finance Database/archive,True
Finance Database/archive/b21x-usd.csv,/Users/itsgennymac/Library/CloudStorage/GoogleDrive-sfn.gns@gmail.com/Il mio Drive/Database Finanziario/Finance Database/archive/b21x-usd.csv,b21x-usd.csv,.csv,other,0.3155,2022-09-28T10:15:10+00:00,31998.16,Finance Database/archive,True
Finance Database/archive/b21x-ust.csv,/Users/itsgennymac/Library/CloudStorage/GoogleDrive-sfn.gns@gmail.com/Il mio Drive/Database Finanziario/Finance Database/archive/b21x-ust.csv,b21x-ust.csv,.csv,other,0.3135,2022-09-28T10:15:10+00:00,31998.16,Finance Database/archive,True
Finance Database/archive/axsusd.csv,/Users/itsgennymac/Library/CloudStorage/GoogleDrive-sfn.gns@gmail.com/Il mio Drive/Database Finanziario/Finance Database/archive/axsusd.csv,axsusd.csv,.csv,other,8.9785,2022-09-28T10:15:10+00:00,31998.16,Finance Database/archive,True
Finance Database/archive/b2must.csv,/Users/itsgennymac/Library/CloudStorage/GoogleDrive-sfn.gns@gmail.com/Il mio Drive/Database Finanziario/Finance Database/archive/b2must.csv,b2must.csv,.csv,other,0.2742,2022-09-28T10:15:10+00:00,31998.16,Finance Database/archive,True
Finance Database/archive/b2musd.csv,/Users/itsgennymac/Library/CloudStorage/GoogleDrive-sfn.gns@gmail.com/Il mio Drive/Database Finanziario/Finance Database/archive/b2musd.csv,b2musd.csv,.csv,other,0.2939,2022-09-28T10:15:10+00:00,31998.16,Finance Database/archive,True
Cripto_MinuteTimeSeries/atoust.csv,/Users/itsgennymac/Library/CloudStorage/GoogleDrive-sfn.gns@gmail.com/Il mio Drive/Database Finanziario/Cripto_MinuteTimeSeries/atoust.csv,atoust.csv,.csv,other,9.7295,2022-09-28T10:15:08+00:00,31998.16,Cripto_MinuteTimeSeries,True
Cripto_MinuteTimeSeries/avax-ust.csv,/Users/itsgennymac/Library/CloudStorage/GoogleDrive-sfn.gns@gmail.com/Il mio Drive/Database Finanziario/Cripto_MinuteTimeSeries/avax-ust.csv,avax-ust.csv,.csv,other,0.4046,2022-09-28T10:15:08+00:00,31998.16,Cripto_MinuteTimeSeries,True
Cripto_MinuteTimeSeries/avax-usd.csv,/Users/itsgennymac/Library/CloudStorage/GoogleDrive-sfn.gns@gmail.com/Il mio Drive/Database Finanziario/Cripto_MinuteTimeSeries/avax-usd.csv,avax-usd.csv,.csv,other,0.4856,2022-09-28T10:15:08+00:00,31998.16,Cripto_MinuteTimeSeries,True
Cripto_MinuteTimeSeries/avtusd.csv,/Users/itsgennymac/Library/CloudStorage/GoogleDrive-sfn.gns@gmail.com/Il mio Drive/Database Finanziario/Cripto_MinuteTimeSeries/avtusd.csv,avtusd.csv,.csv,other,3.2367,2022-09-28T10:15:08+00:00,31998.16,Cripto_MinuteTimeSeries,True
Finance Database/archive/atoust.csv,/Users/itsgennymac/Library/CloudStorage/GoogleDrive-sfn.gns@gmail.com/Il mio Drive/Database Finanziario/Finance Database/archive/atoust.csv,atoust.csv,.csv,other,9.7295,2022-09-28T10:15:08+00:00,31998.16,Finance Database/archive,True
Finance Database/archive/avax-ust.csv,/Users/itsgennymac/Library/CloudStorage/GoogleDrive-sfn.gns@gmail.com/Il mio Drive/Database Finanziario/Finance Database/archive/avax-ust.csv,avax-ust.csv,.csv,other,0.4046,2022-09-28T10:15:08+00:00,31998.16,Finance Database/archive,True
Finance Database/archive/avax-usd.csv,/Users/itsgennymac/Library/CloudStorage/GoogleDrive-sfn.gns@gmail.com/Il mio Drive/Database Finanziario/Finance Database/archive/avax-usd.csv,avax-usd.csv,.csv,other,0.4856,2022-09-28T10:15:08+00:00,31998.16,Finance Database/archive,True
Finance Database/archive/avtusd.csv,/Users/itsgennymac/Library/CloudStorage/GoogleDrive-sfn.gns@gmail.com/Il mio Drive/Database Finanziario/Finance Database/archive/avtusd.csv,avtusd.csv,.csv,other,3.2367,2022-09-28T10:15:08+00:00,31998.16,Finance Database/archive,True
Cripto_MinuteTimeSeries/atousd.csv,/Users/itsgennymac/Library/CloudStorage/GoogleDrive-sfn.gns@gmail.com/Il mio Drive/Database Finanziario/Cripto_MinuteTimeSeries/atousd.csv,atousd.csv,.csv,other,25.537,2022-09-28T10:15:06+00:00,31998.16,Cripto_MinuteTimeSeries,True
Finance Database/archive/atousd.csv,/Users/itsgennymac/Library/CloudStorage/GoogleDrive-sfn.gns@gmail.com/Il mio Drive/Database Finanziario/Finance Database/archive/atousd.csv,atousd.csv,.csv,other,25.537,2022-09-28T10:15:06+00:00,31998.16,Finance Database/archive,True
Cripto_MinuteTimeSeries/astusd.csv,/Users/itsgennymac/Library/CloudStorage/GoogleDrive-sfn.gns@gmail.com/Il mio Drive/Database Finanziario/Cripto_MinuteTimeSeries/astusd.csv,astusd.csv,.csv,other,0.0978,2022-09-28T10:15:04+00:00,31998.16,Cripto_MinuteTimeSeries,True
Cripto_MinuteTimeSeries/atoeth.csv,/Users/itsgennymac/Library/CloudStorage/GoogleDrive-sfn.gns@gmail.com/Il mio Drive/Database Finanziario/Cripto_MinuteTimeSeries/atoeth.csv,atoeth.csv,.csv,other,13.7986,2022-09-28T10:15:04+00:00,31998.16,Cripto_MinuteTimeSeries,True
Cripto_MinuteTimeSeries/apeust.csv,/Users/itsgennymac/Library/CloudStorage/GoogleDrive-sfn.gns@gmail.com/Il mio Drive/Database Finanziario/Cripto_MinuteTimeSeries/apeust.csv,apeust.csv,.csv,other,10.4736,2022-09-28T10:15:04+00:00,31998.16,Cripto_MinuteTimeSeries,True
Cripto_MinuteTimeSeries/atobtc.csv,/Users/itsgennymac/Library/CloudStorage/GoogleDrive-sfn.gns@gmail.com/Il mio Drive/Database Finanziario/Cripto_MinuteTimeSeries/atobtc.csv,atobtc.csv,.csv,other,17.9887,2022-09-28T10:15:04+00:00,31998.16,Cripto_MinuteTimeSeries,True
Finance Database/archive/astusd.csv,/Users/itsgennymac/Library/CloudStorage/GoogleDrive-sfn.gns@gmail.com/Il mio Drive/Database Finanziario/Finance Database/archive/astusd.csv,astusd.csv,.csv,other,0.0978,2022-09-28T10:15:04+00:00,31998.16,Finance Database/archive,True
Finance Database/archive/atoeth.csv,/Users/itsgennymac/Library/CloudStorage/GoogleDrive-sfn.gns@gmail.com/Il mio Drive/Database Finanziario/Finance Database/archive/atoeth.csv,atoeth.csv,.csv,other,13.7986,2022-09-28T10:15:04+00:00,31998.16,Finance Database/archive,True
Finance Database/archive/apeust.csv,/Users/itsgennymac/Library/CloudStorage/GoogleDrive-sfn.gns@gmail.com/Il mio Drive/Database Finanziario/Finance Database/archive/apeust.csv,apeust.csv,.csv,other,10.4736,2022-09-28T10:15:04+00:00,31998.16,Finance Database/archive,True
Finance Database/archive/atobtc.csv,/Users/itsgennymac/Library/CloudStorage/GoogleDrive-sfn.gns@gmail.com/Il mio Drive/Database Finanziario/Finance Database/archive/atobtc.csv,atobtc.csv,.csv,other,17.9887,2022-09-28T10:15:04+00:00,31998.16,Finance Database/archive,True
Cripto_MinuteTimeSeries/antusd.csv,/Users/itsgennymac/Library/CloudStorage/GoogleDrive-sfn.gns@gmail.com/Il mio Drive/Database Finanziario/Cripto_MinuteTimeSeries/antusd.csv,antusd.csv,.csv,other,4.5572,2022-09-28T10:15:02+00:00,31998.16,Cripto_MinuteTimeSeries,True
Cripto_MinuteTimeSeries/anteth.csv,/Users/itsgennymac/Library/CloudStorage/GoogleDrive-sfn.gns@gmail.com/Il mio Drive/Database Finanziario/Cripto_MinuteTimeSeries/anteth.csv,anteth.csv,.csv,other,3.2101,2022-09-28T10:15:02+00:00,31998.16,Cripto_MinuteTimeSeries,True
Cripto_MinuteTimeSeries/antbtc.csv,/Users/itsgennymac/Library/CloudStorage/GoogleDrive-sfn.gns@gmail.com/Il mio Drive/Database Finanziario/Cripto_MinuteTimeSeries/antbtc.csv,antbtc.csv,.csv,other,2.834,2022-09-28T10:15:02+00:00,31998.16,Cripto_MinuteTimeSeries,True
Cripto_MinuteTimeSeries/apeusd.csv,/Users/itsgennymac/Library/CloudStorage/GoogleDrive-sfn.gns@gmail.com/Il mio Drive/Database Finanziario/Cripto_MinuteTimeSeries/apeusd.csv,apeusd.csv,.csv,other,10.4123,2022-09-28T10:15:02+00:00,31998.16,Cripto_MinuteTimeSeries,True
Finance Database/archive/antusd.csv,/Users/itsgennymac/Library/CloudStorage/GoogleDrive-sfn.gns@gmail.com/Il mio Drive/Database Finanziario/Finance Database/archive/antusd.csv,antusd.csv,.csv,other,4.5572,2022-09-28T10:15:02+00:00,31998.16,Finance Database/archive,True
Finance Database/archive/anteth.csv,/Users/itsgennymac/Library/CloudStorage/GoogleDrive-sfn.gns@gmail.com/Il mio Drive/Database Finanziario/Finance Database/archive/anteth.csv,anteth.csv,.csv,other,3.2101,2022-09-28T10:15:02+00:00,31998.16,Finance Database/archive,True
Finance Database/archive/antbtc.csv,/Users/itsgennymac/Library/CloudStorage/GoogleDrive-sfn.gns@gmail.com/Il mio Drive/Database Finanziario/Finance Database/archive/antbtc.csv,antbtc.csv,.csv,other,2.834,2022-09-28T10:15:02+00:00,31998.16,Finance Database/archive,True
Finance Database/archive/apeusd.csv,/Users/itsgennymac/Library/CloudStorage/GoogleDrive-sfn.gns@gmail.com/Il mio Drive/Database Finanziario/Finance Database/archive/apeusd.csv,apeusd.csv,.csv,other,10.4123,2022-09-28T10:15:02+00:00,31998.16,Finance Database/archive,True
Cripto_MinuteTimeSeries/ancusd.csv,/Users/itsgennymac/Library/CloudStorage/GoogleDrive-sfn.gns@gmail.com/Il mio Drive/Database Finanziario/Cripto_MinuteTimeSeries/ancusd.csv,ancusd.csv,.csv,other,9.5523,2022-09-28T10:15:00+00:00,31998.16,Cripto_MinuteTimeSeries,True
Cripto_MinuteTimeSeries/ancust.csv,/Users/itsgennymac/Library/CloudStorage/GoogleDrive-sfn.gns@gmail.com/Il mio Drive/Database Finanziario/Cripto_MinuteTimeSeries/ancust.csv,ancust.csv,.csv,other,9.3091,2022-09-28T10:15:00+00:00,31998.16,Cripto_MinuteTimeSeries,True
Finance Database/archive/ancusd.csv,/Users/itsgennymac/Library/CloudStorage/GoogleDrive-sfn.gns@gmail.com/Il mio Drive/Database Finanziario/Finance Database/archive/ancusd.csv,ancusd.csv,.csv,other,9.5523,2022-09-28T10:15:00+00:00,31998.16,Finance Database/archive,True
Finance Database/archive/ancust.csv,/Users/itsgennymac/Library/CloudStorage/GoogleDrive-sfn.gns@gmail.com/Il mio Drive/Database Finanziario/Finance Database/archive/ancust.csv,ancust.csv,.csv,other,9.3091,2022-09-28T10:15:00+00:00,31998.16,Finance Database/archive,True
Cripto_MinuteTimeSeries/ampust.csv,/Users/itsgennymac/Library/CloudStorage/GoogleDrive-sfn.gns@gmail.com/Il mio Drive/Database Finanziario/Cripto_MinuteTimeSeries/ampust.csv,ampust.csv,.csv,other,30.8247,2022-09-28T10:14:58+00:00,31998.16,Cripto_MinuteTimeSeries,True
Finance Database/archive/ampust.csv,/Users/itsgennymac/Library/CloudStorage/GoogleDrive-sfn.gns@gmail.com/Il mio Drive/Database Finanziario/Finance Database/archive/ampust.csv,ampust.csv,.csv,other,30.8247,2022-09-28T10:14:58+00:00,31998.16,Finance Database/archive,True
Cripto_MinuteTimeSeries/ampusd.csv,/Users/itsgennymac/Library/CloudStorage/GoogleDrive-sfn.gns@gmail.com/Il mio Drive/Database Finanziario/Cripto_MinuteTimeSeries/ampusd.csv,ampusd.csv,.csv,other,28.1736,2022-09-28T10:14:56+00:00,31998.16,Cripto_MinuteTimeSeries,True
Cripto_MinuteTimeSeries/ampf0-ustf0.csv,/Users/itsgennymac/Library/CloudStorage/GoogleDrive-sfn.gns@gmail.com/Il mio Drive/Database Finanziario/Cripto_MinuteTimeSeries/ampf0-ustf0.csv,ampf0-ustf0.csv,.csv,other,0.4381,2022-09-28T10:14:56+00:00,31998.16,Cripto_MinuteTimeSeries,True
Finance Database/archive/ampusd.csv,/Users/itsgennymac/Library/CloudStorage/GoogleDrive-sfn.gns@gmail.com/Il mio Drive/Database Finanziario/Finance Database/archive/ampusd.csv,ampusd.csv,.csv,other,28.1736,2022-09-28T10:14:56+00:00,31998.16,Finance Database/archive,True
Finance Database/archive/ampf0-ustf0.csv,/Users/itsgennymac/Library/CloudStorage/GoogleDrive-sfn.gns@gmail.com/Il mio Drive/Database Finanziario/Finance Database/archive/ampf0-ustf0.csv,ampf0-ustf0.csv,.csv,other,0.4381,2022-09-28T10:14:56+00:00,31998.16,Finance Database/archive,True
Cripto_MinuteTimeSeries/ampbtc.csv,/Users/itsgennymac/Library/CloudStorage/GoogleDrive-sfn.gns@gmail.com/Il mio Drive/Database Finanziario/Cripto_MinuteTimeSeries/ampbtc.csv,ampbtc.csv,.csv,other,20.5893,2022-09-28T10:14:54+00:00,31998.16,Cripto_MinuteTimeSeries,True
Finance Database/archive/ampbtc.csv,/Users/itsgennymac/Library/CloudStorage/GoogleDrive-sfn.gns@gmail.com/Il mio Drive/Database Finanziario/Finance Database/archive/ampbtc.csv,ampbtc.csv,.csv,other,20.5893,2022-09-28T10:14:54+00:00,31998.16,Finance Database/archive,True
Cripto_MinuteTimeSeries/algust.csv,/Users/itsgennymac/Library/CloudStorage/GoogleDrive-sfn.gns@gmail.com/Il mio Drive/Database Finanziario/Cripto_MinuteTimeSeries/algust.csv,algust.csv,.csv,other,20.598,2022-09-28T10:14:52+00:00,31998.16,Cripto_MinuteTimeSeries,True
Finance Database/archive/algust.csv,/Users/itsgennymac/Library/CloudStorage/GoogleDrive-sfn.gns@gmail.com/Il mio Drive/Database Finanziario/Finance Database/archive/algust.csv,algust.csv,.csv,other,20.598,2022-09-28T10:14:52+00:00,31998.16,Finance Database/archive,True
Cripto_MinuteTimeSeries/algbtc.csv,/Users/itsgennymac/Library/CloudStorage/GoogleDrive-sfn.gns@gmail.com/Il mio Drive/Database Finanziario/Cripto_MinuteTimeSeries/algbtc.csv,algbtc.csv,.csv,other,18.1009,2022-09-28T10:14:50+00:00,31998.16,Cripto_MinuteTimeSeries,True
Cripto_MinuteTimeSeries/albt-ust.csv,/Users/itsgennymac/Library/CloudStorage/GoogleDrive-sfn.gns@gmail.com/Il mio Drive/Database Finanziario/Cripto_MinuteTimeSeries/albt-ust.csv,albt-ust.csv,.csv,other,0.0892,2022-09-28T10:14:50+00:00,31998.16,Cripto_MinuteTimeSeries,True
Cripto_MinuteTimeSeries/albt-usd.csv,/Users/itsgennymac/Library/CloudStorage/GoogleDrive-sfn.gns@gmail.com/Il mio Drive/Database Finanziario/Cripto_MinuteTimeSeries/albt-usd.csv,albt-usd.csv,.csv,other,0.0099,2022-09-28T10:14:50+00:00,31998.16,Cripto_MinuteTimeSeries,True
Cripto_MinuteTimeSeries/algusd.csv,/Users/itsgennymac/Library/CloudStorage/GoogleDrive-sfn.gns@gmail.com/Il mio Drive/Database Finanziario/Cripto_MinuteTimeSeries/algusd.csv,algusd.csv,.csv,other,31.2849,2022-09-28T10:14:50+00:00,31998.16,Cripto_MinuteTimeSeries,True
Finance Database/archive/algbtc.csv,/Users/itsgennymac/Library/CloudStorage/GoogleDrive-sfn.gns@gmail.com/Il mio Drive/Database Finanziario/Finance Database/archive/algbtc.csv,algbtc.csv,.csv,other,18.1009,2022-09-28T10:14:50+00:00,31998.16,Finance Database/archive,True
Finance Database/archive/albt-ust.csv,/Users/itsgennymac/Library/CloudStorage/GoogleDrive-sfn.gns@gmail.com/Il mio Drive/Database Finanziario/Finance Database/archive/albt-ust.csv,albt-ust.csv,.csv,other,0.0892,2022-09-28T10:14:50+00:00,31998.16,Finance Database/archive,True
Finance Database/archive/albt-usd.csv,/Users/itsgennymac/Library/CloudStorage/GoogleDrive-sfn.gns@gmail.com/Il mio Drive/Database Finanziario/Finance Database/archive/albt-usd.csv,albt-usd.csv,.csv,other,0.0099,2022-09-28T10:14:50+00:00,31998.16,Finance Database/archive,True
Finance Database/archive/algusd.csv,/Users/itsgennymac/Library/CloudStorage/GoogleDrive-sfn.gns@gmail.com/Il mio Drive/Database Finanziario/Finance Database/archive/algusd.csv,algusd.csv,.csv,other,31.2849,2022-09-28T10:14:50+00:00,31998.16,Finance Database/archive,True
Cripto_MinuteTimeSeries/aixust.csv,/Users/itsgennymac/Library/CloudStorage/GoogleDrive-sfn.gns@gmail.com/Il mio Drive/Database Finanziario/Cripto_MinuteTimeSeries/aixust.csv,aixust.csv,.csv,other,6.9904,2022-09-28T10:14:48+00:00,31998.16,Cripto_MinuteTimeSeries,True
Cripto_MinuteTimeSeries/aixusd.csv,/Users/itsgennymac/Library/CloudStorage/GoogleDrive-sfn.gns@gmail.com/Il mio Drive/Database Finanziario/Cripto_MinuteTimeSeries/aixusd.csv,aixusd.csv,.csv,other,7.1451,2022-09-28T10:14:48+00:00,31998.16,Cripto_MinuteTimeSeries,True
Finance Database/archive/aixust.csv,/Users/itsgennymac/Library/CloudStorage/GoogleDrive-sfn.gns@gmail.com/Il mio Drive/Database Finanziario/Finance Database/archive/aixust.csv,aixust.csv,.csv,other,6.9904,2022-09-28T10:14:48+00:00,31998.16,Finance Database/archive,True
Finance Database/archive/aixusd.csv,/Users/itsgennymac/Library/CloudStorage/GoogleDrive-sfn.gns@gmail.com/Il mio Drive/Database Finanziario/Finance Database/archive/aixusd.csv,aixusd.csv,.csv,other,7.1451,2022-09-28T10:14:48+00:00,31998.16,Finance Database/archive,True
Cripto_MinuteTimeSeries/adaust.csv,/Users/itsgennymac/Library/CloudStorage/GoogleDrive-sfn.gns@gmail.com/Il mio Drive/Database Finanziario/Cripto_MinuteTimeSeries/adaust.csv,adaust.csv,.csv,other,25.7949,2022-09-28T10:14:46+00:00,31998.16,Cripto_MinuteTimeSeries,True
Finance Database/archive/adaust.csv,/Users/itsgennymac/Library/CloudStorage/GoogleDrive-sfn.gns@gmail.com/Il mio Drive/Database Finanziario/Finance Database/archive/adaust.csv,adaust.csv,.csv,other,25.7949,2022-09-28T10:14:46+00:00,31998.16,Finance Database/archive,True
Cripto_MinuteTimeSeries/adausd.csv,/Users/itsgennymac/Library/CloudStorage/GoogleDrive-sfn.gns@gmail.com/Il mio Drive/Database Finanziario/Cripto_MinuteTimeSeries/adausd.csv,adausd.csv,.csv,other,37.5607,2022-09-28T10:14:44+00:00,31998.17,Cripto_MinuteTimeSeries,True
Finance Database/archive/adausd.csv,/Users/itsgennymac/Library/CloudStorage/GoogleDrive-sfn.gns@gmail.com/Il mio Drive/Database Finanziario/Finance Database/archive/adausd.csv,adausd.csv,.csv,other,37.5607,2022-09-28T10:14:44+00:00,31998.17,Finance Database/archive,True
Cripto_MinuteTimeSeries/adaf0-ustf0.csv,/Users/itsgennymac/Library/CloudStorage/GoogleDrive-sfn.gns@gmail.com/Il mio Drive/Database Finanziario/Cripto_MinuteTimeSeries/adaf0-ustf0.csv,adaf0-ustf0.csv,.csv,other,0.7048,2022-09-28T10:14:42+00:00,31998.17,Cripto_MinuteTimeSeries,True
Finance Database/archive/adaf0-ustf0.csv,/Users/itsgennymac/Library/CloudStorage/GoogleDrive-sfn.gns@gmail.com/Il mio Drive/Database Finanziario/Finance Database/archive/adaf0-ustf0.csv,adaf0-ustf0.csv,.csv,other,0.7048,2022-09-28T10:14:42+00:00,31998.17,Finance Database/archive,True
Cripto_MinuteTimeSeries/adabtc.csv,/Users/itsgennymac/Library/CloudStorage/GoogleDrive-sfn.gns@gmail.com/Il mio Drive/Database Finanziario/Cripto_MinuteTimeSeries/adabtc.csv,adabtc.csv,.csv,other,21.9175,2022-09-28T10:14:32+00:00,31998.17,Cripto_MinuteTimeSeries,True
Cripto_MinuteTimeSeries/aave-usd.csv,/Users/itsgennymac/Library/CloudStorage/GoogleDrive-sfn.gns@gmail.com/Il mio Drive/Database Finanziario/Cripto_MinuteTimeSeries/aave-usd.csv,aave-usd.csv,.csv,other,0.3498,2022-09-28T10:14:32+00:00,31998.17,Cripto_MinuteTimeSeries,True
Cripto_MinuteTimeSeries/aave-ust.csv,/Users/itsgennymac/Library/CloudStorage/GoogleDrive-sfn.gns@gmail.com/Il mio Drive/Database Finanziario/Cripto_MinuteTimeSeries/aave-ust.csv,aave-ust.csv,.csv,other,0.2928,2022-09-28T10:14:32+00:00,31998.17,Cripto_MinuteTimeSeries,True
Finance Database/archive/adabtc.csv,/Users/itsgennymac/Library/CloudStorage/GoogleDrive-sfn.gns@gmail.com/Il mio Drive/Database Finanziario/Finance Database/archive/adabtc.csv,adabtc.csv,.csv,other,21.9175,2022-09-28T10:14:32+00:00,31998.17,Finance Database/archive,True
Finance Database/archive/aave-usd.csv,/Users/itsgennymac/Library/CloudStorage/GoogleDrive-sfn.gns@gmail.com/Il mio Drive/Database Finanziario/Finance Database/archive/aave-usd.csv,aave-usd.csv,.csv,other,0.3498,2022-09-28T10:14:32+00:00,31998.17,Finance Database/archive,True
Finance Database/archive/aave-ust.csv,/Users/itsgennymac/Library/CloudStorage/GoogleDrive-sfn.gns@gmail.com/Il mio Drive/Database Finanziario/Finance Database/archive/aave-ust.csv,aave-ust.csv,.csv,other,0.2928,2022-09-28T10:14:32+00:00,31998.17,Finance Database/archive,True
Cripto_MinuteTimeSeries/1inch-ust.csv,/Users/itsgennymac/Library/CloudStorage/GoogleDrive-sfn.gns@gmail.com/Il mio Drive/Database Finanziario/Cripto_MinuteTimeSeries/1inch-ust.csv,1inch-ust.csv,.csv,other,0.3492,2022-09-28T10:14:24+00:00,31998.17,Cripto_MinuteTimeSeries,True
Cripto_MinuteTimeSeries/aaabbb.csv,/Users/itsgennymac/Library/CloudStorage/GoogleDrive-sfn.gns@gmail.com/Il mio Drive/Database Finanziario/Cripto_MinuteTimeSeries/aaabbb.csv,aaabbb.csv,.csv,other,9.4192,2022-09-28T10:14:24+00:00,31998.17,Cripto_MinuteTimeSeries,True
Finance Database/archive/1inch-ust.csv,/Users/itsgennymac/Library/CloudStorage/GoogleDrive-sfn.gns@gmail.com/Il mio Drive/Database Finanziario/Finance Database/archive/1inch-ust.csv,1inch-ust.csv,.csv,other,0.3492,2022-09-28T10:14:24+00:00,31998.17,Finance Database/archive,True
Finance Database/archive/aaabbb.csv,/Users/itsgennymac/Library/CloudStorage/GoogleDrive-sfn.gns@gmail.com/Il mio Drive/Database Finanziario/Finance Database/archive/aaabbb.csv,aaabbb.csv,.csv,other,9.4192,2022-09-28T10:14:24+00:00,31998.17,Finance Database/archive,True
Cripto_MinuteTimeSeries/1inch-usd.csv,/Users/itsgennymac/Library/CloudStorage/GoogleDrive-sfn.gns@gmail.com/Il mio Drive/Database Finanziario/Cripto_MinuteTimeSeries/1inch-usd.csv,1inch-usd.csv,.csv,other,0.372,2022-09-28T10:14:22+00:00,31998.17,Cripto_MinuteTimeSeries,True
Finance Database/archive/1inch-usd.csv,/Users/itsgennymac/Library/CloudStorage/GoogleDrive-sfn.gns@gmail.com/Il mio Drive/Database Finanziario/Finance Database/archive/1inch-usd.csv,1inch-usd.csv,.csv,other,0.372,2022-09-28T10:14:22+00:00,31998.17,Finance Database/archive,True
Finance Database/keyMetrics_list.xlsx,/Users/itsgennymac/Library/CloudStorage/GoogleDrive-sfn.gns@gmail.com/Il mio Drive/Database Finanziario/Finance Database/keyMetrics_list.xlsx,keyMetrics_list.xlsx,.xlsx,other,0.0094,2021-05-30T00:03:47+00:00,43672.35,Finance Database,True
Finance Database/stocknames.xlsx,/Users/itsgennymac/Library/CloudStorage/GoogleDrive-sfn.gns@gmail.com/Il mio Drive/Database Finanziario/Finance Database/stocknames.xlsx,stocknames.xlsx,.xlsx,other,0.0072,2021-05-25T22:52:50+00:00,43769.53,Finance Database,True
Finance Database/Trending_stock.xlsx,/Users/itsgennymac/Library/CloudStorage/GoogleDrive-sfn.gns@gmail.com/Il mio Drive/Database Finanziario/Finance Database/Trending_stock.xlsx,Trending_stock.xlsx,.xlsx,other,0.0154,2021-05-20T20:50:53+00:00,43891.56,Finance Database,True
Finance Database/ETFusaVsIta.xlsx,/Users/itsgennymac/Library/CloudStorage/GoogleDrive-sfn.gns@gmail.com/Il mio Drive/Database Finanziario/Finance Database/ETFusaVsIta.xlsx,ETFusaVsIta.xlsx,.xlsx,other,0.0697,2021-05-20T20:50:07+00:00,43891.58,Finance Database,True
Finance Database/M&I Multiple Foundamental Items.xlsx,/Users/itsgennymac/Library/CloudStorage/GoogleDrive-sfn.gns@gmail.com/Il mio Drive/Database Finanziario/Finance Database/M&I Multiple Foundamental Items.xlsx,M&I Multiple Foundamental Items.xlsx,.xlsx,other,23.4152,2021-05-19T23:59:13+00:00,43912.42,Finance Database,True
Finance Database/Corporate_PdModel.xlsx,/Users/itsgennymac/Library/CloudStorage/GoogleDrive-sfn.gns@gmail.com/Il mio Drive/Database Finanziario/Finance Database/Corporate_PdModel.xlsx,Corporate_PdModel.xlsx,.xlsx,macro_risk,0.0092,2021-05-19T15:28:57+00:00,43920.93,Finance Database,True
Finance Database/Corporate_LGD_sign.xlsx,/Users/itsgennymac/Library/CloudStorage/GoogleDrive-sfn.gns@gmail.com/Il mio Drive/Database Finanziario/Finance Database/Corporate_LGD_sign.xlsx,Corporate_LGD_sign.xlsx,.xlsx,macro_risk,0.0086,2021-05-18T20:14:31+00:00,43940.17,Finance Database,True
Finance Database/Corporate_LGD_Parallel.xlsx,/Users/itsgennymac/Library/CloudStorage/GoogleDrive-sfn.gns@gmail.com/Il mio Drive/Database Finanziario/Finance Database/Corporate_LGD_Parallel.xlsx,Corporate_LGD_Parallel.xlsx,.xlsx,macro_risk,0.0063,2021-05-18T19:59:50+00:00,43940.41,Finance Database,True
Finance Database/Corporate_PdModelSegnaletico.xlsx,/Users/itsgennymac/Library/CloudStorage/GoogleDrive-sfn.gns@gmail.com/Il mio Drive/Database Finanziario/Finance Database/Corporate_PdModelSegnaletico.xlsx,Corporate_PdModelSegnaletico.xlsx,.xlsx,macro_risk,0.0067,2021-05-18T17:15:46+00:00,43943.15,Finance Database,True
Finance Database/API/Betting Against Beta Equity Factors Daily.xlsx,/Users/itsgennymac/Library/CloudStorage/GoogleDrive-sfn.gns@gmail.com/Il mio Drive/Database Finanziario/Finance Database/API/Betting Against Beta Equity Factors Daily.xlsx,Betting Against Beta Equity Factors Daily.xlsx,.xlsx,prices,29.196,2021-05-18T11:33:59+00:00,43948.84,Finance Database/API,True
Finance Database/AQR Index Returns.xls,/Users/itsgennymac/Library/CloudStorage/GoogleDrive-sfn.gns@gmail.com/Il mio Drive/Database Finanziario/Finance Database/AQR Index Returns.xls,AQR Index Returns.xls,.xls,macro_risk,0.1138,2021-05-17T23:42:03+00:00,43960.71,Finance Database,True
Finance Database/ESG_efficient_frontier_portfolios_vF.xlsx,/Users/itsgennymac/Library/CloudStorage/GoogleDrive-sfn.gns@gmail.com/Il mio Drive/Database Finanziario/Finance Database/ESG_efficient_frontier_portfolios_vF.xlsx,ESG_efficient_frontier_portfolios_vF.xlsx,.xlsx,portfolio,0.2052,2021-05-17T19:48:36+00:00,43964.6,Finance Database,True
Finance Database/CAPE Shiiller ratio.xlsx,/Users/itsgennymac/Library/CloudStorage/GoogleDrive-sfn.gns@gmail.com/Il mio Drive/Database Finanziario/Finance Database/CAPE Shiiller ratio.xlsx,CAPE Shiiller ratio.xlsx,.xlsx,fundamentals,0.6115,2021-05-17T18:28:48+00:00,43965.93,Finance Database,True
Finance Database/Trend_RiskFactor.xls,/Users/itsgennymac/Library/CloudStorage/GoogleDrive-sfn.gns@gmail.com/Il mio Drive/Database Finanziario/Finance Database/Trend_RiskFactor.xls,Trend_RiskFactor.xls,.xls,macro_risk,0.0991,2021-05-17T16:24:07+00:00,43968.01,Finance Database,True
Finance Database/Cripto_yahoo.xlsx,/Users/itsgennymac/Library/CloudStorage/GoogleDrive-sfn.gns@gmail.com/Il mio Drive/Database Finanziario/Finance Database/Cripto_yahoo.xlsx,Cripto_yahoo.xlsx,.xlsx,other,0.4506,2021-05-15T17:13:57+00:00,44015.18,Finance Database,True
Finance Database/ETFyahoo_USeur.xlsx,/Users/itsgennymac/Library/CloudStorage/GoogleDrive-sfn.gns@gmail.com/Il mio Drive/Database Finanziario/Finance Database/ETFyahoo_USeur.xlsx,ETFyahoo_USeur.xlsx,.xlsx,other,0.0484,2021-05-15T15:44:45+00:00,44016.66,Finance Database,True
Finance Database/Index_Yahoo_Symbol.xlsx,/Users/itsgennymac/Library/CloudStorage/GoogleDrive-sfn.gns@gmail.com/Il mio Drive/Database Finanziario/Finance Database/Index_Yahoo_Symbol.xlsx,Index_Yahoo_Symbol.xlsx,.xlsx,other,0.014,2021-05-11T22:49:50+00:00,44105.58,Finance Database,True
Finance Database/miss_analysis3.xlsx,/Users/itsgennymac/Library/CloudStorage/GoogleDrive-sfn.gns@gmail.com/Il mio Drive/Database Finanziario/Finance Database/miss_analysis3.xlsx,miss_analysis3.xlsx,.xlsx,other,0.0587,2021-05-01T22:59:35+00:00,44345.42,Finance Database,True
Finance Database/miss_analysis.xlsx,/Users/itsgennymac/Library/CloudStorage/GoogleDrive-sfn.gns@gmail.com/Il mio Drive/Database Finanziario/Finance Database/miss_analysis.xlsx,miss_analysis.xlsx,.xlsx,other,0.2074,2021-05-01T22:52:41+00:00,44345.53,Finance Database,True
Finance Database/Universe1StockSimfin_miss2.xlsx,/Users/itsgennymac/Library/CloudStorage/GoogleDrive-sfn.gns@gmail.com/Il mio Drive/Database Finanziario/Finance Database/Universe1StockSimfin_miss2.xlsx,Universe1StockSimfin_miss2.xlsx,.xlsx,screener,0.8447,2021-05-01T22:43:53+00:00,44345.68,Finance Database,True
Finance Database/mana.csv,/Users/itsgennymac/Library/CloudStorage/GoogleDrive-sfn.gns@gmail.com/Il mio Drive/Database Finanziario/Finance Database/mana.csv,mana.csv,.csv,other,0.5658,2021-04-12T22:44:48+00:00,44801.66,Finance Database,True
Finance Database/btkn.csv,/Users/itsgennymac/Library/CloudStorage/GoogleDrive-sfn.gns@gmail.com/Il mio Drive/Database Finanziario/Finance Database/btkn.csv,btkn.csv,.csv,other,0.0642,2021-04-12T22:44:48+00:00,44801.66,Finance Database,True
Finance Database/xmr.csv,/Users/itsgennymac/Library/CloudStorage/GoogleDrive-sfn.gns@gmail.com/Il mio Drive/Database Finanziario/Finance Database/xmr.csv,xmr.csv,.csv,other,1.355,2021-04-12T22:44:48+00:00,44801.66,Finance Database,True
Finance Database/ren.csv,/Users/itsgennymac/Library/CloudStorage/GoogleDrive-sfn.gns@gmail.com/Il mio Drive/Database Finanziario/Finance Database/ren.csv,ren.csv,.csv,other,0.4509,2021-04-12T22:44:48+00:00,44801.66,Finance Database,True
Finance Database/weth.csv,/Users/itsgennymac/Library/CloudStorage/GoogleDrive-sfn.gns@gmail.com/Il mio Drive/Database Finanziario/Finance Database/weth.csv,weth.csv,.csv,other,0.5604,2021-04-12T22:44:47+00:00,44801.66,Finance Database,True
Finance Database/pax.csv,/Users/itsgennymac/Library/CloudStorage/GoogleDrive-sfn.gns@gmail.com/Il mio Drive/Database Finanziario/Finance Database/pax.csv,pax.csv,.csv,other,0.4114,2021-04-12T22:44:47+00:00,44801.66,Finance Database,True
Finance Database/pivx.csv,/Users/itsgennymac/Library/CloudStorage/GoogleDrive-sfn.gns@gmail.com/Il mio Drive/Database Finanziario/Finance Database/pivx.csv,pivx.csv,.csv,other,0.7994,2021-04-12T22:44:47+00:00,44801.66,Finance Database,True
Finance Database/xvg.csv,/Users/itsgennymac/Library/CloudStorage/GoogleDrive-sfn.gns@gmail.com/Il mio Drive/Database Finanziario/Finance Database/xvg.csv,xvg.csv,.csv,other,1.0542,2021-04-12T22:44:47+00:00,44801.66,Finance Database,True
Finance Database/b10.csv,/Users/itsgennymac/Library/CloudStorage/GoogleDrive-sfn.gns@gmail.com/Il mio Drive/Database Finanziario/Finance Database/b10.csv,b10.csv,.csv,other,0.0661,2021-04-12T22:44:46+00:00,44801.66,Finance Database,True
Finance Database/alpha.csv,/Users/itsgennymac/Library/CloudStorage/GoogleDrive-sfn.gns@gmail.com/Il mio Drive/Database Finanziario/Finance Database/alpha.csv,alpha.csv,.csv,other,0.0665,2021-04-12T22:44:46+00:00,44801.66,Finance Database,True
Finance Database/dgx.csv,/Users/itsgennymac/Library/CloudStorage/GoogleDrive-sfn.gns@gmail.com/Il mio Drive/Database Finanziario/Finance Database/dgx.csv,dgx.csv,.csv,other,0.3422,2021-04-12T22:44:46+00:00,44801.66,Finance Database,True
Finance Database/leo_eos.csv,/Users/itsgennymac/Library/CloudStorage/GoogleDrive-sfn.gns@gmail.com/Il mio Drive/Database Finanziario/Finance Database/leo_eos.csv,leo_eos.csv,.csv,other,0.2168,2021-04-12T22:44:46+00:00,44801.66,Finance Database,True
Finance Database/lend.csv,/Users/itsgennymac/Library/CloudStorage/GoogleDrive-sfn.gns@gmail.com/Il mio Drive/Database Finanziario/Finance Database/lend.csv,lend.csv,.csv,other,0.5369,2021-04-12T22:44:46+00:00,44801.66,Finance Database,True
Finance Database/sai.csv,/Users/itsgennymac/Library/CloudStorage/GoogleDrive-sfn.gns@gmail.com/Il mio Drive/Database Finanziario/Finance Database/sai.csv,sai.csv,.csv,other,0.3134,2021-04-12T22:44:45+00:00,44801.66,Finance Database,True
Finance Database/gold.csv,/Users/itsgennymac/Library/CloudStorage/GoogleDrive-sfn.gns@gmail.com/Il mio Drive/Database Finanziario/Finance Database/gold.csv,gold.csv,.csv,other,0.1345,2021-04-12T22:44:45+00:00,44801.66,Finance Database,True
Finance Database/paxg.csv,/Users/itsgennymac/Library/CloudStorage/GoogleDrive-sfn.gns@gmail.com/Il mio Drive/Database Finanziario/Finance Database/paxg.csv,paxg.csv,.csv,other,0.1993,2021-04-12T22:44:45+00:00,44801.66,Finance Database,True
Finance Database/kcs.csv,/Users/itsgennymac/Library/CloudStorage/GoogleDrive-sfn.gns@gmail.com/Il mio Drive/Database Finanziario/Finance Database/kcs.csv,kcs.csv,.csv,other,0.1286,2021-04-12T22:44:45+00:00,44801.66,Finance Database,True
Finance Database/snx.csv,/Users/itsgennymac/Library/CloudStorage/GoogleDrive-sfn.gns@gmail.com/Il mio Drive/Database Finanziario/Finance Database/snx.csv,snx.csv,.csv,other,0.2758,2021-04-12T22:44:45+00:00,44801.66,Finance Database,True
Finance Database/loom.csv,/Users/itsgennymac/Library/CloudStorage/GoogleDrive-sfn.gns@gmail.com/Il mio Drive/Database Finanziario/Finance Database/loom.csv,loom.csv,.csv,other,0.4309,2021-04-12T22:44:45+00:00,44801.66,Finance Database,True
Finance Database/fun.csv,/Users/itsgennymac/Library/CloudStorage/GoogleDrive-sfn.gns@gmail.com/Il mio Drive/Database Finanziario/Finance Database/fun.csv,fun.csv,.csv,other,0.5438,2021-04-12T22:44:45+00:00,44801.66,Finance Database,True
Finance Database/lsk.csv,/Users/itsgennymac/Library/CloudStorage/GoogleDrive-sfn.gns@gmail.com/Il mio Drive/Database Finanziario/Finance Database/lsk.csv,lsk.csv,.csv,other,1.009,2021-04-12T22:44:44+00:00,44801.67,Finance Database,True
Finance Database/dxy.csv,/Users/itsgennymac/Library/CloudStorage/GoogleDrive-sfn.gns@gmail.com/Il mio Drive/Database Finanziario/Finance Database/dxy.csv,dxy.csv,.csv,other,0.1029,2021-04-12T22:44:44+00:00,44801.67,Finance Database,True
Finance Database/tusd.csv,/Users/itsgennymac/Library/CloudStorage/GoogleDrive-sfn.gns@gmail.com/Il mio Drive/Database Finanziario/Finance Database/tusd.csv,tusd.csv,.csv,other,0.3619,2021-04-12T22:44:44+00:00,44801.67,Finance Database,True
Finance Database/ltc.csv,/Users/itsgennymac/Library/CloudStorage/GoogleDrive-sfn.gns@gmail.com/Il mio Drive/Database Finanziario/Finance Database/ltc.csv,ltc.csv,.csv,other,2.2118,2021-04-12T22:44:44+00:00,44801.67,Finance Database,True
Finance Database/xem.csv,/Users/itsgennymac/Library/CloudStorage/GoogleDrive-sfn.gns@gmail.com/Il mio Drive/Database Finanziario/Finance Database/xem.csv,xem.csv,.csv,other,1.1081,2021-04-12T22:44:43+00:00,44801.67,Finance Database,True
Finance Database/qash.csv,/Users/itsgennymac/Library/CloudStorage/GoogleDrive-sfn.gns@gmail.com/Il mio Drive/Database Finanziario/Finance Database/qash.csv,qash.csv,.csv,other,0.4641,2021-04-12T22:44:43+00:00,44801.67,Finance Database,True
Finance Database/comp.csv,/Users/itsgennymac/Library/CloudStorage/GoogleDrive-sfn.gns@gmail.com/Il mio Drive/Database Finanziario/Finance Database/comp.csv,comp.csv,.csv,other,0.1337,2021-04-12T22:44:43+00:00,44801.67,Finance Database,True
Finance Database/liborusd.csv,/Users/itsgennymac/Library/CloudStorage/GoogleDrive-sfn.gns@gmail.com/Il mio Drive/Database Finanziario/Finance Database/liborusd.csv,liborusd.csv,.csv,other,0.1318,2021-04-12T22:44:43+00:00,44801.67,Finance Database,True
Finance Database/eng.csv,/Users/itsgennymac/Library/CloudStorage/GoogleDrive-sfn.gns@gmail.com/Il mio Drive/Database Finanziario/Finance Database/eng.csv,eng.csv,.csv,other,0.4769,2021-04-12T22:44:43+00:00,44801.67,Finance Database,True
Finance Database/uma.csv,/Users/itsgennymac/Library/CloudStorage/GoogleDrive-sfn.gns@gmail.com/Il mio Drive/Database Finanziario/Finance Database/uma.csv,uma.csv,.csv,other,0.1484,2021-04-12T22:44:43+00:00,44801.67,Finance Database,True
Finance Database/xrp.csv,/Users/itsgennymac/Library/CloudStorage/GoogleDrive-sfn.gns@gmail.com/Il mio Drive/Database Finanziario/Finance Database/xrp.csv,xrp.csv,.csv,other,1.4491,2021-04-12T22:44:42+00:00,44801.67,Finance Database,True
Finance Database/usdc.csv,/Users/itsgennymac/Library/CloudStorage/GoogleDrive-sfn.gns@gmail.com/Il mio Drive/Database Finanziario/Finance Database/usdc.csv,usdc.csv,.csv,other,0.4226,2021-04-12T22:44:42+00:00,44801.67,Finance Database,True
Finance Database/dash.csv,/Users/itsgennymac/Library/CloudStorage/GoogleDrive-sfn.gns@gmail.com/Il mio Drive/Database Finanziario/Finance Database/dash.csv,dash.csv,.csv,other,1.9178,2021-04-12T22:44:42+00:00,44801.67,Finance Database,True
Finance Database/bsv.csv,/Users/itsgennymac/Library/CloudStorage/GoogleDrive-sfn.gns@gmail.com/Il mio Drive/Database Finanziario/Finance Database/bsv.csv,bsv.csv,.csv,other,0.6095,2021-04-12T22:44:41+00:00,44801.67,Finance Database,True
Finance Database/elf.csv,/Users/itsgennymac/Library/CloudStorage/GoogleDrive-sfn.gns@gmail.com/Il mio Drive/Database Finanziario/Finance Database/elf.csv,elf.csv,.csv,other,0.4971,2021-04-12T22:44:41+00:00,44801.67,Finance Database,True
Finance Database/srm.csv,/Users/itsgennymac/Library/CloudStorage/GoogleDrive-sfn.gns@gmail.com/Il mio Drive/Database Finanziario/Finance Database/srm.csv,srm.csv,.csv,other,0.087,2021-04-12T22:44:41+00:00,44801.67,Finance Database,True
Finance Database/omg.csv,/Users/itsgennymac/Library/CloudStorage/GoogleDrive-sfn.gns@gmail.com/Il mio Drive/Database Finanziario/Finance Database/omg.csv,omg.csv,.csv,other,0.5759,2021-04-12T22:44:41+00:00,44801.67,Finance Database,True
Finance Database/swrv.csv,/Users/itsgennymac/Library/CloudStorage/GoogleDrive-sfn.gns@gmail.com/Il mio Drive/Database Finanziario/Finance Database/swrv.csv,swrv.csv,.csv,other,0.0934,2021-04-12T22:44:40+00:00,44801.67,Finance Database,True
Finance Database/xaut.csv,/Users/itsgennymac/Library/CloudStorage/GoogleDrive-sfn.gns@gmail.com/Il mio Drive/Database Finanziario/Finance Database/xaut.csv,xaut.csv,.csv,other,0.1411,2021-04-12T22:44:40+00:00,44801.67,Finance Database,True
Finance Database/cvc.csv,/Users/itsgennymac/Library/CloudStorage/GoogleDrive-sfn.gns@gmail.com/Il mio Drive/Database Finanziario/Finance Database/cvc.csv,cvc.csv,.csv,other,0.5069,2021-04-12T22:44:40+00:00,44801.67,Finance Database,True
Finance Database/mkr.csv,/Users/itsgennymac/Library/CloudStorage/GoogleDrive-sfn.gns@gmail.com/Il mio Drive/Database Finanziario/Finance Database/mkr.csv,mkr.csv,.csv,other,0.6056,2021-04-12T22:44:40+00:00,44801.67,Finance Database,True
Finance Database/usdt_trx.csv,/Users/itsgennymac/Library/CloudStorage/GoogleDrive-sfn.gns@gmail.com/Il mio Drive/Database Finanziario/Finance Database/usdt_trx.csv,usdt_trx.csv,.csv,other,0.3063,2021-04-12T22:44:40+00:00,44801.67,Finance Database,True
Finance Database/vix.csv,/Users/itsgennymac/Library/CloudStorage/GoogleDrive-sfn.gns@gmail.com/Il mio Drive/Database Finanziario/Finance Database/vix.csv,vix.csv,.csv,other,0.1281,2021-04-12T22:44:40+00:00,44801.67,Finance Database,True
Finance Database/trx.csv,/Users/itsgennymac/Library/CloudStorage/GoogleDrive-sfn.gns@gmail.com/Il mio Drive/Database Finanziario/Finance Database/trx.csv,trx.csv,.csv,other,0.4242,2021-04-12T22:44:39+00:00,44801.67,Finance Database,True
Finance Database/btg.csv,/Users/itsgennymac/Library/CloudStorage/GoogleDrive-sfn.gns@gmail.com/Il mio Drive/Database Finanziario/Finance Database/btg.csv,btg.csv,.csv,other,0.8959,2021-04-12T22:44:39+00:00,44801.67,Finance Database,True
Finance Database/neo.csv,/Users/itsgennymac/Library/CloudStorage/GoogleDrive-sfn.gns@gmail.com/Il mio Drive/Database Finanziario/Finance Database/neo.csv,neo.csv,.csv,other,0.6344,2021-04-12T22:44:39+00:00,44801.67,Finance Database,True
Finance Database/wbtc.csv,/Users/itsgennymac/Library/CloudStorage/GoogleDrive-sfn.gns@gmail.com/Il mio Drive/Database Finanziario/Finance Database/wbtc.csv,wbtc.csv,.csv,other,0.2998,2021-04-12T22:44:39+00:00,44801.67,Finance Database,True
Finance Database/b40.csv,/Users/itsgennymac/Library/CloudStorage/GoogleDrive-sfn.gns@gmail.com/Il mio Drive/Database Finanziario/Finance Database/b40.csv,b40.csv,.csv,other,0.0578,2021-04-12T22:44:39+00:00,44801.67,Finance Database,True
Finance Database/nxm.csv,/Users/itsgennymac/Library/CloudStorage/GoogleDrive-sfn.gns@gmail.com/Il mio Drive/Database Finanziario/Finance Database/nxm.csv,nxm.csv,.csv,other,0.1707,2021-04-12T22:44:38+00:00,44801.67,Finance Database,True
Finance Database/ethos.csv,/Users/itsgennymac/Library/CloudStorage/GoogleDrive-sfn.gns@gmail.com/Il mio Drive/Database Finanziario/Finance Database/ethos.csv,ethos.csv,.csv,other,0.5449,2021-04-12T22:44:38+00:00,44801.67,Finance Database,True
Finance Database/waves.csv,/Users/itsgennymac/Library/CloudStorage/GoogleDrive-sfn.gns@gmail.com/Il mio Drive/Database Finanziario/Finance Database/waves.csv,waves.csv,.csv,other,0.8298,2021-04-12T22:44:38+00:00,44801.67,Finance Database,True
Finance Database/gusd.csv,/Users/itsgennymac/Library/CloudStorage/GoogleDrive-sfn.gns@gmail.com/Il mio Drive/Database Finanziario/Finance Database/gusd.csv,gusd.csv,.csv,other,0.3496,2021-04-12T22:44:37+00:00,44801.67,Finance Database,True
Finance Database/renbtc.csv,/Users/itsgennymac/Library/CloudStorage/GoogleDrive-sfn.gns@gmail.com/Il mio Drive/Database Finanziario/Finance Database/renbtc.csv,renbtc.csv,.csv,other,0.1236,2021-04-12T22:44:37+00:00,44801.67,Finance Database,True
Finance Database/ant.csv,/Users/itsgennymac/Library/CloudStorage/GoogleDrive-sfn.gns@gmail.com/Il mio Drive/Database Finanziario/Finance Database/ant.csv,ant.csv,.csv,other,0.5607,2021-04-12T22:44:37+00:00,44801.67,Finance Database,True
Finance Database/bnb_mainnet.csv,/Users/itsgennymac/Library/CloudStorage/GoogleDrive-sfn.gns@gmail.com/Il mio Drive/Database Finanziario/Finance Database/bnb_mainnet.csv,bnb_mainnet.csv,.csv,other,0.3594,2021-04-12T22:44:37+00:00,44801.67,Finance Database,True
Finance Database/wnxm.csv,/Users/itsgennymac/Library/CloudStorage/GoogleDrive-sfn.gns@gmail.com/Il mio Drive/Database Finanziario/Finance Database/wnxm.csv,wnxm.csv,.csv,other,0.1053,2021-04-12T22:44:37+00:00,44801.67,Finance Database,True
Finance Database/fxc.csv,/Users/itsgennymac/Library/CloudStorage/GoogleDrive-sfn.gns@gmail.com/Il mio Drive/Database Finanziario/Finance Database/fxc.csv,fxc.csv,.csv,macro_risk,0.2433,2021-04-12T22:44:36+00:00,44801.67,Finance Database,True
Finance Database/aave.csv,/Users/itsgennymac/Library/CloudStorage/GoogleDrive-sfn.gns@gmail.com/Il mio Drive/Database Finanziario/Finance Database/aave.csv,aave.csv,.csv,other,0.0781,2021-04-12T22:44:36+00:00,44801.67,Finance Database,True
Finance Database/mco.csv,/Users/itsgennymac/Library/CloudStorage/GoogleDrive-sfn.gns@gmail.com/Il mio Drive/Database Finanziario/Finance Database/mco.csv,mco.csv,.csv,other,0.5034,2021-04-12T22:44:36+00:00,44801.67,Finance Database,True
Finance Database/doge.csv,/Users/itsgennymac/Library/CloudStorage/GoogleDrive-sfn.gns@gmail.com/Il mio Drive/Database Finanziario/Finance Database/doge.csv,doge.csv,.csv,other,1.9827,2021-04-12T22:44:36+00:00,44801.67,Finance Database,True
Finance Database/gas.csv,/Users/itsgennymac/Library/CloudStorage/GoogleDrive-sfn.gns@gmail.com/Il mio Drive/Database Finanziario/Finance Database/gas.csv,gas.csv,.csv,other,0.6116,2021-04-12T22:44:35+00:00,44801.67,Finance Database,True
Finance Database/leo_eth.csv,/Users/itsgennymac/Library/CloudStorage/GoogleDrive-sfn.gns@gmail.com/Il mio Drive/Database Finanziario/Finance Database/leo_eth.csv,leo_eth.csv,.csv,other,0.2584,2021-04-12T22:44:35+00:00,44801.67,Finance Database,True
Finance Database/gnt.csv,/Users/itsgennymac/Library/CloudStorage/GoogleDrive-sfn.gns@gmail.com/Il mio Drive/Database Finanziario/Finance Database/gnt.csv,gnt.csv,.csv,other,0.6166,2021-04-12T22:44:35+00:00,44801.67,Finance Database,True
Finance Database/hedg.csv,/Users/itsgennymac/Library/CloudStorage/GoogleDrive-sfn.gns@gmail.com/Il mio Drive/Database Finanziario/Finance Database/hedg.csv,hedg.csv,.csv,other,0.2264,2021-04-12T22:44:35+00:00,44801.67,Finance Database,True
Finance Database/drgn.csv,/Users/itsgennymac/Library/CloudStorage/GoogleDrive-sfn.gns@gmail.com/Il mio Drive/Database Finanziario/Finance Database/drgn.csv,drgn.csv,.csv,other,0.484,2021-04-12T22:44:34+00:00,44801.67,Finance Database,True
Finance Database/ftt.csv,/Users/itsgennymac/Library/CloudStorage/GoogleDrive-sfn.gns@gmail.com/Il mio Drive/Database Finanziario/Finance Database/ftt.csv,ftt.csv,.csv,other,0.2703,2021-04-12T22:44:34+00:00,44801.67,Finance Database,True
Finance Database/hbtc.csv,/Users/itsgennymac/Library/CloudStorage/GoogleDrive-sfn.gns@gmail.com/Il mio Drive/Database Finanziario/Finance Database/hbtc.csv,hbtc.csv,.csv,other,0.1564,2021-04-12T22:44:34+00:00,44801.67,Finance Database,True
Finance Database/maid.csv,/Users/itsgennymac/Library/CloudStorage/GoogleDrive-sfn.gns@gmail.com/Il mio Drive/Database Finanziario/Finance Database/maid.csv,maid.csv,.csv,other,0.8591,2021-04-12T22:44:34+00:00,44801.67,Finance Database,True
Finance Database/grin.csv,/Users/itsgennymac/Library/CloudStorage/GoogleDrive-sfn.gns@gmail.com/Il mio Drive/Database Finanziario/Finance Database/grin.csv,grin.csv,.csv,other,0.307,2021-04-12T22:44:34+00:00,44801.67,Finance Database,True
Finance Database/usdk.csv,/Users/itsgennymac/Library/CloudStorage/GoogleDrive-sfn.gns@gmail.com/Il mio Drive/Database Finanziario/Finance Database/usdk.csv,usdk.csv,.csv,other,0.1255,2021-04-12T22:44:33+00:00,44801.67,Finance Database,True
Finance Database/knc.csv,/Users/itsgennymac/Library/CloudStorage/GoogleDrive-sfn.gns@gmail.com/Il mio Drive/Database Finanziario/Finance Database/knc.csv,knc.csv,.csv,other,0.5479,2021-04-12T22:44:33+00:00,44801.67,Finance Database,True
Finance Database/usdt_eth.csv,/Users/itsgennymac/Library/CloudStorage/GoogleDrive-sfn.gns@gmail.com/Il mio Drive/Database Finanziario/Finance Database/usdt_eth.csv,usdt_eth.csv,.csv,other,0.5181,2021-04-12T22:44:33+00:00,44801.67,Finance Database,True
Finance Database/husd.csv,/Users/itsgennymac/Library/CloudStorage/GoogleDrive-sfn.gns@gmail.com/Il mio Drive/Database Finanziario/Finance Database/husd.csv,husd.csv,.csv,other,0.2847,2021-04-12T22:44:33+00:00,44801.67,Finance Database,True
Finance Database/zrx.csv,/Users/itsgennymac/Library/CloudStorage/GoogleDrive-sfn.gns@gmail.com/Il mio Drive/Database Finanziario/Finance Database/zrx.csv,zrx.csv,.csv,other,0.5796,2021-04-12T22:44:33+00:00,44801.67,Finance Database,True
Finance Database/bat.csv,/Users/itsgennymac/Library/CloudStorage/GoogleDrive-sfn.gns@gmail.com/Il mio Drive/Database Finanziario/Finance Database/bat.csv,bat.csv,.csv,other,0.5815,2021-04-12T22:44:32+00:00,44801.67,Finance Database,True
Finance Database/rep.csv,/Users/itsgennymac/Library/CloudStorage/GoogleDrive-sfn.gns@gmail.com/Il mio Drive/Database Finanziario/Finance Database/rep.csv,rep.csv,.csv,other,0.6386,2021-04-12T22:44:32+00:00,44801.67,Finance Database,True
Finance Database/1inch.csv,/Users/itsgennymac/Library/CloudStorage/GoogleDrive-sfn.gns@gmail.com/Il mio Drive/Database Finanziario/Finance Database/1inch.csv,1inch.csv,.csv,other,0.0388,2021-04-12T22:44:32+00:00,44801.67,Finance Database,True
Finance Database/uni.csv,/Users/itsgennymac/Library/CloudStorage/GoogleDrive-sfn.gns@gmail.com/Il mio Drive/Database Finanziario/Finance Database/uni.csv,uni.csv,.csv,other,0.0852,2021-04-12T22:44:32+00:00,44801.67,Finance Database,True
Finance Database/wtc.csv,/Users/itsgennymac/Library/CloudStorage/GoogleDrive-sfn.gns@gmail.com/Il mio Drive/Database Finanziario/Finance Database/wtc.csv,wtc.csv,.csv,other,0.5221,2021-04-12T22:44:32+00:00,44801.67,Finance Database,True
Finance Database/bch.csv,/Users/itsgennymac/Library/CloudStorage/GoogleDrive-sfn.gns@gmail.com/Il mio Drive/Database Finanziario/Finance Database/bch.csv,bch.csv,.csv,other,0.9454,2021-04-12T22:44:31+00:00,44801.67,Finance Database,True
Finance Database/btc.csv,/Users/itsgennymac/Library/CloudStorage/GoogleDrive-sfn.gns@gmail.com/Il mio Drive/Database Finanziario/Finance Database/btc.csv,btc.csv,.csv,other,2.749,2021-04-12T22:44:31+00:00,44801.67,Finance Database,True
Finance Database/etc.csv,/Users/itsgennymac/Library/CloudStorage/GoogleDrive-sfn.gns@gmail.com/Il mio Drive/Database Finanziario/Finance Database/etc.csv,etc.csv,.csv,other,1.2727,2021-04-12T22:44:31+00:00,44801.67,Finance Database,True
Finance Database/sushi.csv,/Users/itsgennymac/Library/CloudStorage/GoogleDrive-sfn.gns@gmail.com/Il mio Drive/Database Finanziario/Finance Database/sushi.csv,sushi.csv,.csv,other,0.1026,2021-04-12T22:44:30+00:00,44801.67,Finance Database,True
Finance Database/poly.csv,/Users/itsgennymac/Library/CloudStorage/GoogleDrive-sfn.gns@gmail.com/Il mio Drive/Database Finanziario/Finance Database/poly.csv,poly.csv,.csv,other,0.4238,2021-04-12T22:44:30+00:00,44801.67,Finance Database,True
Finance Database/xlm.csv,/Users/itsgennymac/Library/CloudStorage/GoogleDrive-sfn.gns@gmail.com/Il mio Drive/Database Finanziario/Finance Database/xlm.csv,xlm.csv,.csv,other,1.1424,2021-04-12T22:44:30+00:00,44801.67,Finance Database,True
Finance Database/zec.csv,/Users/itsgennymac/Library/CloudStorage/GoogleDrive-sfn.gns@gmail.com/Il mio Drive/Database Finanziario/Finance Database/zec.csv,zec.csv,.csv,other,1.1208,2021-04-12T22:44:30+00:00,44801.67,Finance Database,True
Finance Database/vtc.csv,/Users/itsgennymac/Library/CloudStorage/GoogleDrive-sfn.gns@gmail.com/Il mio Drive/Database Finanziario/Finance Database/vtc.csv,vtc.csv,.csv,other,1.6816,2021-04-12T22:44:29+00:00,44801.67,Finance Database,True
Finance Database/xtz.csv,/Users/itsgennymac/Library/CloudStorage/GoogleDrive-sfn.gns@gmail.com/Il mio Drive/Database Finanziario/Finance Database/xtz.csv,xtz.csv,.csv,other,0.6048,2021-04-12T22:44:29+00:00,44801.67,Finance Database,True
Finance Database/eth.csv,/Users/itsgennymac/Library/CloudStorage/GoogleDrive-sfn.gns@gmail.com/Il mio Drive/Database Finanziario/Finance Database/eth.csv,eth.csv,.csv,other,1.5239,2021-04-12T22:44:29+00:00,44801.67,Finance Database,True
Finance Database/dcr.csv,/Users/itsgennymac/Library/CloudStorage/GoogleDrive-sfn.gns@gmail.com/Il mio Drive/Database Finanziario/Finance Database/dcr.csv,dcr.csv,.csv,other,1.1325,2021-04-12T22:44:29+00:00,44801.67,Finance Database,True
Finance Database/snt.csv,/Users/itsgennymac/Library/CloudStorage/GoogleDrive-sfn.gns@gmail.com/Il mio Drive/Database Finanziario/Finance Database/snt.csv,snt.csv,.csv,other,0.5986,2021-04-12T22:44:28+00:00,44801.67,Finance Database,True
Finance Database/powr.csv,/Users/itsgennymac/Library/CloudStorage/GoogleDrive-sfn.gns@gmail.com/Il mio Drive/Database Finanziario/Finance Database/powr.csv,powr.csv,.csv,other,0.4855,2021-04-12T22:44:28+00:00,44801.67,Finance Database,True
Finance Database/pay.csv,/Users/itsgennymac/Library/CloudStorage/GoogleDrive-sfn.gns@gmail.com/Il mio Drive/Database Finanziario/Finance Database/pay.csv,pay.csv,.csv,other,0.5739,2021-04-12T22:44:28+00:00,44801.67,Finance Database,True
Finance Database/eos.csv,/Users/itsgennymac/Library/CloudStorage/GoogleDrive-sfn.gns@gmail.com/Il mio Drive/Database Finanziario/Finance Database/eos.csv,eos.csv,.csv,other,0.1692,2021-04-12T22:44:28+00:00,44801.67,Finance Database,True
Finance Database/yfi.csv,/Users/itsgennymac/Library/CloudStorage/GoogleDrive-sfn.gns@gmail.com/Il mio Drive/Database Finanziario/Finance Database/yfi.csv,yfi.csv,.csv,other,0.109,2021-04-12T22:44:28+00:00,44801.67,Finance Database,True
Finance Database/ada.csv,/Users/itsgennymac/Library/CloudStorage/GoogleDrive-sfn.gns@gmail.com/Il mio Drive/Database Finanziario/Finance Database/ada.csv,ada.csv,.csv,other,0.7411,2021-04-12T22:44:28+00:00,44801.67,Finance Database,True
Finance Database/ht.csv,/Users/itsgennymac/Library/CloudStorage/GoogleDrive-sfn.gns@gmail.com/Il mio Drive/Database Finanziario/Finance Database/ht.csv,ht.csv,.csv,other,0.3752,2021-04-12T22:44:27+00:00,44801.67,Finance Database,True
Finance Database/trx_eth.csv,/Users/itsgennymac/Library/CloudStorage/GoogleDrive-sfn.gns@gmail.com/Il mio Drive/Database Finanziario/Finance Database/trx_eth.csv,trx_eth.csv,.csv,other,0.1054,2021-04-12T22:44:27+00:00,44801.67,Finance Database,True
Finance Database/dgb.csv,/Users/itsgennymac/Library/CloudStorage/GoogleDrive-sfn.gns@gmail.com/Il mio Drive/Database Finanziario/Finance Database/dgb.csv,dgb.csv,.csv,other,1.7074,2021-04-12T22:44:27+00:00,44801.67,Finance Database,True
Finance Database/bnb.csv,/Users/itsgennymac/Library/CloudStorage/GoogleDrive-sfn.gns@gmail.com/Il mio Drive/Database Finanziario/Finance Database/bnb.csv,bnb.csv,.csv,other,0.266,2021-04-12T22:44:27+00:00,44801.67,Finance Database,True
Finance Database/gno.csv,/Users/itsgennymac/Library/CloudStorage/GoogleDrive-sfn.gns@gmail.com/Il mio Drive/Database Finanziario/Finance Database/gno.csv,gno.csv,.csv,other,0.6354,2021-04-12T22:44:26+00:00,44801.67,Finance Database,True
Finance Database/b20.csv,/Users/itsgennymac/Library/CloudStorage/GoogleDrive-sfn.gns@gmail.com/Il mio Drive/Database Finanziario/Finance Database/b20.csv,b20.csv,.csv,other,0.0653,2021-04-12T22:44:26+00:00,44801.67,Finance Database,True
Finance Database/usdt.csv,/Users/itsgennymac/Library/CloudStorage/GoogleDrive-sfn.gns@gmail.com/Il mio Drive/Database Finanziario/Finance Database/usdt.csv,usdt.csv,.csv,other,0.9699,2021-04-12T22:44:26+00:00,44801.67,Finance Database,True
Finance Database/sp500.csv,/Users/itsgennymac/Library/CloudStorage/GoogleDrive-sfn.gns@gmail.com/Il mio Drive/Database Finanziario/Finance Database/sp500.csv,sp500.csv,.csv,other,0.0672,2021-04-12T22:44:26+00:00,44801.67,Finance Database,True
Finance Database/cro.csv,/Users/itsgennymac/Library/CloudStorage/GoogleDrive-sfn.gns@gmail.com/Il mio Drive/Database Finanziario/Finance Database/cro.csv,cro.csv,.csv,other,0.3212,2021-04-12T22:44:26+00:00,44801.67,Finance Database,True
Finance Database/dai.csv,/Users/itsgennymac/Library/CloudStorage/GoogleDrive-sfn.gns@gmail.com/Il mio Drive/Database Finanziario/Finance Database/dai.csv,dai.csv,.csv,other,0.2405,2021-04-12T22:44:26+00:00,44801.67,Finance Database,True
Finance Database/bal.csv,/Users/itsgennymac/Library/CloudStorage/GoogleDrive-sfn.gns@gmail.com/Il mio Drive/Database Finanziario/Finance Database/bal.csv,bal.csv,.csv,other,0.1274,2021-04-12T22:44:26+00:00,44801.67,Finance Database,True
Finance Database/crv.csv,/Users/itsgennymac/Library/CloudStorage/GoogleDrive-sfn.gns@gmail.com/Il mio Drive/Database Finanziario/Finance Database/crv.csv,crv.csv,.csv,other,0.1246,2021-04-12T22:44:25+00:00,44801.67,Finance Database,True
Finance Database/ppt.csv,/Users/itsgennymac/Library/CloudStorage/GoogleDrive-sfn.gns@gmail.com/Il mio Drive/Database Finanziario/Finance Database/ppt.csv,ppt.csv,.csv,other,0.5013,2021-04-12T22:44:25+00:00,44801.67,Finance Database,True
Finance Database/eos_eth.csv,/Users/itsgennymac/Library/CloudStorage/GoogleDrive-sfn.gns@gmail.com/Il mio Drive/Database Finanziario/Finance Database/eos_eth.csv,eos_eth.csv,.csv,other,0.1234,2021-04-12T22:44:25+00:00,44801.67,Finance Database,True
Finance Database/busd.csv,/Users/itsgennymac/Library/CloudStorage/GoogleDrive-sfn.gns@gmail.com/Il mio Drive/Database Finanziario/Finance Database/busd.csv,busd.csv,.csv,other,0.2604,2021-04-12T22:44:25+00:00,44801.67,Finance Database,True
Finance Database/dot.csv,/Users/itsgennymac/Library/CloudStorage/GoogleDrive-sfn.gns@gmail.com/Il mio Drive/Database Finanziario/Finance Database/dot.csv,dot.csv,.csv,other,0.1269,2021-04-12T22:44:25+00:00,44801.67,Finance Database,True
Finance Database/link.csv,/Users/itsgennymac/Library/CloudStorage/GoogleDrive-sfn.gns@gmail.com/Il mio Drive/Database Finanziario/Finance Database/link.csv,link.csv,.csv,other,0.5495,2021-04-12T22:44:25+00:00,44801.67,Finance Database,True
Finance Database/Database Price.RData,/Users/itsgennymac/Library/CloudStorage/GoogleDrive-sfn.gns@gmail.com/Il mio Drive/Database Finanziario/Finance Database/Database Price.RData,Database Price.RData,.rdata,prices,36.3136,2019-03-18T05:19:32+00:00,62963.09,Finance Database,True
Finance Database/Total Return CAPE.xls,/Users/itsgennymac/Library/CloudStorage/GoogleDrive-sfn.gns@gmail.com/Il mio Drive/Database Finanziario/Finance Database/Total Return CAPE.xls,Total Return CAPE.xls,.xls,other,1.481,2019-03-16T04:44:36+00:00,63011.67,Finance Database,True
Finance Database/CAPE US.xls,/Users/itsgennymac/Library/CloudStorage/GoogleDrive-sfn.gns@gmail.com/Il mio Drive/Database Finanziario/Finance Database/CAPE US.xls,CAPE US.xls,.xls,other,1.1426,2019-03-15T23:12:51+00:00,63017.2,Finance Database,True
Finance Database/FITSE MIB Constituents.csv,/Users/itsgennymac/Library/CloudStorage/GoogleDrive-sfn.gns@gmail.com/Il mio Drive/Database Finanziario/Finance Database/FITSE MIB Constituents.csv,FITSE MIB Constituents.csv,.csv,other,0.0122,2019-03-11T19:25:06+00:00,63116.99,Finance Database,True
Finance Database/EUROSTOXX50.xlsx,/Users/itsgennymac/Library/CloudStorage/GoogleDrive-sfn.gns@gmail.com/Il mio Drive/Database Finanziario/Finance Database/EUROSTOXX50.xlsx,EUROSTOXX50.xlsx,.xlsx,prices,1.4476,2019-03-10T00:28:03+00:00,63159.94,Finance Database,True
Finance Database/FTMIB_MktCap2.xls,/Users/itsgennymac/Library/CloudStorage/GoogleDrive-sfn.gns@gmail.com/Il mio Drive/Database Finanziario/Finance Database/FTMIB_MktCap2.xls,FTMIB_MktCap2.xls,.xls,other,0.0732,2019-03-09T14:58:21+00:00,63169.44,Finance Database,True
Finance Database/FTMIB_MktCap2.csv,/Users/itsgennymac/Library/CloudStorage/GoogleDrive-sfn.gns@gmail.com/Il mio Drive/Database Finanziario/Finance Database/FTMIB_MktCap2.csv,FTMIB_MktCap2.csv,.csv,other,0.0013,2019-03-08T23:30:17+00:00,63184.91,Finance Database,True
Finance Database/BAB HMLD QMJ.xls,/Users/itsgennymac/Library/CloudStorage/GoogleDrive-sfn.gns@gmail.com/Il mio Drive/Database Finanziario/Finance Database/BAB HMLD QMJ.xls,BAB HMLD QMJ.xls,.xls,other,20.4658,2019-03-07T02:41:29+00:00,63229.72,Finance Database,True
Finance Database/Mom Factors.xls,/Users/itsgennymac/Library/CloudStorage/GoogleDrive-sfn.gns@gmail.com/Il mio Drive/Database Finanziario/Finance Database/Mom Factors.xls,Mom Factors.xls,.xls,macro_risk,2.3486,2019-03-07T01:47:05+00:00,63230.63,Finance Database,True
Finance Database/Quality Minus Junk Factors Daily.xlsx,/Users/itsgennymac/Library/CloudStorage/GoogleDrive-sfn.gns@gmail.com/Il mio Drive/Database Finanziario/Finance Database/Quality Minus Junk Factors Daily.xlsx,Quality Minus Junk Factors Daily.xlsx,.xlsx,macro_risk,23.6984,2019-03-06T23:20:17+00:00,63233.07,Finance Database,True
Finance Database/The Devil in HMLs Details Factors Daily.xlsx,/Users/itsgennymac/Library/CloudStorage/GoogleDrive-sfn.gns@gmail.com/Il mio Drive/Database Finanziario/Finance Database/The Devil in HMLs Details Factors Daily.xlsx,The Devil in HMLs Details Factors Daily.xlsx,.xlsx,macro_risk,19.0797,2019-03-06T23:19:59+00:00,63233.08,Finance Database,True
Finance Database/FF factors.xls,/Users/itsgennymac/Library/CloudStorage/GoogleDrive-sfn.gns@gmail.com/Il mio Drive/Database Finanziario/Finance Database/FF factors.xls,FF factors.xls,.xls,macro_risk,3.6738,2019-03-06T23:06:11+00:00,63233.31,Finance Database,True
Finance Database/FF factors.csv,/Users/itsgennymac/Library/CloudStorage/GoogleDrive-sfn.gns@gmail.com/Il mio Drive/Database Finanziario/Finance Database/FF factors.csv,FF factors.csv,.csv,macro_risk,0.5893,2019-03-06T22:40:12+00:00,63233.74,Finance Database,True
Finance Database/TrendFollowingFactos.xls,/Users/itsgennymac/Library/CloudStorage/GoogleDrive-sfn.gns@gmail.com/Il mio Drive/Database Finanziario/Finance Database/TrendFollowingFactos.xls,TrendFollowingFactos.xls,.xls,other,0.0625,2019-03-05T22:07:38+00:00,63258.28,Finance Database,True
Finance Database/TimeSeriesCleanStocksItems.xlsx,/Users/itsgennymac/Library/CloudStorage/GoogleDrive-sfn.gns@gmail.com/Il mio Drive/Database Finanziario/Finance Database/TimeSeriesCleanStocksItems.xlsx,TimeSeriesCleanStocksItems.xlsx,.xlsx,other,0.4563,2019-03-05T15:55:21+00:00,63264.49,Finance Database,True
The Devil in HMLs Details Factors Daily.xlsx,/Users/itsgennymac/Library/CloudStorage/GoogleDrive-sfn.gns@gmail.com/Il mio Drive/Database Finanziario/The Devil in HMLs Details Factors Daily.xlsx,The Devil in HMLs Details Factors Daily.xlsx,.xlsx,macro_risk,19.0797,2019-03-03T02:04:24+00:00,63326.34,.,True
Quality Minus Junk Factors Daily.xlsx,/Users/itsgennymac/Library/CloudStorage/GoogleDrive-sfn.gns@gmail.com/Il mio Drive/Database Finanziario/Quality Minus Junk Factors Daily.xlsx,Quality Minus Junk Factors Daily.xlsx,.xlsx,macro_risk,23.6984,2019-03-03T02:03:35+00:00,63326.35,.,True
Betting Against Beta Equity Factors Daily.xlsx,/Users/itsgennymac/Library/CloudStorage/GoogleDrive-sfn.gns@gmail.com/Il mio Drive/Database Finanziario/Betting Against Beta Equity Factors Daily.xlsx,Betting Against Beta Equity Factors Daily.xlsx,.xlsx,prices,23.0019,2019-03-03T02:02:46+00:00,63326.36,.,True
Betting Against Beta Original Paper Data.xlsx,/Users/itsgennymac/Library/CloudStorage/GoogleDrive-sfn.gns@gmail.com/Il mio Drive/Database Finanziario/Betting Against Beta Original Paper Data.xlsx,Betting Against Beta Original Paper Data.xlsx,.xlsx,other,0.1415,2019-03-03T02:01:32+00:00,63326.39,.,True
Finance Database/PortfolioMWNames.xls,/Users/itsgennymac/Library/CloudStorage/GoogleDrive-sfn.gns@gmail.com/Il mio Drive/Database Finanziario/Finance Database/PortfolioMWNames.xls,PortfolioMWNames.xls,.xls,portfolio,0.0669,2019-02-27T03:10:48+00:00,63421.23,Finance Database,True
Finance Database/Tickers.xlsx,/Users/itsgennymac/Library/CloudStorage/GoogleDrive-sfn.gns@gmail.com/Il mio Drive/Database Finanziario/Finance Database/Tickers.xlsx,Tickers.xlsx,.xlsx,other,0.0145,2019-02-17T23:18:50+00:00,63641.1,Finance Database,True
Finance Database/118 Universe Time Series Clean.xlsx,/Users/itsgennymac/Library/CloudStorage/GoogleDrive-sfn.gns@gmail.com/Il mio Drive/Database Finanziario/Finance Database/118 Universe Time Series Clean.xlsx,118 Universe Time Series Clean.xlsx,.xlsx,screener,1.7331,2019-02-17T00:41:48+00:00,63663.71,Finance Database,True
Finance Database/Data factorAnalytivd/factorDataSPGMI.rda,/Users/itsgennymac/Library/CloudStorage/GoogleDrive-sfn.gns@gmail.com/Il mio Drive/Database Finanziario/Finance Database/Data factorAnalytivd/factorDataSPGMI.rda,factorDataSPGMI.rda,.rda,macro_risk,3.4904,2019-02-10T03:05:57+00:00,63829.31,Finance Database/Data factorAnalytivd,True
Finance Database/Data factorAnalytivd/wtsDjiaGmv.rda,/Users/itsgennymac/Library/CloudStorage/GoogleDrive-sfn.gns@gmail.com/Il mio Drive/Database Finanziario/Finance Database/Data factorAnalytivd/wtsDjiaGmv.rda,wtsDjiaGmv.rda,.rda,macro_risk,0.0004,2019-02-10T03:05:57+00:00,63829.31,Finance Database/Data factorAnalytivd,True
Finance Database/Data factorAnalytivd/StockReturns.RData,/Users/itsgennymac/Library/CloudStorage/GoogleDrive-sfn.gns@gmail.com/Il mio Drive/Database Finanziario/Finance Database/Data factorAnalytivd/StockReturns.RData,StockReturns.RData,.rdata,macro_risk,1.5916,2019-02-10T03:05:57+00:00,63829.31,Finance Database/Data factorAnalytivd,True
Finance Database/Data factorAnalytivd/Stock.df.RData,/Users/itsgennymac/Library/CloudStorage/GoogleDrive-sfn.gns@gmail.com/Il mio Drive/Database Finanziario/Finance Database/Data factorAnalytivd/Stock.df.RData,Stock.df.RData,.rdata,macro_risk,4.1504,2019-02-10T03:05:57+00:00,63829.31,Finance Database/Data factorAnalytivd,True
Finance Database/Data factorAnalytivd/factorDataSetDjia.rda,/Users/itsgennymac/Library/CloudStorage/GoogleDrive-sfn.gns@gmail.com/Il mio Drive/Database Finanziario/Finance Database/Data factorAnalytivd/factorDataSetDjia.rda,factorDataSetDjia.rda,.rda,macro_risk,0.0493,2019-02-10T03:05:57+00:00,63829.31,Finance Database/Data factorAnalytivd,True
Finance Database/Data factorAnalytivd/wtsStocks145GmvLo.rda,/Users/itsgennymac/Library/CloudStorage/GoogleDrive-sfn.gns@gmail.com/Il mio Drive/Database Finanziario/Finance Database/Data factorAnalytivd/wtsStocks145GmvLo.rda,wtsStocks145GmvLo.rda,.rda,macro_risk,0.0017,2019-02-10T03:05:57+00:00,63829.31,Finance Database/Data factorAnalytivd,True
Finance Database/Data factorAnalytivd/mktSP.rda,/Users/itsgennymac/Library/CloudStorage/GoogleDrive-sfn.gns@gmail.com/Il mio Drive/Database Finanziario/Finance Database/Data factorAnalytivd/mktSP.rda,mktSP.rda,.rda,macro_risk,0.0031,2019-02-10T03:05:57+00:00,63829.31,Finance Database/Data factorAnalytivd,True
Finance Database/Data factorAnalytivd/managers.rda,/Users/itsgennymac/Library/CloudStorage/GoogleDrive-sfn.gns@gmail.com/Il mio Drive/Database Finanziario/Finance Database/Data factorAnalytivd/managers.rda,managers.rda,.rda,macro_risk,0.0056,2019-02-10T03:05:57+00:00,63829.31,Finance Database/Data factorAnalytivd,True
Finance Database/Data factorAnalytivd/TreasuryYields.RData,/Users/itsgennymac/Library/CloudStorage/GoogleDrive-sfn.gns@gmail.com/Il mio Drive/Database Finanziario/Finance Database/Data factorAnalytivd/TreasuryYields.RData,TreasuryYields.RData,.rdata,macro_risk,0.0871,2019-02-10T03:05:57+00:00,63829.31,Finance Database/Data factorAnalytivd,True
Finance Database/Data factorAnalytivd/riskFreeRate.rda,/Users/itsgennymac/Library/CloudStorage/GoogleDrive-sfn.gns@gmail.com/Il mio Drive/Database Finanziario/Finance Database/Data factorAnalytivd/riskFreeRate.rda,riskFreeRate.rda,.rda,macro_risk,0.007,2019-02-10T03:05:57+00:00,63829.31,Finance Database/Data factorAnalytivd,True
Finance Database/Data factorAnalytivd/CommonFactors.RData,/Users/itsgennymac/Library/CloudStorage/GoogleDrive-sfn.gns@gmail.com/Il mio Drive/Database Finanziario/Finance Database/Data factorAnalytivd/CommonFactors.RData,CommonFactors.RData,.rdata,macro_risk,0.0145,2019-02-10T03:05:57+00:00,63829.31,Finance Database/Data factorAnalytivd,True
Finance Database/Data factorAnalytivd/mktUS.rda,/Users/itsgennymac/Library/CloudStorage/GoogleDrive-sfn.gns@gmail.com/Il mio Drive/Database Finanziario/Finance Database/Data factorAnalytivd/mktUS.rda,mktUS.rda,.rda,macro_risk,0.0034,2019-02-10T03:05:57+00:00,63829.31,Finance Database/Data factorAnalytivd,True
Finance Database/Data factorAnalytivd/wtsStocks145Gmv.rda,/Users/itsgennymac/Library/CloudStorage/GoogleDrive-sfn.gns@gmail.com/Il mio Drive/Database Finanziario/Finance Database/Data factorAnalytivd/wtsStocks145Gmv.rda,wtsStocks145Gmv.rda,.rda,macro_risk,0.0017,2019-02-10T03:05:57+00:00,63829.31,Finance Database/Data factorAnalytivd,True
Finance Database/Data factorAnalytivd/cusumData.rda,/Users/itsgennymac/Library/CloudStorage/GoogleDrive-sfn.gns@gmail.com/Il mio Drive/Database Finanziario/Finance Database/Data factorAnalytivd/cusumData.rda,cusumData.rda,.rda,macro_risk,0.0022,2019-02-10T03:05:57+00:00,63829.31,Finance Database/Data factorAnalytivd,True
Finance Database/Data factorAnalytivd/stocksWithFactorsData300_old.rda,/Users/itsgennymac/Library/CloudStorage/GoogleDrive-sfn.gns@gmail.com/Il mio Drive/Database Finanziario/Finance Database/Data factorAnalytivd/stocksWithFactorsData300_old.rda,stocksWithFactorsData300_old.rda,.rda,macro_risk,1.4415,2019-02-10T03:05:57+00:00,63829.31,Finance Database/Data factorAnalytivd,True
Finance Database/Data factorAnalytivd/RussellData.rda,/Users/itsgennymac/Library/CloudStorage/GoogleDrive-sfn.gns@gmail.com/Il mio Drive/Database Finanziario/Finance Database/Data factorAnalytivd/RussellData.rda,RussellData.rda,.rda,macro_risk,0.0405,2019-02-10T03:05:57+00:00,63829.31,Finance Database/Data factorAnalytivd,True
Finance Database/Data factorAnalytivd/factorDataSetDjia5Yrs.rda,/Users/itsgennymac/Library/CloudStorage/GoogleDrive-sfn.gns@gmail.com/Il mio Drive/Database Finanziario/Finance Database/Data factorAnalytivd/factorDataSetDjia5Yrs.rda,factorDataSetDjia5Yrs.rda,.rda,macro_risk,0.0298,2019-02-10T03:05:57+00:00,63829.31,Finance Database/Data factorAnalytivd,True
Finance Database/Data factorAnalytivd/wtsDjiaGmvLo.rda,/Users/itsgennymac/Library/CloudStorage/GoogleDrive-sfn.gns@gmail.com/Il mio Drive/Database Finanziario/Finance Database/Data factorAnalytivd/wtsDjiaGmvLo.rda,wtsDjiaGmvLo.rda,.rda,macro_risk,0.0004,2019-02-10T03:05:57+00:00,63829.31,Finance Database/Data factorAnalytivd,True
Finance Database/Data factorAnalytivd/managers.ffm.rda,/Users/itsgennymac/Library/CloudStorage/GoogleDrive-sfn.gns@gmail.com/Il mio Drive/Database Finanziario/Finance Database/Data factorAnalytivd/managers.ffm.rda,managers.ffm.rda,.rda,macro_risk,0.0068,2019-02-10T03:05:57+00:00,63829.31,Finance Database/Data factorAnalytivd,True
Finance Database/Data factorAnalytivd/stocksWithFactorsData300.rda,/Users/itsgennymac/Library/CloudStorage/GoogleDrive-sfn.gns@gmail.com/Il mio Drive/Database Finanziario/Finance Database/Data factorAnalytivd/stocksWithFactorsData300.rda,stocksWithFactorsData300.rda,.rda,macro_risk,2.1185,2019-02-10T03:05:57+00:00,63829.31,Finance Database/Data factorAnalytivd,True
Finance Database/Data factorAnalytivd/stocks145scores6.rda,/Users/itsgennymac/Library/CloudStorage/GoogleDrive-sfn.gns@gmail.com/Il mio Drive/Database Finanziario/Finance Database/Data factorAnalytivd/stocks145scores6.rda,stocks145scores6.rda,.rda,macro_risk,1.3155,2019-02-10T03:05:57+00:00,63829.31,Finance Database/Data factorAnalytivd,True
Finance Database/118 Stocks TimeSeries 10y.xlsx,/Users/itsgennymac/Library/CloudStorage/GoogleDrive-sfn.gns@gmail.com/Il mio Drive/Database Finanziario/Finance Database/118 Stocks TimeSeries 10y.xlsx,118 Stocks TimeSeries 10y.xlsx,.xlsx,other,20.7062,2019-02-09T02:20:18+00:00,63854.07,Finance Database,True
Finance Database/Aggiornamento database foundamentals Best Universe 2+.xlsx,/Users/itsgennymac/Library/CloudStorage/GoogleDrive-sfn.gns@gmail.com/Il mio Drive/Database Finanziario/Finance Database/Aggiornamento database foundamentals Best Universe 2+.xlsx,Aggiornamento database foundamentals Best Universe 2+.xlsx,.xlsx,screener,0.1272,2019-02-07T20:24:36+00:00,63884.0,Finance Database,True
Finance Database/Aggiornamento database foundamentals Best Universe.xlsx,/Users/itsgennymac/Library/CloudStorage/GoogleDrive-sfn.gns@gmail.com/Il mio Drive/Database Finanziario/Finance Database/Aggiornamento database foundamentals Best Universe.xlsx,Aggiornamento database foundamentals Best Universe.xlsx,.xlsx,screener,0.1266,2019-02-07T19:13:02+00:00,63885.19,Finance Database,True
Finance Database/BalanceSheetHistoricalUniverse.xlsx,/Users/itsgennymac/Library/CloudStorage/GoogleDrive-sfn.gns@gmail.com/Il mio Drive/Database Finanziario/Finance Database/BalanceSheetHistoricalUniverse.xlsx,BalanceSheetHistoricalUniverse.xlsx,.xlsx,fundamentals,0.9707,2019-02-07T18:46:01+00:00,63885.64,Finance Database,True
Finance Database/Database Stock Universe Clean .xlsx,/Users/itsgennymac/Library/CloudStorage/GoogleDrive-sfn.gns@gmail.com/Il mio Drive/Database Finanziario/Finance Database/Database Stock Universe Clean .xlsx,Database Stock Universe Clean .xlsx,.xlsx,screener,5.6045,2019-02-07T17:49:58+00:00,63886.58,Finance Database,True
Finance Database/Universe 1 Stock 10 years timeframe.xlsx,/Users/itsgennymac/Library/CloudStorage/GoogleDrive-sfn.gns@gmail.com/Il mio Drive/Database Finanziario/Finance Database/Universe 1 Stock 10 years timeframe.xlsx,Universe 1 Stock 10 years timeframe.xlsx,.xlsx,screener,1.3785,2019-02-07T17:26:25+00:00,63886.97,Finance Database,True
Finance Database/Entire Universe Clean Time Series.xlsx,/Users/itsgennymac/Library/CloudStorage/GoogleDrive-sfn.gns@gmail.com/Il mio Drive/Database Finanziario/Finance Database/Entire Universe Clean Time Series.xlsx,Entire Universe Clean Time Series.xlsx,.xlsx,screener,16.6825,2019-02-06T19:40:09+00:00,63908.74,Finance Database,True
Finance Database/PortfolioMWNames.xlsx,/Users/itsgennymac/Library/CloudStorage/GoogleDrive-sfn.gns@gmail.com/Il mio Drive/Database Finanziario/Finance Database/PortfolioMWNames.xlsx,PortfolioMWNames.xlsx,.xlsx,portfolio,0.0094,2019-02-06T00:34:27+00:00,63927.84,Finance Database,True
Finance Database/TimeSeries 2013.2017.xlsx,/Users/itsgennymac/Library/CloudStorage/GoogleDrive-sfn.gns@gmail.com/Il mio Drive/Database Finanziario/Finance Database/TimeSeries 2013.2017.xlsx,TimeSeries 2013.2017.xlsx,.xlsx,other,0.6722,2019-02-06T00:05:29+00:00,63928.32,Finance Database,True
Finance Database/Datablending Time Series Price.xlsx,/Users/itsgennymac/Library/CloudStorage/GoogleDrive-sfn.gns@gmail.com/Il mio Drive/Database Finanziario/Finance Database/Datablending Time Series Price.xlsx,Datablending Time Series Price.xlsx,.xlsx,prices,4.347,2019-02-05T20:16:33+00:00,63932.13,Finance Database,True
Finance Database/Book1.xls,/Users/itsgennymac/Library/CloudStorage/GoogleDrive-sfn.gns@gmail.com/Il mio Drive/Database Finanziario/Finance Database/Book1.xls,Book1.xls,.xls,other,0.1138,2019-02-05T20:04:56+00:00,63932.33,Finance Database,True
Finance Database/FamaFrenchFactors/FF Factors /Europe_32_Portfolios_ME_BE-ME_OP_2x4x4.csv,/Users/itsgennymac/Library/CloudStorage/GoogleDrive-sfn.gns@gmail.com/Il mio Drive/Database Finanziario/Finance Database/FamaFrenchFactors/FF Factors /Europe_32_Portfolios_ME_BE-ME_OP_2x4x4.csv,Europe_32_Portfolios_ME_BE-ME_OP_2x4x4.csv,.csv,macro_risk,0.4488,2019-01-25T12:51:36+00:00,64203.55,Finance Database/FamaFrenchFactors/FF Factors ,True
Finance Database/FamaFrenchFactors/FF Factors /Global_ex_US_32_Portfolios_ME_BE-ME_OP_2x4x4.csv,/Users/itsgennymac/Library/CloudStorage/GoogleDrive-sfn.gns@gmail.com/Il mio Drive/Database Finanziario/Finance Database/FamaFrenchFactors/FF Factors /Global_ex_US_32_Portfolios_ME_BE-ME_OP_2x4x4.csv,Global_ex_US_32_Portfolios_ME_BE-ME_OP_2x4x4.csv,.csv,macro_risk,0.4488,2019-01-25T12:50:08+00:00,64203.58,Finance Database/FamaFrenchFactors/FF Factors ,True
Finance Database/FamaFrenchFactors/FF Factors /F-F_Research_Data_Factors_daily.CSV,/Users/itsgennymac/Library/CloudStorage/GoogleDrive-sfn.gns@gmail.com/Il mio Drive/Database Finanziario/Finance Database/FamaFrenchFactors/FF Factors /F-F_Research_Data_Factors_daily.CSV,F-F_Research_Data_Factors_daily.CSV,.csv,macro_risk,1.0703,2019-01-23T12:11:14+00:00,64252.22,Finance Database/FamaFrenchFactors/FF Factors ,True
Finance Database/FamaFrenchFactors/FF Factors /49_Industry_Portfolios_Daily.CSV,/Users/itsgennymac/Library/CloudStorage/GoogleDrive-sfn.gns@gmail.com/Il mio Drive/Database Finanziario/Finance Database/FamaFrenchFactors/FF Factors /49_Industry_Portfolios_Daily.CSV,49_Industry_Portfolios_Daily.CSV,.csv,macro_risk,18.7028,2019-01-18T13:52:26+00:00,64370.54,Finance Database/FamaFrenchFactors/FF Factors ,True
Finance Database/FamaFrenchFactors/FF Factors /F-F_Research_Data_5_Factors_2x3_daily.CSV,/Users/itsgennymac/Library/CloudStorage/GoogleDrive-sfn.gns@gmail.com/Il mio Drive/Database Finanziario/Finance Database/FamaFrenchFactors/FF Factors /F-F_Research_Data_5_Factors_2x3_daily.CSV,F-F_Research_Data_5_Factors_2x3_daily.CSV,.csv,macro_risk,0.8529,2019-01-18T02:56:28+00:00,64381.47,Finance Database/FamaFrenchFactors/FF Factors ,True
Finance Database/FamaFrenchFactors/FF Factors /Asia_Pacific_ex_Japan_5_Factors_Daily.csv,/Users/itsgennymac/Library/CloudStorage/GoogleDrive-sfn.gns@gmail.com/Il mio Drive/Database Finanziario/Finance Database/FamaFrenchFactors/FF Factors /Asia_Pacific_ex_Japan_5_Factors_Daily.csv,Asia_Pacific_ex_Japan_5_Factors_Daily.csv,.csv,macro_risk,0.4514,2018-11-30T11:59:52+00:00,65548.41,Finance Database/FamaFrenchFactors/FF Factors ,True
Finance Database/FamaFrenchFactors/FF Factors /Asia_Pacific_ex_Japan_3_Factors_Daily.csv,/Users/itsgennymac/Library/CloudStorage/GoogleDrive-sfn.gns@gmail.com/Il mio Drive/Database Finanziario/Finance Database/FamaFrenchFactors/FF Factors /Asia_Pacific_ex_Japan_3_Factors_Daily.csv,Asia_Pacific_ex_Japan_3_Factors_Daily.csv,.csv,macro_risk,0.3244,2018-11-30T11:59:28+00:00,65548.42,Finance Database/FamaFrenchFactors/FF Factors ,True
Finance Database/FamaFrenchFactors/FF Factors /Europe_5_Factors_Daily.csv,/Users/itsgennymac/Library/CloudStorage/GoogleDrive-sfn.gns@gmail.com/Il mio Drive/Database Finanziario/Finance Database/FamaFrenchFactors/FF Factors /Europe_5_Factors_Daily.csv,Europe_5_Factors_Daily.csv,.csv,macro_risk,0.4514,2018-11-30T11:56:54+00:00,65548.46,Finance Database/FamaFrenchFactors/FF Factors ,True
Finance Database/FamaFrenchFactors/FF Factors /Europe_3_Factors_Daily.csv,/Users/itsgennymac/Library/CloudStorage/GoogleDrive-sfn.gns@gmail.com/Il mio Drive/Database Finanziario/Finance Database/FamaFrenchFactors/FF Factors /Europe_3_Factors_Daily.csv,Europe_3_Factors_Daily.csv,.csv,macro_risk,0.3244,2018-11-30T11:56:40+00:00,65548.47,Finance Database/FamaFrenchFactors/FF Factors ,True
Finance Database/FamaFrenchFactors/FF Factors /Global_ex_US_5_Factors_Daily.csv,/Users/itsgennymac/Library/CloudStorage/GoogleDrive-sfn.gns@gmail.com/Il mio Drive/Database Finanziario/Finance Database/FamaFrenchFactors/FF Factors /Global_ex_US_5_Factors_Daily.csv,Global_ex_US_5_Factors_Daily.csv,.csv,macro_risk,0.4514,2018-11-30T11:54:00+00:00,65548.51,Finance Database/FamaFrenchFactors/FF Factors ,True
Finance Database/FamaFrenchFactors/FF Factors /Global_ex_US_3_Factors_Daily.csv,/Users/itsgennymac/Library/CloudStorage/GoogleDrive-sfn.gns@gmail.com/Il mio Drive/Database Finanziario/Finance Database/FamaFrenchFactors/FF Factors /Global_ex_US_3_Factors_Daily.csv,Global_ex_US_3_Factors_Daily.csv,.csv,macro_risk,0.3244,2018-11-30T11:53:52+00:00,65548.51,Finance Database/FamaFrenchFactors/FF Factors ,True
