mkt_price,ticker,date,mkt_market_cap,target_source,country,sector,company_name,mkt_pe,mkt_pb,mkt_beta_bank,fund_roa,fund_roe,fund_assets,data_source,ret_1m,mkt_vol_1y,mkt_mom_6m,mkt_mom_12m,mkt_drawdown_1y
5.260989189147949,BAMI.MI,2015-01-31,8039019793.9320345,yfinance_marketcap_proxy,IT,Banks,Banco BPM S.p.A.,9.637681,1.3032827,0.544,0.00997,0.13722,,yfinance_generated_csv,,,,,
6.461357593536377,BAMI.MI,2015-02-28,9873234808.628164,yfinance_marketcap_proxy,IT,Banks,Banco BPM S.p.A.,9.637681,1.3032827,0.544,0.00997,0.13722,,yfinance_generated_csv,0.22816401274202858,,,,
6.827094554901123,BAMI.MI,2015-03-31,10432096757.603188,yfinance_marketcap_proxy,IT,Banks,Banco BPM S.p.A.,9.637681,1.3032827,0.544,0.00997,0.13722,,yfinance_generated_csv,0.056603733204707796,,,,
6.662982940673828,BAMI.MI,2015-04-30,10181327089.057066,yfinance_marketcap_proxy,IT,Banks,Banco BPM S.p.A.,9.637681,1.3032827,0.544,0.00997,0.13722,,yfinance_generated_csv,-0.02403828054636803,,,,-0.02403828054636803
7.197520732879639,BAMI.MI,2015-05-31,10998124033.063559,yfinance_marketcap_proxy,IT,Banks,Banco BPM S.p.A.,9.637681,1.3032827,0.544,0.00997,0.13722,,yfinance_generated_csv,0.08022499786735948,0.10522072361176758,,,0.0
6.920873641967773,BAMI.MI,2015-06-30,10575395272.403553,yfinance_marketcap_proxy,IT,Banks,Banco BPM S.p.A.,9.637681,1.3032827,0.544,0.00997,0.13722,,yfinance_generated_csv,-0.038436442377732805,0.10659575278559992,,,-0.038436442377732805
7.403834819793701,BAMI.MI,2015-07-31,11313380911.349936,yfinance_marketcap_proxy,IT,Banks,Banco BPM S.p.A.,9.637681,1.3032827,0.544,0.00997,0.13722,,yfinance_generated_csv,0.06978326766396648,0.0954173759609771,0.4073085029457739,,0.0
7.1834540367126465,BAMI.MI,2015-08-31,10976629510.863258,yfinance_marketcap_proxy,IT,Banks,Banco BPM S.p.A.,9.637681,1.3032827,0.544,0.00997,0.13722,,yfinance_generated_csv,-0.0297657617228142,0.0937623247084265,0.11175614918738108,,-0.0297657617228142
6.198776721954346,BAMI.MI,2015-09-30,9471999841.540586,yfinance_marketcap_proxy,IT,Banks,Banco BPM S.p.A.,9.637681,1.3032827,0.544,0.00997,0.13722,,yfinance_generated_csv,-0.13707574513957876,0.10890546249328381,-0.09203297653109443,,-0.1627613428945911
6.381646633148193,BAMI.MI,2015-10-31,9751433001.911713,yfinance_marketcap_proxy,IT,Banks,Banco BPM S.p.A.,9.637681,1.3032827,0.544,0.00997,0.13722,,yfinance_generated_csv,0.029500967593520944,0.10187968340703726,-0.042223777252712424,,-0.13806199240328132
6.400400161743164,BAMI.MI,2015-11-30,9780089207.458004,yfinance_marketcap_proxy,IT,Banks,Banco BPM S.p.A.,9.637681,1.3032827,0.544,0.00997,0.13722,,yfinance_generated_csv,0.0029386660956058908,0.09633208951114743,-0.1107493261526954,,-0.13552904440384272
6.006529331207275,BAMI.MI,2015-12-31,9178237485.45451,yfinance_marketcap_proxy,IT,Banks,Banco BPM S.p.A.,9.637681,1.3032827,0.544,0.00997,0.13722,,yfinance_generated_csv,-0.06153846956166209,0.09494096983709194,-0.13211400150639474,,-0.18872726399173778
3.9949758052825928,BAMI.MI,2016-01-31,6104496401.777946,yfinance_marketcap_proxy,IT,Banks,Banco BPM S.p.A.,9.637681,1.3032827,0.544,0.00997,0.13722,,yfinance_generated_csv,-0.3348944814892584,0.13585598877634317,-0.46041802626359674,-0.2406417003244965,-0.46041802626359674
3.5518712997436523,BAMI.MI,2016-02-29,5427413487.759467,yfinance_marketcap_proxy,IT,Banks,Banco BPM S.p.A.,9.637681,1.3032827,0.544,0.00997,0.13722,,yfinance_generated_csv,-0.11091544157864974,0.1147044745094793,-0.505548266670738,-0.4502902449948337,-0.5202659991484493
2.834463119506836,BAMI.MI,2016-03-31,4331182654.753979,yfinance_marketcap_proxy,IT,Banks,Banco BPM S.p.A.,9.637681,1.3032827,0.544,0.00997,0.13722,,yfinance_generated_csv,-0.2019803421054681,0.11882087908362611,-0.5427383100494724,-0.5848214644292579,-0.6171628367600703
2.961930751800537,BAMI.MI,2016-04-30,4525958728.654384,yfinance_marketcap_proxy,IT,Banks,Banco BPM S.p.A.,9.637681,1.3032827,0.544,0.00997,0.13722,,yfinance_generated_csv,0.04497064414649321,0.12249210463846578,-0.5358673204474567,-0.5554647553245879,-0.5999464029259546
2.137010335922241,BAMI.MI,2016-05-31,3265444533.844132,yfinance_marketcap_proxy,IT,Banks,Banco BPM S.p.A.,9.637681,1.3032827,0.544,0.00997,0.13722,,yfinance_generated_csv,-0.2785076644269393,0.1294631254750526,-0.6661130113870535,-0.7030907703870899,-0.7113643958926428
1.3883497714996338,BAMI.MI,2016-06-30,2121458701.5325465,yfinance_marketcap_proxy,IT,Banks,Banco BPM S.p.A.,9.637681,1.3032827,0.544,0.00997,0.13722,,yfinance_generated_csv,-0.35033081115142006,0.14867476718337255,-0.7688599031246911,-0.799396746231464,-0.8124823412067534
1.6305339336395264,BAMI.MI,2016-07-31,2491526611.4296885,yfinance_marketcap_proxy,IT,Banks,Banco BPM S.p.A.,9.637681,1.3032827,0.544,0.00997,0.13722,,yfinance_generated_csv,0.17444030827930046,0.16278182889150328,-0.5918538651764909,-0.7797717029990467,-0.7730153314399566
1.4492195844650269,BAMI.MI,2016-08-31,2214470417.3313746,yfinance_marketcap_proxy,IT,Banks,Banco BPM S.p.A.,9.637681,1.3032827,0.544,0.00997,0.13722,,yfinance_generated_csv,-0.11119937183385475,0.16107469861371831,-0.5919842071502927,-0.7982558839997491,-0.77357359729984
1.3572672605514526,BAMI.MI,2016-09-30,2073963275.9055636,yfinance_marketcap_proxy,IT,Banks,Banco BPM S.p.A.,9.637681,1.3032827,0.544,0.00997,0.13722,,yfinance_generated_csv,-0.06344954546520154,0.16140204281667322,-0.5211554346180374,-0.781042724809818,-0.7879402496324859
1.6991742849349976,BAMI.MI,2016-10-31,2596412047.0175366,yfinance_marketcap_proxy,IT,Banks,Banco BPM S.p.A.,9.637681,1.3032827,0.544,0.00997,0.13722,,yfinance_generated_csv,0.2519084002988692,0.18871903390948977,-0.42632882828132246,-0.733740461888163,-0.7345206171496278
1.2562494277954102,BAMI.MI,2016-11-30,1919603643.5495307,yfinance_marketcap_proxy,IT,Banks,Banco BPM S.p.A.,9.637681,1.3032827,0.544,0.00997,0.13722,,yfinance_generated_csv,-0.2606706451872485,0.19265711584599077,-0.4121463023934008,-0.8037232991611469,-0.7908526940393861
1.4841874837875366,BAMI.MI,2016-12-31,2267902885.0098352,yfinance_marketcap_proxy,IT,Banks,Banco BPM S.p.A.,9.637681,1.3032827,0.544,0.00997,0.13722,,yfinance_generated_csv,0.1814433112953806,0.2100287671688554,0.06902994782387095,-0.7529043142973841,-0.6284864899995184
1.7030596733093262,BAMI.MI,2017-01-31,2602349089.069014,yfinance_marketcap_proxy,IT,Banks,Banco BPM S.p.A.,9.637681,1.3032827,0.544,0.00997,0.13722,,yfinance_generated_csv,0.1474693675244072,0.2046256857833073,0.04447974873354199,-0.5736996276529748,-0.5205176287124367
1.5256304740905762,BAMI.MI,2017-02-28,2331229572.7082424,yfinance_marketcap_proxy,IT,Banks,Banco BPM S.p.A.,9.637681,1.3032827,0.544,0.00997,0.13722,,yfinance_generated_csv,-0.10418260851305094,0.20444685048184927,0.05272554307479638,-0.5704713528891983,-0.48492027601821686
1.798897385597229,BAMI.MI,2017-03-31,2748793272.546303,yfinance_marketcap_proxy,IT,Banks,Banco BPM S.p.A.,9.637681,1.3032827,0.544,0.00997,0.13722,,yfinance_generated_csv,0.17911736567109826,0.20784120046229218,0.32538184474172294,-0.3653481065895059,-0.3926605527480034
1.728961706161499,BAMI.MI,2017-04-30,2641928519.3463492,yfinance_marketcap_proxy,IT,Banks,Banco BPM S.p.A.,9.637681,1.3032827,0.544,0.00997,0.13722,,yfinance_generated_csv,-0.03887696985701694,0.2070221166424642,0.01753052732176963,-0.41627207013179657,-0.19094368562548203
1.7950117588043213,BAMI.MI,2017-05-31,2742855866.1808896,yfinance_marketcap_proxy,IT,Banks,Banco BPM S.p.A.,9.637681,1.3032827,0.544,0.00997,0.13722,,yfinance_generated_csv,0.03820214895878826,0.19102014213241267,0.42886573246396154,-0.16003599578769845,-0.002160004691772688
1.897324800491333,BAMI.MI,2017-06-30,2899194633.99206,yfinance_marketcap_proxy,IT,Banks,Banco BPM S.p.A.,9.637681,1.3032827,0.544,0.00997,0.13722,,yfinance_generated_csv,0.05699853562806956,0.1552382460958863,0.2783592512513988,0.3666043236654457,0.0
2.0009329319000244,BAMI.MI,2017-07-31,3057512355.101401,yfinance_marketcap_proxy,IT,Banks,Banco BPM S.p.A.,9.637681,1.3032827,0.544,0.00997,0.13722,,yfinance_generated_csv,0.05460748279991967,0.14937913178784754,0.17490476890447493,0.227164237811186,0.0
2.0643932819366455,BAMI.MI,2017-08-31,3154482523.9674726,yfinance_marketcap_proxy,IT,Banks,Banco BPM S.p.A.,9.637681,1.3032827,0.544,0.00997,0.13722,,yfinance_generated_csv,0.03171538087304171,0.14286070922936941,0.35314108953363976,0.4244861883361226,0.0
2.2716095447540283,BAMI.MI,2017-09-30,3471117966.186154,yfinance_marketcap_proxy,IT,Banks,Banco BPM S.p.A.,9.637681,1.3032827,0.544,0.00997,0.13722,,yfinance_generated_csv,0.10037635010272328,0.13992336954989368,0.26277883493607956,0.6736641417483848,0.0
1.9387681484222412,BAMI.MI,2017-10-31,2962521868.1613708,yfinance_marketcap_proxy,IT,Banks,Banco BPM S.p.A.,9.637681,1.3032827,0.544,0.00997,0.13722,,yfinance_generated_csv,-0.14652227408554375,0.1356867053231906,0.12134822969939418,0.14100605547735756,-0.14652227408554375
1.863652229309082,BAMI.MI,2017-11-30,2847741483.9257054,yfinance_marketcap_proxy,IT,Banks,Banco BPM S.p.A.,9.637681,1.3032827,0.544,0.00997,0.13722,,yfinance_generated_csv,-0.038744147501230675,0.10578804517571741,0.0382395659349235,0.4835049378526699,-0.17958954098738844
1.6965841054916382,BAMI.MI,2017-12-31,2592454140.4211965,yfinance_marketcap_proxy,IT,Banks,Banco BPM S.p.A.,9.637681,1.3032827,0.544,0.00997,0.13722,,yfinance_generated_csv,-0.08964554716272444,0.10133146090488047,-0.10580196650974616,0.14310632856307426,-0.2531356854835959
1.9837729930877686,BAMI.MI,2018-01-31,3031291223.9006486,yfinance_marketcap_proxy,IT,Banks,Banco BPM S.p.A.,9.637681,1.3032827,0.544,0.00997,0.13722,,yfinance_generated_csv,0.1692747719765466,0.10406442468982832,-0.008575969008597029,0.16482882201829718,-0.12671039894641178
2.01194167137146,BAMI.MI,2018-02-28,3074334186.763717,yfinance_marketcap_proxy,IT,Banks,Banco BPM S.p.A.,9.637681,1.3032827,0.544,0.00997,0.13722,,yfinance_generated_csv,0.014199547217268238,0.09681943822855463,-0.025407760732480078,0.31876080449348154,-0.11431008202190196
1.8241513967514038,BAMI.MI,2018-03-31,2787382497.546682,yfinance_marketcap_proxy,IT,Banks,Banco BPM S.p.A.,9.637681,1.3032827,0.544,0.00997,0.13722,,yfinance_generated_csv,-0.09333783244921168,0.0897339077835324,-0.19697845918809764,0.014038605735029464,-0.19697845918809764
1.9533381462097168,BAMI.MI,2018-04-30,2984785457.0797186,yfinance_marketcap_proxy,IT,Banks,Banco BPM S.p.A.,9.637681,1.3032827,0.544,0.00997,0.13722,,yfinance_generated_csv,0.07082019052167454,0.09045856813417358,0.007515080026114784,0.12977525138272727,-0.14010832067479018
1.4372400045394897,BAMI.MI,2018-05-31,2196165099.3233023,yfinance_marketcap_proxy,IT,Banks,Banco BPM S.p.A.,9.637681,1.3032827,0.544,0.00997,0.13722,,yfinance_generated_csv,-0.26421341469815185,0.12030385082480732,-0.2288046117529543,-0.19931443485537248,-0.3673032375398321
1.6266486644744873,BAMI.MI,2018-06-30,2485589751.5351787,yfinance_marketcap_proxy,IT,Banks,Banco BPM S.p.A.,9.637681,1.3032827,0.544,0.00997,0.13722,,yfinance_generated_csv,0.13178638177114088,0.12596248701658727,-0.04122132276895574,-0.14266199226761345,-0.2839224204568914
1.7613391876220703,BAMI.MI,2018-07-31,2691402716.1145344,yfinance_marketcap_proxy,IT,Banks,Banco BPM S.p.A.,9.637681,1.3032827,0.544,0.00997,0.13722,,yfinance_generated_csv,0.08280246748371867,0.1274293084721827,-0.11212664263539407,-0.11974101703171192,-0.22462942996095325
1.255731463432312,BAMI.MI,2018-08-31,1918812171.5244434,yfinance_marketcap_proxy,IT,Banks,Banco BPM S.p.A.,9.637681,1.3032827,0.544,0.00997,0.13722,,yfinance_generated_csv,-0.28705869246704474,0.15071838095167583,-0.3758609002932325,-0.39171887720236764,-0.44720629197378914
1.374751091003418,BAMI.MI,2018-09-30,2100679327.5878263,yfinance_marketcap_proxy,IT,Banks,Banco BPM S.p.A.,9.637681,1.3032827,0.544,0.00997,0.13722,,yfinance_generated_csv,0.09478111446358728,0.15028915758914818,-0.24636129794287587,-0.394811888258606,-0.31670430084272505
1.0755826234817505,BAMI.MI,2018-10-31,1643536926.1003017,yfinance_marketcap_proxy,IT,Banks,Banco BPM S.p.A.,9.637681,1.3032827,0.544,0.00997,0.13722,,yfinance_generated_csv,-0.2176164612484921,0.15658443052545598,-0.44936178839858054,-0.44522369817295915,-0.4654006928796455
1.339136004447937,BAMI.MI,2018-11-30,2046257929.731184,yfinance_marketcap_proxy,IT,Banks,Banco BPM S.p.A.,9.637681,1.3032827,0.544,0.00997,0.13722,,yfinance_generated_csv,0.2450331338684537,0.17625602506472332,-0.06825860662220196,-0.28144533438816566,-0.33440614929204104
1.2743808031082153,BAMI.MI,2018-12-31,1947309171.8808782,yfinance_marketcap_proxy,IT,Banks,Banco BPM S.p.A.,9.637681,1.3032827,0.544,0.00997,0.13722,,yfinance_generated_csv,-0.04835595572416651,0.17499953858581624,-0.2165605081537858,-0.2488549203171253,-0.36659157606715254
1.095397710800171,BAMI.MI,2019-01-31,1673815239.4448445,yfinance_marketcap_proxy,IT,Banks,Banco BPM S.p.A.,9.637681,1.3032827,0.544,0.00997,0.13722,,yfinance_generated_csv,-0.1404471033081357,0.16913990211260754,-0.3780881510511138,-0.44782103868892276,-0.4555519544194926
1.3805791139602661,BAMI.MI,2019-02-28,2109584799.5865588,yfinance_marketcap_proxy,IT,Banks,Banco BPM S.p.A.,9.637681,1.3032827,0.544,0.00997,0.13722,,yfinance_generated_csv,0.2603450786397705,0.1892824226710388,0.09942225241908487,-0.313807585177566,-0.2932206250929159
1.1926597356796265,BAMI.MI,2019-03-31,1822435834.3733974,yfinance_marketcap_proxy,IT,Banks,Banco BPM S.p.A.,9.637681,1.3032827,0.544,0.00997,0.13722,,yfinance_generated_csv,-0.13611634159927477,0.19130881788041745,-0.13245405405780386,-0.3461837993252034,-0.3894248479230904
1.3728084564208984,BAMI.MI,2019-04-30,2097710897.640571,yfinance_marketcap_proxy,IT,Banks,Banco BPM S.p.A.,9.637681,1.3032827,0.544,0.00997,0.13722,,yfinance_generated_csv,0.15104787673461262,0.1960143130772897,0.2763393777941514,-0.29719876761496,-0.2205882512190711
1.0833531618118286,BAMI.MI,2019-05-31,1655410645.8893216,yfinance_marketcap_proxy,IT,Banks,Banco BPM S.p.A.,9.637681,1.3032827,0.544,0.00997,0.13722,,yfinance_generated_csv,-0.2108490031913992,0.19025999610018152,-0.19100587377721623,-0.2462266855987293,-0.3849264415251952
1.1591166257858276,BAMI.MI,2019-06-30,1771180506.7740722,yfinance_marketcap_proxy,IT,Banks,Banco BPM S.p.A.,9.637681,1.3032827,0.544,0.00997,0.13722,,yfinance_generated_csv,0.06993422518589432,0.18699109047289159,-0.09044720152819186,-0.28742041775794447,-0.3419117487809289
1.0930662155151367,BAMI.MI,2019-07-31,1670252613.4686286,yfinance_marketcap_proxy,IT,Banks,Banco BPM S.p.A.,9.637681,1.3032827,0.544,0.00997,0.13722,,yfinance_generated_csv,-0.05698340339645447,0.18493358641890673,-0.0021284463734464465,-0.3794118570706124,-0.2082552861605903
1.1846948862075806,BAMI.MI,2019-08-31,1810265198.7268648,yfinance_marketcap_proxy,IT,Banks,Banco BPM S.p.A.,9.637681,1.3032827,0.544,0.00997,0.13722,,yfinance_generated_csv,0.0838271912459223,0.16690890893610144,-0.14188555061562613,-0.05656987922446888,-0.14188555061562613
1.2135108709335327,BAMI.MI,2019-09-30,1854297273.9250824,yfinance_marketcap_proxy,IT,Banks,Banco BPM S.p.A.,9.637681,1.3032827,0.544,0.00997,0.13722,,yfinance_generated_csv,0.024323549515941068,0.16480009767727968,0.017482886887285165,-0.11728684641537368,-0.12101316131568085
1.3190617561340332,BAMI.MI,2019-10-31,2015583607.138646,yfinance_marketcap_proxy,IT,Banks,Banco BPM S.p.A.,9.637681,1.3032827,0.544,0.00997,0.13722,,yfinance_generated_csv,0.0869797607328413,0.15075601708739264,-0.03915090997253201,0.226369529719735,-0.044559096399602205
1.308700680732727,BAMI.MI,2019-11-30,1999751434.2823827,yfinance_marketcap_proxy,IT,Banks,Banco BPM S.p.A.,9.637681,1.3032827,0.544,0.00997,0.13722,,yfinance_generated_csv,-0.00785488272487933,0.1343495902130128,0.2080092871506658,-0.022727582272539237,-0.05206397264793605
1.3132339715957642,BAMI.MI,2019-12-31,2006678499.4538488,yfinance_marketcap_proxy,IT,Banks,Banco BPM S.p.A.,9.637681,1.3032827,0.544,0.00997,0.13722,,yfinance_generated_csv,0.0034639630969695023,0.13326077061693853,0.13296103462018083,0.03048787959830057,-0.04878035723090057
1.1979697942733765,BAMI.MI,2020-01-31,1830549834.3470426,yfinance_marketcap_proxy,IT,Banks,Banco BPM S.p.A.,9.637681,1.3032827,0.544,0.00997,0.13722,,yfinance_generated_csv,-0.0877712424560001,0.1286182065548875,0.0959718425738747,0.09363912528014895,-0.13227008712529698
1.2837700843811035,BAMI.MI,2020-02-29,1961656401.1356428,yfinance_marketcap_proxy,IT,Banks,Banco BPM S.p.A.,9.637681,1.3032827,0.544,0.00997,0.13722,,yfinance_generated_csv,0.07162141359312724,0.10532361645891397,0.08362929504210181,-0.07012204414816958,-0.06485855446427702
0.7770615220069885,BAMI.MI,2020-03-31,1187383728.0264103,yfinance_marketcap_proxy,IT,Banks,Banco BPM S.p.A.,9.637681,1.3032827,0.544,0.00997,0.13722,,yfinance_generated_csv,-0.39470351314378505,0.15176345456754645,-0.3596583758584637,-0.3484633556743768,-0.4339621683035845
0.7210481762886047,BAMI.MI,2020-04-30,1101792904.938752,yfinance_marketcap_proxy,IT,Banks,Banco BPM S.p.A.,9.637681,1.3032827,0.544,0.00997,0.13722,,yfinance_generated_csv,-0.07208354053320376,0.14195300198896496,-0.4533628369289654,-0.47476417928799985,-0.4533628369289654
0.7450076937675476,BAMI.MI,2020-05-31,1138404087.4258,yfinance_marketcap_proxy,IT,Banks,Banco BPM S.p.A.,9.637681,1.3032827,0.544,0.00997,0.13722,,yfinance_generated_csv,0.03322873320652131,0.13255408956725157,-0.4307272054367497,-0.31231317724538055,-0.4351987764765083
0.859947919845581,BAMI.MI,2020-06-30,1314037740.972612,yfinance_marketcap_proxy,IT,Banks,Banco BPM S.p.A.,9.637681,1.3032827,0.544,0.00997,0.13722,,yfinance_generated_csv,0.15428058936784117,0.13982253329060543,-0.3451677778327473,-0.2581006080707573,-0.3480609108356262
0.8230375647544861,BAMI.MI,2020-07-31,1257637116.582348,yfinance_marketcap_proxy,IT,Banks,Banco BPM S.p.A.,9.637681,1.3032827,0.544,0.00997,0.13722,,yfinance_generated_csv,-0.042921616808751506,0.13948324309842977,-0.3129730242875647,-0.24703777953048567,-0.37604319060338587
0.9143421649932861,BAMI.MI,2020-08-31,1397154508.1236224,yfinance_marketcap_proxy,IT,Banks,Banco BPM S.p.A.,9.637681,1.3032827,0.544,0.00997,0.13722,,yfinance_generated_csv,0.11093612752175708,0.1413881937133182,-0.2877679764331913,-0.2282045143958894,-0.30682383842809435
0.9357115626335144,BAMI.MI,2020-09-30,1429807875.0928142,yfinance_marketcap_proxy,IT,Banks,Banco BPM S.p.A.,9.637681,1.3032827,0.544,0.00997,0.13722,,yfinance_generated_csv,0.02337133565352434,0.1413674192609901,0.20416664077866797,-0.22892197750672982,-0.2906233856889757
1.0043518543243408,BAMI.MI,2020-10-31,1534693219.6021783,yfinance_marketcap_proxy,IT,Banks,Banco BPM S.p.A.,9.637681,1.3032827,0.544,0.00997,0.13722,,yfinance_generated_csv,0.0733562504001144,0.14056918208178135,0.39290533885539114,-0.23858617714159092,-0.23520722426643292
1.1982934474945068,BAMI.MI,2020-11-30,1831044390.5146174,yfinance_marketcap_proxy,IT,Banks,Banco BPM S.p.A.,9.637681,1.3032827,0.544,0.00997,0.13722,,yfinance_generated_csv,0.1931012446834548,0.15247707031267912,0.6084309699335675,-0.08436400688383872,-0.0875247873473669
1.1707723140716553,BAMI.MI,2020-12-31,1788990904.3006341,yfinance_marketcap_proxy,IT,Banks,Banco BPM S.p.A.,9.637681,1.3032827,0.544,0.00997,0.13722,,yfinance_generated_csv,-0.022966939759534788,0.1526997356966673,0.3614456027545112,-0.10848155058842857,-0.08802025509413836
1.1736865043640137,BAMI.MI,2021-01-31,1793443913.5354521,yfinance_marketcap_proxy,IT,Banks,Banco BPM S.p.A.,9.637681,1.3032827,0.544,0.00997,0.13722,,yfinance_generated_csv,0.002489117873161417,0.15000586391780413,0.42604244888157305,-0.020270369107337705,-0.08575023001113191
1.3753986358642578,BAMI.MI,2021-02-28,2101668804.2369113,yfinance_marketcap_proxy,IT,Banks,Banco BPM S.p.A.,9.637681,1.3032827,0.544,0.00997,0.13722,,yfinance_generated_csv,0.17186201830747483,0.15635679130157162,0.5042493811650446,0.07137458069629954,0.0
1.5767868757247925,BAMI.MI,2021-03-31,2409398774.45686,yfinance_marketcap_proxy,IT,Banks,Banco BPM S.p.A.,9.637681,1.3032827,0.544,0.00997,0.13722,,yfinance_generated_csv,0.14642172429812583,0.09016670516569164,0.6851206490245807,1.0291660712426984,0.0
1.5744208097457886,BAMI.MI,2021-04-30,2405783322.9599824,yfinance_marketcap_proxy,IT,Banks,Banco BPM S.p.A.,9.637681,1.3032827,0.544,0.00997,0.13722,,yfinance_generated_csv,-0.0015005616899977925,0.08243489890404282,0.5675988479206335,1.1835168044522106,-0.0015005616899977925
1.9451074600219727,BAMI.MI,2021-05-31,2972208611.3949943,yfinance_marketcap_proxy,IT,Banks,Banco BPM S.p.A.,9.637681,1.3032827,0.544,0.00997,0.13722,,yfinance_generated_csv,0.23544318519013752,0.09405342929081985,0.6232313245882866,1.610855533834087,0.0
1.8022801876068115,BAMI.MI,2021-06-30,2753962340.8215394,yfinance_marketcap_proxy,IT,Banks,Banco BPM S.p.A.,9.637681,1.3032827,0.544,0.00997,0.13722,,yfinance_generated_csv,-0.07342898803829978,0.10188741332123046,0.5393942664555575,1.0958015549714255,-0.07342898803829978
1.6833679676055908,BAMI.MI,2021-07-31,2572259308.186144,yfinance_marketcap_proxy,IT,Banks,Banco BPM S.p.A.,9.637681,1.3032827,0.544,0.00997,0.13722,,yfinance_generated_csv,-0.06597876446676154,0.10435713265674915,0.4342569002425043,1.0453112223471153,-0.13456299859824972
1.8653901815414429,BAMI.MI,2021-08-31,2850397150.359249,yfinance_marketcap_proxy,IT,Banks,Banco BPM S.p.A.,9.637681,1.3032827,0.544,0.00997,0.13722,,yfinance_generated_csv,0.10812978352841007,0.10425059253888838,0.3562542036180585,1.0401445464949548,-0.04098348297920218
1.804937481880188,BAMI.MI,2021-09-30,2758022801.7907505,yfinance_marketcap_proxy,IT,Banks,Banco BPM S.p.A.,9.637681,1.3032827,0.544,0.00997,0.13722,,yfinance_generated_csv,-0.03240753610662861,0.10750974735930799,0.14469336957825885,0.9289464338778499,-0.07206284538140695
1.7843440771102905,BAMI.MI,2021-10-31,2726555185.603447,yfinance_marketcap_proxy,IT,Banks,Banco BPM S.p.A.,9.637681,1.3032827,0.544,0.00997,0.13722,,yfinance_generated_csv,-0.01140948369493966,0.10940712124518828,0.13333364629396427,0.7766125182401094,-0.08265012921695647
1.6381950378417969,BAMI.MI,2021-11-30,2503233111.1222687,yfinance_marketcap_proxy,IT,Banks,Banco BPM S.p.A.,9.637681,1.3032827,0.544,0.00997,0.13722,,yfinance_generated_csv,-0.08190631007960025,0.10641619398646592,-0.1577868721847937,0.36710673104912117,-0.1577868721847937
1.753785252571106,BAMI.MI,2021-12-31,2679859975.5360055,yfinance_marketcap_proxy,IT,Banks,Banco BPM S.p.A.,9.637681,1.3032827,0.544,0.00997,0.13722,,yfinance_generated_csv,0.07055949509015158,0.10550710301564803,-0.02690754488074376,0.49797294614174503,-0.09836073912785537
1.8222097158432007,BAMI.MI,2022-01-31,2784415524.8551693,yfinance_marketcap_proxy,IT,Banks,Banco BPM S.p.A.,9.637681,1.3032827,0.544,0.00997,0.13722,,yfinance_generated_csv,0.039015303140325974,0.10488233498383517,0.08247854949687405,0.5525523289803889,-0.06318301004170934
2.0467472076416016,BAMI.MI,2022-02-28,3127518556.652035,yfinance_marketcap_proxy,IT,Banks,Banco BPM S.p.A.,9.637681,1.3032827,0.544,0.00997,0.13722,,yfinance_generated_csv,0.12322263998822969,0.10024771800729433,0.09722203316750422,0.48811199478578016,0.0
1.787001132965088,BAMI.MI,2022-03-31,2730615282.2587223,yfinance_marketcap_proxy,IT,Banks,Banco BPM S.p.A.,9.637681,1.3032827,0.544,0.00997,0.13722,,yfinance_generated_csv,-0.1269067688020986,0.10434480962096901,-0.00993737960187735,0.1333181170370077,-0.1269067688020986
2.143998384475708,BAMI.MI,2022-04-30,3276122575.2965183,yfinance_marketcap_proxy,IT,Banks,Banco BPM S.p.A.,9.637681,1.3032827,0.544,0.00997,0.13722,,yfinance_generated_csv,0.19977449645947964,0.11683889680319462,0.20156107332609885,0.361769592477557,0.0
2.299114227294922,BAMI.MI,2022-05-31,3513146314.7385807,yfinance_marketcap_proxy,IT,Banks,Banco BPM S.p.A.,9.637681,1.3032827,0.544,0.00997,0.13722,,yfinance_generated_csv,0.07234886180063316,0.09917375492452202,0.4034435303404642,0.18199856540005777,0.0
1.9237200021743774,BAMI.MI,2022-06-30,2939527647.6451807,yfinance_marketcap_proxy,IT,Banks,Banco BPM S.p.A.,9.637681,1.3032827,0.544,0.00997,0.13722,,yfinance_generated_csv,-0.16327776178490427,0.10958370336113797,0.09689598504385954,0.0673812070967843,-0.16327776178490427
1.7834781408309937,BAMI.MI,2022-07-31,2725231997.3893538,yfinance_marketcap_proxy,IT,Banks,Banco BPM S.p.A.,9.637681,1.3032827,0.544,0.00997,0.13722,,yfinance_generated_csv,-0.07290138959145231,0.11004264598801787,-0.021255278509084485,0.05947016644720815,-0.22427597565285495
1.758687973022461,BAMI.MI,2022-08-31,2687351545.1506815,yfinance_marketcap_proxy,IT,Banks,Banco BPM S.p.A.,9.637681,1.3032827,0.544,0.00997,0.13722,,yfinance_generated_csv,-0.01389989999932495,0.10573994621791746,-0.1407400159353639,-0.057201013265122835,-0.23505846201835412
1.908137321472168,BAMI.MI,2022-09-30,2915716635.285379,yfinance_marketcap_proxy,IT,Banks,Banco BPM S.p.A.,9.637681,1.3032827,0.544,0.00997,0.13722,,yfinance_generated_csv,0.0849777508814511,0.1078592195429223,0.06778741561628698,0.05717640673320035,-0.1700554505648757
2.1680805683135986,BAMI.MI,2022-10-31,3312921197.3034315,yfinance_marketcap_proxy,IT,Banks,Banco BPM S.p.A.,9.637681,1.3032827,0.544,0.00997,0.13722,,yfinance_generated_csv,0.13622879439351832,0.11347349006905551,0.0112323703283852,0.21505745227386952,-0.05699310518185696
2.3458616733551025,BAMI.MI,2022-11-30,3584578441.033147,yfinance_marketcap_proxy,IT,Banks,Banco BPM S.p.A.,9.637681,1.3032827,0.544,0.00997,0.13722,,yfinance_generated_csv,0.0819993074241645,0.10959214700612804,0.02033280708944263,0.43197947690380323,0.0
2.3614442348480225,BAMI.MI,2022-12-31,3608389271.2359805,yfinance_marketcap_proxy,IT,Banks,Banco BPM S.p.A.,9.637681,1.3032827,0.544,0.00997,0.13722,,yfinance_generated_csv,0.0066425747391292145,0.10930887219124644,0.2275405111860802,0.34648425819869844,0.0
2.923119306564331,BAMI.MI,2023-01-31,4466653156.0201435,yfinance_marketcap_proxy,IT,Banks,Banco BPM S.p.A.,9.637681,1.3032827,0.544,0.00997,0.13722,,yfinance_generated_csv,0.23785235468516452,0.12468869334274862,0.6389992339364099,0.6041618487429152,0.0
2.9217028617858887,BAMI.MI,2023-02-28,4464488766.928754,yfinance_marketcap_proxy,IT,Banks,Banco BPM S.p.A.,9.637681,1.3032827,0.544,0.00997,0.13722,,yfinance_generated_csv,-0.0004845661876549112,0.12293090043583466,0.6612968909798613,0.4274859400699851,-0.0004845661876549112
2.553391456604004,BAMI.MI,2023-03-31,3901692956.07714,yfinance_marketcap_proxy,IT,Banks,Banco BPM S.p.A.,9.637681,1.3032827,0.544,0.00997,0.13722,,yfinance_generated_csv,-0.12606052791992495,0.12282861249347776,0.3381591711827159,0.4288695230804247,-0.12648400943815197
2.7599449157714844,BAMI.MI,2023-04-30,4217315605.554858,yfinance_marketcap_proxy,IT,Banks,Banco BPM S.p.A.,9.637681,1.3032827,0.544,0.00997,0.13722,,yfinance_generated_csv,0.08089376919988411,0.11289299236938159,0.2729900152733975,0.28728871054928495,-0.05582200850523367
2.739722967147827,BAMI.MI,2023-05-31,4186415590.479217,yfinance_marketcap_proxy,IT,Banks,Banco BPM S.p.A.,9.637681,1.3032827,0.544,0.00997,0.13722,,yfinance_generated_csv,-0.007326939211033001,0.11232669264579075,0.16789621411454148,0.19164282253662268,-0.062739943253311
3.1831116676330566,BAMI.MI,2023-06-30,4863932766.708929,yfinance_marketcap_proxy,IT,Banks,Banco BPM S.p.A.,9.637681,1.3032827,0.544,0.00997,0.13722,,yfinance_generated_csv,0.16183705644765123,0.10280486528280336,0.3479512328343908,0.654664745407435,0.0
3.406303882598877,BAMI.MI,2023-07-31,5204980157.124182,yfinance_marketcap_proxy,IT,Banks,Banco BPM S.p.A.,9.637681,1.3032827,0.544,0.00997,0.13722,,yfinance_generated_csv,0.07011762020016876,0.0956192881479268,0.16529758978686826,0.909921856968622,0.0
3.3074402809143066,BAMI.MI,2023-08-31,5053912283.333247,yfinance_marketcap_proxy,IT,Banks,Banco BPM S.p.A.,9.637681,1.3032827,0.544,0.00997,0.13722,,yfinance_generated_csv,-0.02902371752256616,0.09676602115524241,0.13202486268320812,0.880629384887518,-0.02902371752256616
3.3965673446655273,BAMI.MI,2023-09-30,5190102304.622218,yfinance_marketcap_proxy,IT,Banks,Banco BPM S.p.A.,9.637681,1.3032827,0.544,0.00997,0.13722,,yfinance_generated_csv,0.026947444604073834,0.09675278671104012,0.3302180266487389,0.7800434520325845,-0.00285838793863602
3.612269878387451,BAMI.MI,2023-10-31,5519705137.064586,yfinance_marketcap_proxy,IT,Banks,Banco BPM S.p.A.,9.637681,1.3032827,0.544,0.00997,0.13722,,yfinance_generated_csv,0.06350603766496632,0.0933023733471518,0.30881955568947195,0.6661142261872623,0.0
3.8002610206604004,BAMI.MI,2023-11-30,5806963760.772362,yfinance_marketcap_proxy,IT,Banks,Banco BPM S.p.A.,9.637681,1.3032827,0.544,0.00997,0.13722,,yfinance_generated_csv,0.05204238570260711,0.09268658440285996,0.3870968219157722,0.6199851269257424,0.0
3.5808138847351074,BAMI.MI,2023-12-31,5471639013.657488,yfinance_marketcap_proxy,IT,Banks,Banco BPM S.p.A.,9.637681,1.3032827,0.544,0.00997,0.13722,,yfinance_generated_csv,-0.05774527979321742,0.09686253114879409,0.12494133371003602,0.5163660576408069,-0.05774527979321742
3.7523272037506104,BAMI.MI,2024-01-31,5733718808.334259,yfinance_marketcap_proxy,IT,Banks,Banco BPM S.p.A.,9.637681,1.3032827,0.544,0.00997,0.13722,,yfinance_generated_csv,0.04789785912824418,0.07439458500762845,0.10158322130899577,0.28367227274102724,-0.012613295941829916
4.024951457977295,BAMI.MI,2024-02-29,6150300499.958915,yfinance_marketcap_proxy,IT,Banks,Banco BPM S.p.A.,9.637681,1.3032827,0.544,0.00997,0.13722,,yfinance_generated_csv,0.07265471250859612,0.07523775409251403,0.21693851320714996,0.3776046533072315,0.0
4.619631290435791,BAMI.MI,2024-03-31,7058997091.4758215,yfinance_marketcap_proxy,IT,Banks,Banco BPM S.p.A.,9.637681,1.3032827,0.544,0.00997,0.13722,,yfinance_generated_csv,0.14774832408968908,0.06447301992919847,0.3600882366401905,0.8092138902116772,0.0
5.076504230499268,BAMI.MI,2024-04-30,7757118770.961166,yfinance_marketcap_proxy,IT,Banks,Banco BPM S.p.A.,9.637681,1.3032827,0.544,0.00997,0.13722,,yfinance_generated_csv,0.09889813955701587,0.06539766044485158,0.4053502095379051,0.8393498368355072,0.0
5.421286106109619,BAMI.MI,2024-05-31,8283960439.508584,yfinance_marketcap_proxy,IT,Banks,Banco BPM S.p.A.,9.637681,1.3032827,0.544,0.00997,0.13722,,yfinance_generated_csv,0.06791718473096653,0.06253135909235485,0.42655624880406795,0.9787716390002081,0.0
4.936949253082275,BAMI.MI,2024-06-30,7543872709.153799,yfinance_marketcap_proxy,IT,Banks,Banco BPM S.p.A.,9.637681,1.3032827,0.544,0.00997,0.13722,,yfinance_generated_csv,-0.08933984363627501,0.06728711788078877,0.37872266250092723,0.5509821107700448,-0.08933984363627501
5.253820419311523,BAMI.MI,2024-07-31,8028065602.516465,yfinance_marketcap_proxy,IT,Banks,Banco BPM S.p.A.,9.637681,1.3032827,0.544,0.00997,0.13722,,yfinance_generated_csv,0.06418359800466189,0.0670614864050563,0.4001498627465394,0.5423815961196814,-0.030890398241363304
5.043667793273926,BAMI.MI,2024-08-31,7706943269.866955,yfinance_marketcap_proxy,IT,Banks,Banco BPM S.p.A.,9.637681,1.3032827,0.544,0.00997,0.13722,,yfinance_generated_csv,-0.039999963695968255,0.06813700717053435,0.2531002785828822,0.5249459899181181,-0.069654747129123
4.973069667816162,BAMI.MI,2024-09-30,7599066270.396941,yfinance_marketcap_proxy,IT,Banks,Banco BPM S.p.A.,9.637681,1.3032827,0.544,0.00997,0.13722,,yfinance_generated_csv,-0.013997378168306596,0.06974123077525292,0.07650791917357314,0.4641457575179857,-0.08267714146064553
5.086355209350586,BAMI.MI,2024-10-31,7772171494.152217,yfinance_marketcap_proxy,IT,Banks,Banco BPM S.p.A.,9.637681,1.3032827,0.544,0.00997,0.13722,,yfinance_generated_csv,0.022779801832973456,0.06918909273897773,0.0019405044109161995,0.4080772978183953,-0.06178070852626216
6.269872665405273,BAMI.MI,2024-11-30,9580637528.50813,yfinance_marketcap_proxy,IT,Banks,Banco BPM S.p.A.,9.637681,1.3032827,0.544,0.00997,0.13722,,yfinance_generated_csv,0.2326847825883156,0.09052463342430789,0.156528643330468,0.6498531630639701,0.0
6.799034118652344,BAMI.MI,2024-12-31,10389219193.26688,yfinance_marketcap_proxy,IT,Banks,Banco BPM S.p.A.,9.637681,1.3032827,0.544,0.00997,0.13722,,yfinance_generated_csv,0.08439748005837155,0.08481505316218398,0.3771731832988796,0.8987398780027089,0.0
7.415229797363281,BAMI.MI,2025-01-31,11330792931.587921,yfinance_marketcap_proxy,IT,Banks,Banco BPM S.p.A.,9.637681,1.3032827,0.544,0.00997,0.13722,,yfinance_generated_csv,0.09062988476855516,0.08524897305480014,0.4113976507661059,0.9761682270009513,0.0
8.372593879699707,BAMI.MI,2025-02-28,12793686796.44845,yfinance_marketcap_proxy,IT,Banks,Banco BPM S.p.A.,9.637681,1.3032827,0.544,0.00997,0.13722,,yfinance_generated_csv,0.12910781034417118,0.08744703977008669,0.660020886162473,1.0801726349035978,0.0
8.134123802185059,BAMI.MI,2025-03-31,12429294169.040058,yfinance_marketcap_proxy,IT,Banks,Banco BPM S.p.A.,9.637681,1.3032827,0.544,0.00997,0.13722,,yfinance_generated_csv,-0.028482221990110634,0.08731408168256896,0.635634395959914,0.7607733801235312,-0.028482221990110634
8.524031639099121,BAMI.MI,2025-04-30,13025090264.806038,yfinance_marketcap_proxy,IT,Banks,Banco BPM S.p.A.,9.637681,1.3032827,0.544,0.00997,0.13722,,yfinance_generated_csv,0.047934829416946156,0.08603252296625519,0.6758624374933204,0.679114455945365,0.0
9.347569465637207,BAMI.MI,2025-05-31,14283491803.103754,yfinance_marketcap_proxy,IT,Banks,Banco BPM S.p.A.,9.637681,1.3032827,0.544,0.00997,0.13722,,yfinance_generated_csv,0.09661365201421557,0.08704996277896372,0.49087070256043175,0.7242346710133578,0.0
9.164502143859863,BAMI.MI,2025-06-30,14003756990.793953,yfinance_marketcap_proxy,IT,Banks,Banco BPM S.p.A.,9.637681,1.3032827,0.544,0.00997,0.13722,,yfinance_generated_csv,-0.019584483693897203,0.07886474409712363,0.3479123628337353,0.8563087595316496,-0.019584483693897203
10.355369567871094,BAMI.MI,2025-07-31,15823454095.15649,yfinance_marketcap_proxy,IT,Banks,Banco BPM S.p.A.,9.637681,1.3032827,0.544,0.00997,0.13722,,yfinance_generated_csv,0.12994349341814515,0.08175309650563635,0.3965001558755834,0.9710170392972992,0.0
10.840777397155762,BAMI.MI,2025-08-31,16565178323.709984,yfinance_marketcap_proxy,IT,Banks,Banco BPM S.p.A.,9.637681,1.3032827,0.544,0.00997,0.13722,,yfinance_generated_csv,0.046874988488166514,0.07561171203277978,0.2947931731694813,1.1493837107219225,0.0
11.765364646911621,BAMI.MI,2025-09-30,17977987765.9602,yfinance_marketcap_proxy,IT,Banks,Banco BPM S.p.A.,9.637681,1.3032827,0.544,0.00997,0.13722,,yfinance_generated_csv,0.08528791025618121,0.07109164838766466,0.44642065120168284,1.36581536813221,0.0
11.654413223266602,BAMI.MI,2025-10-31,17808449175.634434,yfinance_marketcap_proxy,IT,Banks,Banco BPM S.p.A.,9.637681,1.3032827,0.544,0.00997,0.13722,,yfinance_generated_csv,-0.009430342957890692,0.07385917952512595,0.3672419010986121,1.2913093450181217,-0.009430342957890692
11.91766357421875,BAMI.MI,2025-11-30,18210707136.25317,yfinance_marketcap_proxy,IT,Banks,Banco BPM S.p.A.,9.637681,1.3032827,0.544,0.00997,0.13722,,yfinance_generated_csv,0.0225880399046261,0.055366625024274585,0.2749478479972274,0.9007823938715369,0.0
12.498428344726562,BAMI.MI,2025-12-31,19098140909.232815,yfinance_marketcap_proxy,IT,Banks,Banco BPM S.p.A.,9.637681,1.3032827,0.544,0.00997,0.13722,,yfinance_generated_csv,0.048731428512898356,0.05467555105626646,0.36378694101789266,0.8382652780692197,0.0
12.11445140838623,BAMI.MI,2026-01-31,18511407486.92878,yfinance_marketcap_proxy,IT,Banks,Banco BPM S.p.A.,9.637681,1.3032827,0.544,0.00997,0.13722,,yfinance_generated_csv,-0.030722017660911982,0.05825882832549444,0.16987146899835626,0.6337256888106024,-0.030722017660911982
12.032855987548828,BAMI.MI,2026-02-28,18386726142.86536,yfinance_marketcap_proxy,IT,Banks,Banco BPM S.p.A.,9.637681,1.3032827,0.544,0.00997,0.13722,,yfinance_generated_csv,-0.006735378936013392,0.05301894649002826,0.10996246364267437,0.4371718203989132,-0.037250472166300175
11.384896278381348,BAMI.MI,2026-03-31,17396615587.53243,yfinance_marketcap_proxy,IT,Banks,Banco BPM S.p.A.,9.637681,1.3032827,0.544,0.00997,0.13722,,yfinance_generated_csv,-0.05384920336767651,0.05606434188634289,-0.032338000559136604,0.3996462993743761,-0.08909376728275165
12.385000228881836,BAMI.MI,2026-04-30,18924817825.744053,yfinance_marketcap_proxy,IT,Banks,Banco BPM S.p.A.,9.637681,1.3032827,0.544,0.00997,0.13722,,yfinance_generated_csv,0.08784480122138438,0.05837383898582988,0.06268758380359363,0.452950992353516,-0.009075390338384781
13.100000381469727,BAMI.MI,2026-05-31,20017369088.0,yfinance_marketcap_proxy,IT,Banks,Banco BPM S.p.A.,9.637681,1.3032827,0.544,0.00997,0.13722,,yfinance_generated_csv,0.0577311376160099,0.05554001749169287,0.09920877526772132,0.40143386252724933,0.0
14.081535339355469,BGN.MI,2015-01-31,1605485302.280521,yfinance_marketcap_proxy,IT,Banks,Banca Generali S.p.A.,13.629629,3.9763722,0.722,0.025710002,0.28243,,yfinance_generated_csv,,,,,
14.400274276733398,BGN.MI,2015-02-28,1641825848.0301435,yfinance_marketcap_proxy,IT,Banks,Banca Generali S.p.A.,13.629629,3.9763722,0.722,0.025710002,0.28243,,yfinance_generated_csv,0.022635240383703792,,,,
16.603004455566406,BGN.MI,2015-03-31,1892966852.3155475,yfinance_marketcap_proxy,IT,Banks,Banca Generali S.p.A.,13.629629,3.9763722,0.722,0.025710002,0.28243,,yfinance_generated_csv,0.1529644600167075,,,,
17.052656173706055,BGN.MI,2015-04-30,1944233224.0016503,yfinance_marketcap_proxy,IT,Banks,Banca Generali S.p.A.,13.629629,3.9763722,0.722,0.025710002,0.28243,,yfinance_generated_csv,0.027082551193853055,,,,0.0
18.9957332611084,BGN.MI,2015-05-31,2165770267.359686,yfinance_marketcap_proxy,IT,Banks,Banca Generali S.p.A.,13.629629,3.9763722,0.722,0.025710002,0.28243,,yfinance_generated_csv,0.11394571424001532,0.06471541115060982,,,0.0
18.526411056518555,BGN.MI,2015-06-30,2112261194.4252162,yfinance_marketcap_proxy,IT,Banks,Banca Generali S.p.A.,13.629629,3.9763722,0.722,0.025710002,0.28243,,yfinance_generated_csv,-0.02470671693157156,0.07279146457109394,,,-0.02470671693157156
17.576038360595703,BGN.MI,2015-07-31,2003905865.3917067,yfinance_marketcap_proxy,IT,Banks,Banca Generali S.p.A.,13.629629,3.9763722,0.722,0.025710002,0.28243,,yfinance_generated_csv,-0.051298262411621276,0.07901847947360913,0.24816207444892036,,-0.07473756769470752
15.675292015075684,BGN.MI,2015-08-31,1787195098.5929296,yfinance_marketcap_proxy,IT,Banks,Banca Generali S.p.A.,13.629629,3.9763722,0.722,0.025710002,0.28243,,yfinance_generated_csv,-0.10814418508447077,0.09133950916182045,0.08854121205193555,,-0.17479931942563864
14.789450645446777,BGN.MI,2015-09-30,1686197212.7220304,yfinance_marketcap_proxy,IT,Banks,Banca Generali S.p.A.,13.629629,3.9763722,0.722,0.025710002,0.28243,,yfinance_generated_csv,-0.0565119532559234,0.0886702554994743,-0.10923045976245627,,-0.22143302171301305
16.449668884277344,BGN.MI,2015-10-31,1875484525.276013,yfinance_marketcap_proxy,IT,Banks,Banca Generali S.p.A.,13.629629,3.9763722,0.722,0.025710002,0.28243,,yfinance_generated_csv,0.11225692411649502,0.08973810600421606,-0.0353603147384437,,-0.13403348751184208
16.913124084472656,BGN.MI,2015-11-30,1928324680.4329226,yfinance_marketcap_proxy,IT,Banks,Banca Generali S.p.A.,13.629629,3.9763722,0.722,0.025710002,0.28243,,yfinance_generated_csv,0.02817413550726755,0.08463704416139438,-0.10963562964424478,,-0.10963562964424478
17.118450164794922,BGN.MI,2015-12-31,1951734628.012357,yfinance_marketcap_proxy,IT,Banks,Banca Generali S.p.A.,13.629629,3.9763722,0.722,0.025710002,0.28243,,yfinance_generated_csv,0.012140044577025666,0.08034482202991894,-0.07599749824336532,,-0.09882656649833044
14.701452255249023,BGN.MI,2016-01-31,1676164207.1809382,yfinance_marketcap_proxy,IT,Banks,Banca Generali S.p.A.,13.629629,3.9763722,0.722,0.025710002,0.28243,,yfinance_generated_csv,-0.14119256628246601,0.08974743453670173,-0.1635514241816466,0.04402338956328111,-0.22606555624001246
13.792145729064941,BGN.MI,2016-02-29,1572490976.3950741,yfinance_marketcap_proxy,IT,Banks,Banca Generali S.p.A.,13.629629,3.9763722,0.722,0.025710002,0.28243,,yfinance_generated_csv,-0.06185147633013077,0.09172536088378132,-0.12013468611619038,-0.04223034478246113,-0.2739345441693062
15.164907455444336,BGN.MI,2016-03-31,1729004362.337848,yfinance_marketcap_proxy,IT,Banks,Banca Generali S.p.A.,13.629629,3.9763722,0.722,0.025710002,0.28243,,yfinance_generated_csv,0.09953213614082523,0.08466244203608816,0.0253867989419303,-0.08661667254085004,-0.20166769837241516
15.211843490600586,BGN.MI,2016-04-30,1734355704.5583284,yfinance_marketcap_proxy,IT,Banks,Banca Generali S.p.A.,13.629629,3.9763722,0.722,0.025710002,0.28243,,yfinance_generated_csv,0.003095042636702683,0.08413787134586537,-0.07524925895984913,-0.1079487362176379,-0.19919682586062082
14.559260368347168,BGN.MI,2016-05-31,1659952410.7380857,yfinance_marketcap_proxy,IT,Banks,Banca Generali S.p.A.,13.629629,3.9763722,0.722,0.025710002,0.28243,,yfinance_generated_csv,-0.0428996737086238,0.07551557103119898,-0.13917379807356156,-0.2335510207360304,-0.2141348735094344
11.09571361541748,BGN.MI,2016-06-30,1265061280.503948,yfinance_marketcap_proxy,IT,Banks,Banca Generali S.p.A.,13.629629,3.9763722,0.722,0.025710002,0.28243,,yfinance_generated_csv,-0.23789304300510183,0.09848941243945701,-0.35182720932082656,-0.4010867198418643,-0.3687022417808711
11.429698944091797,BGN.MI,2016-07-31,1303140120.874808,yfinance_marketcap_proxy,IT,Banks,Banca Generali S.p.A.,13.629629,3.9763722,0.722,0.025710002,0.28243,,yfinance_generated_csv,0.03010039193966252,0.10020693517794935,-0.2225462664743938,-0.349699931827845,-0.33231695427675856
11.108080863952637,BGN.MI,2016-08-31,1266471313.946633,yfinance_marketcap_proxy,IT,Banks,Banca Generali S.p.A.,13.629629,3.9763722,0.722,0.025710002,0.28243,,yfinance_generated_csv,-0.02813880590489304,0.09716989164181648,-0.1946082152725539,-0.29136370453134397,-0.35110475790635276
10.563812255859375,BGN.MI,2016-09-30,1204417338.3162737,yfinance_marketcap_proxy,IT,Banks,Banca Generali S.p.A.,13.629629,3.9763722,0.722,0.025710002,0.28243,,yfinance_generated_csv,-0.04899753744676938,0.09696249743179676,-0.3034041066919355,-0.2857197668047493,-0.38289902682986665
12.512055397033691,BGN.MI,2016-10-31,1426543381.6094594,yfinance_marketcap_proxy,IT,Banks,Banca Generali S.p.A.,13.629629,3.9763722,0.722,0.025710002,0.28243,,yfinance_generated_csv,0.18442614219063724,0.10775064010813495,-0.17747934990490122,-0.23937341930373068,-0.2690894750060111
12.27702808380127,BGN.MI,2016-11-30,1399747092.1470063,yfinance_marketcap_proxy,IT,Banks,Banca Generali S.p.A.,13.629629,3.9763722,0.722,0.025710002,0.28243,,yfinance_generated_csv,-0.018784069105715506,0.10681113390793276,-0.15675468580173402,-0.2741123388864405,-0.28281894881759306
14.014985084533691,BGN.MI,2016-12-31,1597897673.9854178,yfinance_marketcap_proxy,IT,Banks,Banca Generali S.p.A.,13.629629,3.9763722,0.722,0.025710002,0.28243,,yfinance_generated_csv,0.14156170278909297,0.11653866748333418,0.2630990281742571,-0.18129357800413992,-0.0786793794457874
14.590185165405273,BGN.MI,2017-01-31,1663478255.4671073,yfinance_marketcap_proxy,IT,Banks,Banca Generali S.p.A.,13.629629,3.9763722,0.722,0.025710002,0.28243,,yfinance_generated_csv,0.04104179044088663,0.10956601995829905,0.2765152640303956,-0.007568442077144022,-0.04086673160813392
14.10157299041748,BGN.MI,2017-02-28,1607769865.2558646,yfinance_marketcap_proxy,IT,Banks,Banca Generali S.p.A.,13.629629,3.9763722,0.722,0.025710002,0.28243,,yfinance_generated_csv,-0.033489100340298616,0.10828894769414361,0.26948778669582496,0.022435034216645944,-0.07298724187302763
15.153007507324219,BGN.MI,2017-03-31,1727647607.4567695,yfinance_marketcap_proxy,IT,Banks,Banca Generali S.p.A.,13.629629,3.9763722,0.722,0.025710002,0.28243,,yfinance_generated_csv,0.07456150584202392,0.10658542305492119,0.4344260519131602,-0.0007847029831919983,-0.0038677746923126977
16.32195472717285,BGN.MI,2017-04-30,1860923385.6571426,yfinance_marketcap_proxy,IT,Banks,Banca Generali S.p.A.,13.629629,3.9763722,0.722,0.025710002,0.28243,,yfinance_generated_csv,0.07714291828098285,0.10856604501808344,0.30449827859956535,0.07297677216165188,0.0
16.511083602905273,BGN.MI,2017-05-31,1882486633.052234,yfinance_marketcap_proxy,IT,Banks,Banca Generali S.p.A.,13.629629,3.9763722,0.722,0.025710002,0.28243,,yfinance_generated_csv,0.01158739127106867,0.10721261200533189,0.3448762591567711,0.13406060371044015,0.0
16.74888038635254,BGN.MI,2017-06-30,1909598679.5410256,yfinance_marketcap_proxy,IT,Banks,Banca Generali S.p.A.,13.629629,3.9763722,0.722,0.025710002,0.28243,,yfinance_generated_csv,0.01440225179439003,0.0717504429059943,0.19506944069714716,0.5094910491453195,0.0
19.28114128112793,BGN.MI,2017-07-31,2198310638.153892,yfinance_marketcap_proxy,IT,Banks,Banca Generali S.p.A.,13.629629,3.9763722,0.722,0.025710002,0.28243,,yfinance_generated_csv,0.1511898608362352,0.0788385401678184,0.32151450187523056,0.6869334332812567,0.0
17.822202682495117,BGN.MI,2017-08-31,2031971924.3285336,yfinance_marketcap_proxy,IT,Banks,Banca Generali S.p.A.,13.629629,3.9763722,0.722,0.025710002,0.28243,,yfinance_generated_csv,-0.07566661004972763,0.08399324700464757,0.2638450118015867,0.6044358067585551,-0.07566661004972763
18.86338233947754,BGN.MI,2017-09-30,2150680473.9315677,yfinance_marketcap_proxy,IT,Banks,Banca Generali S.p.A.,13.629629,3.9763722,0.722,0.025710002,0.28243,,yfinance_generated_csv,0.05842036899316971,0.07883407639011757,0.24486062125686314,0.7856605061316462,-0.021666712336125382
18.175687789916992,BGN.MI,2017-10-31,2072274002.9630105,yfinance_marketcap_proxy,IT,Banks,Banca Generali S.p.A.,13.629629,3.9763722,0.722,0.025710002,0.28243,,yfinance_generated_csv,-0.036456587540047436,0.07050028056808873,0.11357298152886308,0.4526540374993875,-0.05733340548118582
18.946935653686523,BGN.MI,2017-11-30,2160206680.7468457,yfinance_marketcap_proxy,IT,Banks,Banca Generali S.p.A.,13.629629,3.9763722,0.722,0.025710002,0.28243,,yfinance_generated_csv,0.042432939687563564,0.0685374739609591,0.14752829731615202,0.5432835637710853,-0.01733329073048806
17.828624725341797,BGN.MI,2017-12-31,2032704123.9894714,yfinance_marketcap_proxy,IT,Banks,Banca Generali S.p.A.,13.629629,3.9763722,0.722,0.025710002,0.28243,,yfinance_generated_csv,-0.05902331378462966,0.0656197959913371,0.06446665771576376,0.2721115732771393,-0.0753335362574119
19.383974075317383,BGN.MI,2018-01-31,2210034966.196601,yfinance_marketcap_proxy,IT,Banks,Banca Generali S.p.A.,13.629629,3.9763722,0.722,0.025710002,0.28243,,yfinance_generated_csv,0.08723888544049041,0.06813402926482565,0.0053333354436910785,0.3285625820074334,0.0
17.532983779907227,BGN.MI,2018-02-28,1998997061.4278371,yfinance_marketcap_proxy,IT,Banks,Banca Generali S.p.A.,13.629629,3.9763722,0.722,0.025710002,0.28243,,yfinance_generated_csv,-0.09549075376483906,0.07505690196364832,-0.016228011079234328,0.24333532094763544,-0.09549075376483906
16.8388614654541,BGN.MI,2018-03-31,1919857738.407792,yfinance_marketcap_proxy,IT,Banks,Banca Generali S.p.A.,13.629629,3.9763722,0.722,0.025710002,0.28243,,yfinance_generated_csv,-0.0395895144355628,0.07486576071019205,-0.10732544342201522,0.1112554030818651,-0.13129983562576597
17.30160903930664,BGN.MI,2018-04-30,1972617214.5999832,yfinance_marketcap_proxy,IT,Banks,Banca Generali S.p.A.,13.629629,3.9763722,0.722,0.025710002,0.28243,,yfinance_generated_csv,0.027480930038048745,0.07222413059156461,-0.0480905460477401,0.06002064878312985,-0.10742714718455615
14.077825546264648,BGN.MI,2018-05-31,1605062335.7404187,yfinance_marketcap_proxy,IT,Banks,Banca Generali S.p.A.,13.629629,3.9763722,0.722,0.025710002,0.28243,,yfinance_generated_csv,-0.1863285365955295,0.09123074927171629,-0.2569866809292978,-0.14737119108357444,-0.27373894065455484
14.443305969238281,BGN.MI,2018-06-30,1646732042.4318123,yfinance_marketcap_proxy,IT,Banks,Banca Generali S.p.A.,13.629629,3.9763722,0.722,0.025710002,0.28243,,yfinance_generated_csv,0.025961425773642244,0.09156397574018828,-0.18988109336844072,-0.13765543510555522,-0.2548841680700713
15.620970726013184,BGN.MI,2018-07-31,1781001737.6355464,yfinance_marketcap_proxy,IT,Banks,Banca Generali S.p.A.,13.629629,3.9763722,0.722,0.025710002,0.28243,,yfinance_generated_csv,0.08153706355616386,0.08226911894420802,-0.1941296111252968,-0.1898316340172903,-0.1941296111252968
14.321480751037598,BGN.MI,2018-08-31,1632842321.420945,yfinance_marketcap_proxy,IT,Banks,Banca Generali S.p.A.,13.629629,3.9763722,0.722,0.025710002,0.28243,,yfinance_generated_csv,-0.08318881059111005,0.08280757132515225,-0.18316922374330868,-0.19642476263026187,-0.26116901026637873
15.079519271850586,BGN.MI,2018-09-30,1719268955.6194446,yfinance_marketcap_proxy,IT,Banks,Banca Generali S.p.A.,13.629629,3.9763722,0.722,0.025710002,0.28243,,yfinance_generated_csv,0.0529301776813873,0.08238061271107266,-0.10448106584954742,-0.20059303255005512,-0.22206255470326297
11.526220321655273,BGN.MI,2018-10-31,1314144862.1405516,yfinance_marketcap_proxy,IT,Banks,Banca Generali S.p.A.,13.629629,3.9763722,0.722,0.025710002,0.28243,,yfinance_generated_csv,-0.23563741563223228,0.10422168549393256,-0.33380645144220733,-0.36584406296583327,-0.40537372383652714
13.191190719604492,BGN.MI,2018-11-30,1503973985.0465467,yfinance_marketcap_proxy,IT,Banks,Banca Generali S.p.A.,13.629629,3.9763722,0.722,0.025710002,0.28243,,yfinance_generated_csv,0.14445068300673558,0.11448363804265956,-0.06298094998736592,-0.3037823656176365,-0.3194795521109617
12.270718574523926,BGN.MI,2018-12-31,1399027722.8335574,yfinance_marketcap_proxy,IT,Banks,Banca Generali S.p.A.,13.629629,3.9763722,0.722,0.025710002,0.28243,,yfinance_generated_csv,-0.06977930686064437,0.11483029413212585,-0.1504217524257665,-0.31174059897720574,-0.3669657972691541
13.942461013793945,BGN.MI,2019-01-31,1589628949.955816,yfinance_marketcap_proxy,IT,Banks,Banca Generali S.p.A.,13.629629,3.9763722,0.722,0.025710002,0.28243,,yfinance_generated_csv,0.13623834897011156,0.11991203008170444,-0.10745233069440818,-0.2807222626474928,-0.20478675000133262
14.862933158874512,BGN.MI,2019-02-28,1694575212.1688051,yfinance_marketcap_proxy,IT,Banks,Banca Generali S.p.A.,13.629629,3.9763722,0.722,0.025710002,0.28243,,yfinance_generated_csv,0.06601934509050444,0.11974694311683336,0.03780701292341471,-0.15228729202912905,-0.14095081416368993
15.01183795928955,BGN.MI,2019-03-31,1711552371.4589016,yfinance_marketcap_proxy,IT,Banks,Banca Generali S.p.A.,13.629629,3.9763722,0.722,0.025710002,0.28243,,yfinance_generated_csv,0.010018533947730779,0.11936241831615525,-0.004488293780517183,-0.10850041791203013,-0.13234440073261833
17.028751373291016,BGN.MI,2019-04-30,1941507753.7460716,yfinance_marketcap_proxy,IT,Banks,Banca Generali S.p.A.,13.629629,3.9763722,0.722,0.025710002,0.28243,,yfinance_generated_csv,0.13435486177449496,0.12562755807159437,0.4773924927755959,-0.015770652625182624,0.0
16.074270248413086,BGN.MI,2019-05-31,1832684008.2974565,yfinance_marketcap_proxy,IT,Banks,Banca Generali S.p.A.,13.629629,3.9763722,0.722,0.025710002,0.28243,,yfinance_generated_csv,-0.05605115160557217,0.11239196033819002,0.21856097679823683,0.14181484886195128,-0.05605115160557217
18.056806564331055,BGN.MI,2019-06-30,2058719936.8902657,yfinance_marketcap_proxy,IT,Banks,Banca Generali S.p.A.,13.629629,3.9763722,0.722,0.025710002,0.28243,,yfinance_generated_csv,0.12333600750016593,0.11651845540209925,0.4715361985254898,0.25018514478533516,0.0
18.798479080200195,BGN.MI,2019-07-31,2143280625.3831885,yfinance_marketcap_proxy,IT,Banks,Banca Generali S.p.A.,13.629629,3.9763722,0.722,0.025710002,0.28243,,yfinance_generated_csv,0.04107440112551353,0.11532408135007576,0.3482898794984586,0.20341298949466635,0.0
19.26915168762207,BGN.MI,2019-08-31,2196943662.487526,yfinance_marketcap_proxy,IT,Banks,Banca Generali S.p.A.,13.629629,3.9763722,0.722,0.025710002,0.28243,,yfinance_generated_csv,0.025037802548484756,0.11048190592181675,0.29645686229280055,0.34547202364015406,0.0
20.181976318359375,BGN.MI,2019-09-30,2301018004.7300577,yfinance_marketcap_proxy,IT,Banks,Banca Generali S.p.A.,13.629629,3.9763722,0.722,0.025710002,0.28243,,yfinance_generated_csv,0.04737233094302096,0.11039322531181221,0.34440408783325993,0.33837000732733613,0.0
20.85233497619629,BGN.MI,2019-10-31,2377447949.794764,yfinance_marketcap_proxy,IT,Banks,Banca Generali S.p.A.,13.629629,3.9763722,0.722,0.025710002,0.28243,,yfinance_generated_csv,0.03321570926763462,0.07210383308061823,0.22453693280779397,0.8091216716566891,0.0
21.365795135498047,BGN.MI,2019-11-30,2435989345.9706244,yfinance_marketcap_proxy,IT,Banks,Banca Generali S.p.A.,13.629629,3.9763722,0.722,0.025710002,0.28243,,yfinance_generated_csv,0.02462362895512138,0.06634606892610073,0.3291922311438904,0.6197017835353269,0.0
20.652652740478516,BGN.MI,2019-12-31,2354681476.7614284,yfinance_marketcap_proxy,IT,Banks,Banca Generali S.p.A.,13.629629,3.9763722,0.722,0.025710002,0.28243,,yfinance_generated_csv,-0.03337776059804509,0.06136852173565155,0.14375998141749102,0.6830842150806795,-0.03337776059804509
20.48150062561035,BGN.MI,2020-01-31,2335167823.0118194,yfinance_marketcap_proxy,IT,Banks,Banca Generali S.p.A.,13.629629,3.9763722,0.722,0.025710002,0.28243,,yfinance_generated_csv,-0.00828717342119989,0.05599288054554695,0.08952966557719155,0.4690018215110676,-0.041388326728757696
19.868194580078125,BGN.MI,2020-02-29,2265242646.660499,yfinance_marketcap_proxy,IT,Banks,Banca Generali S.p.A.,13.629629,3.9763722,0.722,0.025710002,0.28243,,yfinance_generated_csv,-0.029944390147142896,0.05781855998493317,0.03108818188612128,0.336761349035269,-0.07009336867279725
13.635315895080566,BGN.MI,2020-03-31,1554610256.1928313,yfinance_marketcap_proxy,IT,Banks,Banca Generali S.p.A.,13.629629,3.9763722,0.722,0.025710002,0.28243,,yfinance_generated_csv,-0.3137113772404503,0.11407891821862581,-0.3243815333052079,-0.09169577155988229,-0.3618156586914817
16.15984344482422,BGN.MI,2020-04-30,1842440508.976986,yfinance_marketcap_proxy,IT,Banks,Banca Generali S.p.A.,13.629629,3.9763722,0.722,0.025710002,0.28243,,yfinance_generated_csv,0.18514624590798578,0.12032966999613944,-0.22503434443810355,-0.051025933106854104,-0.24365822370094892
17.372190475463867,BGN.MI,2020-05-31,1980664452.0377629,yfinance_marketcap_proxy,IT,Banks,Banca Generali S.p.A.,13.629629,3.9763722,0.722,0.025710002,0.28243,,yfinance_generated_csv,0.07502220146990024,0.12041097047223522,-0.18691579857933927,0.08074520379417649,-0.18691579857933927
19.012422561645508,BGN.MI,2020-06-30,2167673073.131354,yfinance_marketcap_proxy,IT,Banks,Banca Generali S.p.A.,13.629629,3.9763722,0.722,0.025710002,0.28243,,yfinance_generated_csv,0.0944171138635781,0.11829736959735423,-0.07941983044232426,0.052922757626597816,-0.11014673495312821
17.971235275268555,BGN.MI,2020-07-31,2048963653.674253,yfinance_marketcap_proxy,IT,Banks,Banca Generali S.p.A.,13.629629,3.9763722,0.722,0.025710002,0.28243,,yfinance_generated_csv,-0.054763525426653414,0.11936540330648569,-0.12256256981497371,-0.04400589012559786,-0.15887823685951308
18.213703155517578,BGN.MI,2020-08-31,2076608268.3155951,yfinance_marketcap_proxy,IT,Banks,Banca Generali S.p.A.,13.629629,3.9763722,0.722,0.025710002,0.28243,,yfinance_generated_csv,0.013491998548519346,0.11922447973427104,-0.08327336527192608,-0.05477400091164786,-0.14752982325209363
18.498960494995117,BGN.MI,2020-09-30,2109131459.4919767,yfinance_marketcap_proxy,IT,Banks,Banca Generali S.p.A.,13.629629,3.9763722,0.722,0.025710002,0.28243,,yfinance_generated_csv,0.015661688182895706,0.11849514294076792,0.3566946770678989,-0.0833920225064001,-0.13417870115864994
17.40071678161621,BGN.MI,2020-10-31,1983916836.394456,yfinance_marketcap_proxy,IT,Banks,Banca Generali S.p.A.,13.629629,3.9763722,0.722,0.025710002,0.28243,,yfinance_generated_csv,-0.05936786089553714,0.11915692347668166,0.07678746028875838,-0.16552669993649283,-0.18558065958865655
19.853931427001953,BGN.MI,2020-11-30,2263616454.4821525,yfinance_marketcap_proxy,IT,Banks,Banca Generali S.p.A.,13.629629,3.9763722,0.722,0.025710002,0.28243,,yfinance_generated_csv,0.14098353971128086,0.12652357005496354,0.14285711148765312,-0.07076093816813855,-0.03867403008772308
19.426044464111328,BGN.MI,2020-12-31,2214831558.9858217,yfinance_marketcap_proxy,IT,Banks,Banca Generali S.p.A.,13.629629,3.9763722,0.722,0.025710002,0.28243,,yfinance_generated_csv,-0.021551749811560494,0.126267857945676,0.021755349752231812,-0.05939228687862819,-0.05153216948270223
18.270753860473633,BGN.MI,2021-01-31,2083112819.5654647,yfinance_marketcap_proxy,IT,Banks,Banca Generali S.p.A.,13.629629,3.9763722,0.722,0.025710002,0.28243,,yfinance_generated_csv,-0.05947122203761235,0.12754520881123071,0.01666655522657723,-0.10793871042692893,-0.08040190633155209
20.12492561340332,BGN.MI,2021-02-28,2294513453.480188,yfinance_marketcap_proxy,IT,Banks,Banca Generali S.p.A.,13.629629,3.9763722,0.722,0.025710002,0.28243,,yfinance_generated_csv,0.10148304591530533,0.13045963203872604,0.10493321657692456,0.012921709231830336,0.0
21.408584594726562,BGN.MI,2021-03-31,2440867922.5056643,yfinance_marketcap_proxy,IT,Banks,Banca Generali S.p.A.,13.629629,3.9763722,0.722,0.025710002,0.28243,,yfinance_generated_csv,0.06378453297081088,0.08180502238650661,0.1572858161688946,0.5700835066425183,0.0
22.692243576049805,BGN.MI,2021-04-30,2587222391.531141,yfinance_marketcap_proxy,IT,Banks,Banca Generali S.p.A.,13.629629,3.9763722,0.722,0.025710002,0.28243,,yfinance_generated_csv,0.05996001163194298,0.06872026684445078,0.3040982081855428,0.404236597559231,0.0
23.847536087036133,BGN.MI,2021-05-31,2718941348.4150143,yfinance_marketcap_proxy,IT,Banks,Banca Generali S.p.A.,13.629629,3.9763722,0.722,0.025710002,0.28243,,yfinance_generated_csv,0.05091133924746272,0.06765409631719359,0.2011493126546593,0.37274203392588356,0.0
25.658924102783203,BGN.MI,2021-06-30,2925464058.185248,yfinance_marketcap_proxy,IT,Banks,Banca Generali S.p.A.,13.629629,3.9763722,0.722,0.025710002,0.28243,,yfinance_generated_csv,0.07595703007371757,0.06622100617515203,0.32085171277080193,0.3495873037529651,0.0
24.967172622680664,BGN.MI,2021-07-31,2846595042.3165383,yfinance_marketcap_proxy,IT,Banks,Banca Generali S.p.A.,13.629629,3.9763722,0.722,0.025710002,0.28243,,yfinance_generated_csv,-0.02695948892212141,0.06352172230929276,0.36651026078862836,0.38928527951774683,-0.02695948892212141
26.842748641967773,BGN.MI,2021-08-31,3060436051.8163652,yfinance_marketcap_proxy,IT,Banks,Banca Generali S.p.A.,13.629629,3.9763722,0.722,0.025710002,0.28243,,yfinance_generated_csv,0.07512168268437813,0.06458581076124463,0.33380610480817596,0.47376666967563663,0.0
27.02816390991211,BGN.MI,2021-09-30,3081575897.744321,yfinance_marketcap_proxy,IT,Banks,Banca Generali S.p.A.,13.629629,3.9763722,0.722,0.025710002,0.28243,,yfinance_generated_csv,0.006907462064240422,0.06486933871363232,0.2624918658363702,0.46106392936103435,0.0
28.996440887451172,BGN.MI,2021-10-31,3305986069.085817,yfinance_marketcap_proxy,IT,Banks,Banca Generali S.p.A.,13.629629,3.9763722,0.722,0.025710002,0.28243,,yfinance_generated_csv,0.07282318488594153,0.05848631770194338,0.2778128698589786,0.6663934739795201,0.0
27.62640953063965,BGN.MI,2021-11-30,3149783982.167288,yfinance_marketcap_proxy,IT,Banks,Banca Generali S.p.A.,13.629629,3.9763722,0.722,0.025710002,0.28243,,yfinance_generated_csv,-0.04724825926496501,0.05557129337874817,0.15845970123755326,0.3914830738796089,-0.04724825926496501
29.564300537109375,BGN.MI,2021-12-31,3370729742.2232475,yfinance_marketcap_proxy,IT,Banks,Banca Generali S.p.A.,13.629629,3.9763722,0.722,0.025710002,0.28243,,yfinance_generated_csv,0.07014632155946532,0.05423003904146026,0.15220343685036108,0.521889883024204,0.0
27.145751953125,BGN.MI,2022-01-31,3094982523.552701,yfinance_marketcap_proxy,IT,Banks,Banca Generali S.p.A.,13.629629,3.9763722,0.722,0.025710002,0.28243,,yfinance_generated_csv,-0.08180638608204482,0.058086442048813906,0.08725775094234223,0.4857488727846777,-0.08180638608204482
25.626750946044922,BGN.MI,2022-02-28,2921795883.5845056,yfinance_marketcap_proxy,IT,Banks,Banca Generali S.p.A.,13.629629,3.9763722,0.722,0.025710002,0.28243,,yfinance_generated_csv,-0.05595722710879669,0.059490515526147876,-0.04530078913087454,0.2733836357127877,-0.13318595466589866
26.162097930908203,BGN.MI,2022-03-31,2982832673.6152105,yfinance_marketcap_proxy,IT,Banks,Banca Generali S.p.A.,13.629629,3.9763722,0.722,0.025710002,0.28243,,yfinance_generated_csv,0.02089016223673501,0.05802015394234216,-0.03204309334110156,0.22203772113699394,-0.11507806862978875
24.610368728637695,BGN.MI,2022-04-30,2805914577.162895,yfinance_marketcap_proxy,IT,Banks,Banca Generali S.p.A.,13.629629,3.9763722,0.722,0.025710002,0.28243,,yfinance_generated_csv,-0.059312108928285756,0.06041906297236144,-0.15126243168387066,0.0845277879271642,-0.1675646546162477
26.19829750061035,BGN.MI,2022-05-31,2986959913.6998377,yfinance_marketcap_proxy,IT,Banks,Banca Generali S.p.A.,13.629629,3.9763722,0.722,0.025710002,0.28243,,yfinance_generated_csv,0.06452275418876074,0.061408229287749874,-0.05169372547110829,0.09857460347243707,-0.11385363344801569
21.685789108276367,BGN.MI,2022-06-30,2472472982.714277,yfinance_marketcap_proxy,IT,Banks,Banca Generali S.p.A.,13.629629,3.9763722,0.722,0.025710002,0.28243,,yfinance_generated_csv,-0.17224433733638056,0.07687437959895824,-0.26648732713780354,-0.15484417735488265,-0.26648732713780354
22.763643264770508,BGN.MI,2022-07-31,2595362920.817611,yfinance_marketcap_proxy,IT,Banks,Banca Generali S.p.A.,13.629629,3.9763722,0.722,0.025710002,0.28243,,yfinance_generated_csv,0.049703248109278064,0.07860201790269411,-0.1614288930334835,-0.08825706423435498,-0.23002936476723412
21.267518997192383,BGN.MI,2022-08-31,2424784538.2694597,yfinance_marketcap_proxy,IT,Banks,Banca Generali S.p.A.,13.629629,3.9763722,0.722,0.025710002,0.28243,,yfinance_generated_csv,-0.06572428895393723,0.0760736030914847,-0.17010474554618937,-0.2076996554689149,-0.280635137283319
23.00495719909668,BGN.MI,2022-09-30,2622875970.031312,yfinance_marketcap_proxy,IT,Banks,Banca Generali S.p.A.,13.629629,3.9763722,0.722,0.025710002,0.28243,,yfinance_generated_csv,0.08169444692320083,0.08106032618761135,-0.12067613003166844,-0.1488523868741224,-0.22186702268769554
24.340206146240234,BGN.MI,2022-10-31,2775112392.258168,yfinance_marketcap_proxy,IT,Banks,Banca Generali S.p.A.,13.629629,3.9763722,0.722,0.025710002,0.28243,,yfinance_generated_csv,0.05804179227927375,0.07978616289984279,-0.010977591818162713,-0.16057952626958516,-0.17670279005288192
25.916770935058594,BGN.MI,2022-11-30,2954862081.1622424,yfinance_marketcap_proxy,IT,Banks,Banca Generali S.p.A.,13.629629,3.9763722,0.722,0.025710002,0.28243,,yfinance_generated_csv,0.06477203928948172,0.08174502492774864,-0.010745987045349015,-0.061884212412218975,-0.12337615082326636
25.788070678710938,BGN.MI,2022-12-31,2940188512.905206,yfinance_marketcap_proxy,IT,Banks,Banca Generali S.p.A.,13.629629,3.9763722,0.722,0.025710002,0.28243,,yfinance_generated_csv,-0.004965906311019563,0.07852176737741891,0.18916911669444092,-0.12772938272828338,-0.05001450233386395
27.187673568725586,BGN.MI,2023-01-31,3099762154.187614,yfinance_marketcap_proxy,IT,Banks,Banca Generali S.p.A.,13.629629,3.9763722,0.722,0.025710002,0.28243,,yfinance_generated_csv,0.05427326873157967,0.07675773898237032,0.19434632024838483,0.0015443158720735983,0.0
26.92843246459961,BGN.MI,2023-02-28,3070205165.3798666,yfinance_marketcap_proxy,IT,Banks,Banca Generali S.p.A.,13.629629,3.9763722,0.722,0.025710002,0.28243,,yfinance_generated_csv,-0.009535244105041252,0.07465875002385637,0.2661764857553224,0.05079385682934512,-0.009535244105041252
24.201814651489258,BGN.MI,2023-03-31,2759333891.872464,yfinance_marketcap_proxy,IT,Banks,Banca Generali S.p.A.,13.629629,3.9763722,0.722,0.025710002,0.28243,,yfinance_generated_csv,-0.10125423441170556,0.08065506417691447,0.05202606733993731,-0.0749283671590818,-0.10982399467496218
24.786680221557617,BGN.MI,2023-04-30,2826016469.7253456,yfinance_marketcap_proxy,IT,Banks,Banca Generali S.p.A.,13.629629,3.9763722,0.722,0.025710002,0.28243,,yfinance_generated_csv,0.02416618664718051,0.07897059989009889,0.018343068774146376,0.007164114234288421,-0.0883118351814357
24.519615173339844,BGN.MI,2023-05-31,2795567445.5718403,yfinance_marketcap_proxy,IT,Banks,Banca Generali S.p.A.,13.629629,3.9763722,0.722,0.025710002,0.28243,,yfinance_generated_csv,-0.01077453881805035,0.07664891502178374,-0.05390933018699351,-0.06407600826852966,-0.09813485470323036
26.818328857421875,BGN.MI,2023-06-30,3057651866.4112606,yfinance_marketcap_proxy,IT,Banks,Banca Generali S.p.A.,13.629629,3.9763722,0.722,0.025710002,0.28243,,yfinance_generated_csv,0.09374999027641429,0.05974366738888626,0.03995095994371756,0.23667756444180665,-0.013585006101021202
29.014881134033203,BGN.MI,2023-07-31,3308088506.3658724,yfinance_marketcap_proxy,IT,Banks,Banca Generali S.p.A.,13.629629,3.9763722,0.722,0.025710002,0.28243,,yfinance_generated_csv,0.08190489005818269,0.061907040306756436,0.06720720552601755,0.2746149988625608,0.0
28.699867248535156,BGN.MI,2023-08-31,3272172666.8644857,yfinance_marketcap_proxy,IT,Banks,Banca Generali S.p.A.,13.629629,3.9763722,0.722,0.025710002,0.28243,,yfinance_generated_csv,-0.010856976599106227,0.056623946505071895,0.06578306354312646,0.3494694539745773,-0.010856976599106227
28.52959442138672,BGN.MI,2023-09-30,3252759263.796104,yfinance_marketcap_proxy,IT,Banks,Banca Generali S.p.A.,13.629629,3.9763722,0.722,0.025710002,0.28243,,yfinance_generated_csv,-0.005932878562604826,0.05450732577224946,0.17882046582945588,0.2401498587663955,-0.016725442037991423
26.06911849975586,BGN.MI,2023-10-31,2972231762.1000943,yfinance_marketcap_proxy,IT,Banks,Banca Generali S.p.A.,13.629629,3.9763722,0.722,0.025710002,0.28243,,yfinance_generated_csv,-0.08624293375115089,0.06077745850652015,0.05173900928785424,0.07103113026767383,-0.10152592459950116
27.857009887695312,BGN.MI,2023-11-30,3176075538.8073363,yfinance_marketcap_proxy,IT,Banks,Banca Generali S.p.A.,13.629629,3.9763722,0.722,0.025710002,0.28243,,yfinance_generated_csv,0.0685827327823223,0.0611132629458944,0.13611121915095215,0.07486422430859574,-0.03990611717446457
28.64027214050293,BGN.MI,2023-12-31,3265378019.2832556,yfinance_marketcap_proxy,IT,Banks,Banca Generali S.p.A.,13.629629,3.9763722,0.722,0.025710002,0.28243,,yfinance_generated_csv,0.02811724072200561,0.06123311031027357,0.06793649569916571,0.11060158386127728,-0.012910926355334085
30.138694763183594,BGN.MI,2024-01-31,3436218445.369105,yfinance_marketcap_proxy,IT,Banks,Banca Generali S.p.A.,13.629629,3.9763722,0.722,0.025710002,0.28243,,yfinance_generated_csv,0.05231872851381203,0.06110861028876376,0.0387323189076314,0.10854261535097343,0.0
29.6447696685791,BGN.MI,2024-02-29,3379904310.5319214,yfinance_marketcap_proxy,IT,Banks,Banca Generali S.p.A.,13.629629,3.9763722,0.722,0.025710002,0.28243,,yfinance_generated_csv,-0.01638840362814431,0.061342954931202454,0.03292358155740849,0.10087245915819332,-0.01638840362814431
31.953176498413086,BGN.MI,2024-03-31,3643093880.9635267,yfinance_marketcap_proxy,IT,Banks,Banca Generali S.p.A.,13.629629,3.9763722,0.722,0.025710002,0.28243,,yfinance_generated_csv,0.07786894132224265,0.05310828813392013,0.12000107770406787,0.3202801921486018,0.0
31.953176498413086,BGN.MI,2024-04-30,3643093880.9635267,yfinance_marketcap_proxy,IT,Banks,Banca Generali S.p.A.,13.629629,3.9763722,0.722,0.025710002,0.28243,,yfinance_generated_csv,0.0,0.05358679110819284,0.22570989497448224,0.2891269106147818,0.0
34.766990661621094,BGN.MI,2024-05-31,3963906716.603223,yfinance_marketcap_proxy,IT,Banks,Banca Generali S.p.A.,13.629629,3.9763722,0.722,0.025710002,0.28243,,yfinance_generated_csv,0.08806054582234579,0.05553482731702927,0.24805177590068572,0.41792562468203864,0.0
33.81026840209961,BGN.MI,2024-06-30,3854827451.522413,yfinance_marketcap_proxy,IT,Banks,Banca Generali S.p.A.,13.629629,3.9763722,0.722,0.025710002,0.28243,,yfinance_generated_csv,-0.02751812110610996,0.054079121416763465,0.18051491397266783,0.260714960348573,-0.02751812110610996
36.28330612182617,BGN.MI,2024-07-31,4136787167.9398174,yfinance_marketcap_proxy,IT,Banks,Banca Generali S.p.A.,13.629629,3.9763722,0.722,0.025710002,0.28243,,yfinance_generated_csv,0.07314457520168594,0.053232145896173096,0.20387781909350067,0.2505067987084537,0.0
36.409671783447266,BGN.MI,2024-08-31,4151194560.8523364,yfinance_marketcap_proxy,IT,Banks,Banca Generali S.p.A.,13.629629,3.9763722,0.722,0.025710002,0.28243,,yfinance_generated_csv,0.0034827493723093017,0.052631695555636834,0.22819884217344333,0.2686355469224555,0.0
36.31941223144531,BGN.MI,2024-09-30,4140903752.312123,yfinance_marketcap_proxy,IT,Banks,Banca Generali S.p.A.,13.629629,3.9763722,0.722,0.025710002,0.28243,,yfinance_generated_csv,-0.0024789993312432923,0.0524785044026432,0.13664481004725992,0.27304341221966655,-0.0024789993312432923
36.77069854736328,BGN.MI,2024-10-31,4192356490.232091,yfinance_marketcap_proxy,IT,Banks,Banca Generali S.p.A.,13.629629,3.9763722,0.722,0.025710002,0.28243,,yfinance_generated_csv,0.01242548511088648,0.04038549757305928,0.15076817321086855,0.4105079367262703,0.0
40.01994323730469,BGN.MI,2024-11-30,4562814289.576912,yfinance_marketcap_proxy,IT,Banks,Banca Generali S.p.A.,13.629629,3.9763722,0.722,0.025710002,0.28243,,yfinance_generated_csv,0.08836505201978007,0.042462790996952424,0.15109022885556422,0.4366202043451135,0.0
40.489288330078125,BGN.MI,2024-12-31,4616325972.073583,yfinance_marketcap_proxy,IT,Banks,Banca Generali S.p.A.,13.629629,3.9763722,0.722,0.025710002,0.28243,,yfinance_generated_csv,0.011727780071810301,0.042841614142211736,0.19754412619699147,0.4137187011159149,0.0
43.720481872558594,BGN.MI,2025-01-31,4984725696.695767,yfinance_marketcap_proxy,IT,Banks,Banca Generali S.p.A.,13.629629,3.9763722,0.722,0.025710002,0.28243,,yfinance_generated_csv,0.07980366353043866,0.04482709345453444,0.20497513996550043,0.45064284356355233,0.0
45.70769500732422,BGN.MI,2025-02-28,5211294845.831677,yfinance_marketcap_proxy,IT,Banks,Banca Generali S.p.A.,13.629629,3.9763722,0.722,0.025710002,0.28243,,yfinance_generated_csv,0.04545268143562953,0.042188628009565673,0.2553723438974822,0.5418468592714496,0.0
47.305870056152344,BGN.MI,2025-03-31,5393508396.380666,yfinance_marketcap_proxy,IT,Banks,Banca Generali S.p.A.,13.629629,3.9763722,0.722,0.025710002,0.28243,,yfinance_generated_csv,0.034965120174448305,0.040231663103212155,0.3024954741749639,0.4804747208310176,0.0
47.579837799072266,BGN.MI,2025-04-30,5424744421.001332,yfinance_marketcap_proxy,IT,Banks,Banca Generali S.p.A.,13.629629,3.9763722,0.722,0.025710002,0.28243,,yfinance_generated_csv,0.005791411141888414,0.03981997328347578,0.2939606719134269,0.48904875862452224,0.0
48.7724494934082,BGN.MI,2025-05-31,5560718269.0541725,yfinance_marketcap_proxy,IT,Banks,Banca Generali S.p.A.,13.629629,3.9763722,0.722,0.025710002,0.28243,,yfinance_generated_csv,0.025065484657015524,0.03608493000556799,0.21870361495027923,0.4028378230402203,0.0
44.811767578125,BGN.MI,2025-06-30,5109147012.884141,yfinance_marketcap_proxy,IT,Banks,Banca Generali S.p.A.,13.629629,3.9763722,0.722,0.025710002,0.28243,,yfinance_generated_csv,-0.08120736104957171,0.045780527540158586,0.10675611813201091,0.3253892884015732,-0.08120736104957171
46.57840347290039,BGN.MI,2025-07-31,5310567376.160586,yfinance_marketcap_proxy,IT,Banks,Banca Generali S.p.A.,13.629629,3.9763722,0.722,0.025710002,0.28243,,yfinance_generated_csv,0.03942348160436726,0.04351628952408494,0.06536802610438719,0.2837419863699029,-0.04498535634968148
47.26226043701172,BGN.MI,2025-08-31,5388536310.533418,yfinance_marketcap_proxy,IT,Banks,Banca Generali S.p.A.,13.629629,3.9763722,0.722,0.025710002,0.28243,,yfinance_generated_csv,0.014681846373485019,0.04320434119410875,0.03401102220180641,0.2980688405573133,-0.030963978067178988
45.03971862792969,BGN.MI,2025-09-30,5135136512.699407,yfinance_marketcap_proxy,IT,Banks,Banca Generali S.p.A.,13.629629,3.9763722,0.722,0.025710002,0.28243,,yfinance_generated_csv,-0.04702571964462221,0.047297018753902825,-0.04790423314342851,0.2401004273118259,-0.07653359436013174
46.540409088134766,BGN.MI,2025-10-31,5306235502.906687,yfinance_marketcap_proxy,IT,Banks,Banca Generali S.p.A.,13.629629,3.9763722,0.722,0.025710002,0.28243,,yfinance_generated_csv,0.03331926810205421,0.047412513298939495,-0.021845991054592617,0.26569281864981154,-0.04576436960737651
52.096763610839844,BGN.MI,2025-11-30,5939734997.4917145,yfinance_marketcap_proxy,IT,Banks,Banca Generali S.p.A.,13.629629,3.9763722,0.722,0.025710002,0.28243,,yfinance_generated_csv,0.11938774565094312,0.052046983806627964,0.06815967112500543,0.3017700525441456,0.0
54.32880783081055,BGN.MI,2025-12-31,6194218198.566235,yfinance_marketcap_proxy,IT,Banks,Banca Generali S.p.A.,13.629629,3.9763722,0.722,0.025710002,0.28243,,yfinance_generated_csv,0.04284420116082366,0.0521848881729748,0.21237814902287666,0.3418069339206318,0.0
53.90139389038086,BGN.MI,2026-01-31,6145487234.02206,yfinance_marketcap_proxy,IT,Banks,Banca Generali S.p.A.,13.629629,3.9763722,0.722,0.025710002,0.28243,,yfinance_generated_csv,-0.007867169509051752,0.05006800558216385,0.15721857924437077,0.23286367354089865,-0.007867169509051752
52.708560943603516,BGN.MI,2026-02-28,6009488160.201276,yfinance_marketcap_proxy,IT,Banks,Banca Generali S.p.A.,13.629629,3.9763722,0.722,0.025710002,0.28243,,yfinance_generated_csv,-0.022129909092948652,0.05058788022711902,0.11523571780597108,0.15316602456451744,-0.029822978855946314
48.91278076171875,BGN.MI,2026-03-31,5576717929.836424,yfinance_marketcap_proxy,IT,Banks,Banca Generali S.p.A.,13.629629,3.9763722,0.722,0.025710002,0.28243,,yfinance_generated_csv,-0.07201449088974621,0.055566509010433154,0.08599214763715968,0.03396852660481664,-0.09968978310656584
53.57342529296875,BGN.MI,2026-04-30,6108094382.314826,yfinance_marketcap_proxy,IT,Banks,Banca Generali S.p.A.,13.629629,3.9763722,0.722,0.025710002,0.28243,,yfinance_generated_csv,0.09528479997803818,0.06149090785001022,0.15111633830969096,0.12596906108018202,-0.01390390417169085
55.150001525878906,BGN.MI,2026-05-31,6287845376.0,yfinance_marketcap_proxy,IT,Banks,Banca Generali S.p.A.,13.629629,3.9763722,0.722,0.025710002,0.28243,,yfinance_generated_csv,0.02942832615776525,0.06159027681995092,0.05860705547558753,0.1307613642274139,0.0
3.0732579231262207,BMED.MI,2015-01-31,2290630204.204046,yfinance_marketcap_proxy,IT,Banks,Banca Mediolanum S.p.A.,11.847305,3.0636418,0.748,0.014090001,0.27824,,yfinance_generated_csv,,,,,
3.309662103652954,BMED.MI,2015-02-28,2466832322.5618157,yfinance_marketcap_proxy,IT,Banks,Banca Mediolanum S.p.A.,11.847305,3.0636418,0.748,0.014090001,0.27824,,yfinance_generated_csv,0.07692298740948345,,,,
3.6630496978759766,BMED.MI,2015-03-31,2730227168.4766126,yfinance_marketcap_proxy,IT,Banks,Banca Mediolanum S.p.A.,11.847305,3.0636418,0.748,0.014090001,0.27824,,yfinance_generated_csv,0.1067745235481834,,,,
3.726689100265503,BMED.MI,2015-04-30,2777660329.290742,yfinance_marketcap_proxy,IT,Banks,Banca Mediolanum S.p.A.,11.847305,3.0636418,0.748,0.014090001,0.27824,,yfinance_generated_csv,0.017373338512558956,,,,0.0
3.838118553161621,BMED.MI,2015-05-31,2860713452.9876094,yfinance_marketcap_proxy,IT,Banks,Banca Mediolanum S.p.A.,11.847305,3.0636418,0.748,0.014090001,0.27824,,yfinance_generated_csv,0.029900388762824193,0.041540673993304536,,,0.0
3.6647846698760986,BMED.MI,2015-06-30,2731520317.10466,yfinance_marketcap_proxy,IT,Banks,Banca Mediolanum S.p.A.,11.847305,3.0636418,0.748,0.014090001,0.27824,,yfinance_generated_csv,-0.04516115927235753,0.05841289290115796,,,-0.04516115927235753
3.6078317165374756,BMED.MI,2015-07-31,2689070851.944454,yfinance_marketcap_proxy,IT,Banks,Banca Mediolanum S.p.A.,11.847305,3.0636418,0.748,0.014090001,0.27824,,yfinance_generated_csv,-0.015540600190446785,0.05650292441606035,0.17394368021915607,,-0.0599999279424156
3.486497640609741,BMED.MI,2015-08-31,2598635390.271086,yfinance_marketcap_proxy,IT,Banks,Banca Mediolanum S.p.A.,11.847305,3.0636418,0.748,0.014090001,0.27824,,yfinance_generated_csv,-0.03363074706937319,0.05665497247064309,0.05343008785144843,,-0.09161283261097675
3.16459059715271,BMED.MI,2015-09-30,2358704341.484064,yfinance_marketcap_proxy,IT,Banks,Banca Mediolanum S.p.A.,11.847305,3.0636418,0.748,0.014090001,0.27824,,yfinance_generated_csv,-0.092329631808021,0.06568890707381728,-0.13607762433916704,,-0.17548388531513637
3.695674180984497,BMED.MI,2015-10-31,2754543587.1678567,yfinance_marketcap_proxy,IT,Banks,Banca Mediolanum S.p.A.,11.847305,3.0636418,0.748,0.014090001,0.27824,,yfinance_generated_csv,0.1678206287756847,0.08186460755628447,-0.008322379046536543,,-0.03711307251303808
3.9651846885681152,BMED.MI,2015-11-30,2955421263.0621767,yfinance_marketcap_proxy,IT,Banks,Banca Mediolanum S.p.A.,11.847305,3.0636418,0.748,0.014090001,0.27824,,yfinance_generated_csv,0.07292593837691141,0.07874496261058318,0.03310636022480962,,0.0
3.7208597660064697,BMED.MI,2015-12-31,2773315477.847047,yfinance_marketcap_proxy,IT,Banks,Banca Mediolanum S.p.A.,11.847305,3.0636418,0.748,0.014090001,0.27824,,yfinance_generated_csv,-0.061617539093714924,0.07949258893443609,0.015301061639800828,,-0.061617539093714924
3.1354994773864746,BMED.MI,2016-01-31,2337021489.1893663,yfinance_marketcap_proxy,IT,Banks,Banca Mediolanum S.p.A.,11.847305,3.0636418,0.748,0.014090001,0.27824,,yfinance_generated_csv,-0.15731855684748142,0.09150962618977075,-0.13091858940813061,0.020252629560274515,-0.20924251361447976
3.3085620403289795,BMED.MI,2016-02-29,2466012398.448883,yfinance_marketcap_proxy,IT,Banks,Banca Mediolanum S.p.A.,11.847305,3.0636418,0.748,0.014090001,0.27824,,yfinance_generated_csv,0.05519457559813001,0.09017333087452342,-0.051035629053127085,-0.0003323793455412005,-0.1655969897523869
3.5681567192077637,BMED.MI,2016-03-31,2659499384.3005323,yfinance_marketcap_proxy,IT,Banks,Banca Mediolanum S.p.A.,11.847305,3.0636418,0.748,0.014090001,0.27824,,yfinance_generated_csv,0.07846148136698439,0.08756379659817642,0.1275255391386665,-0.02590545760906182,-0.10012849351128816
3.731010675430298,BMED.MI,2016-04-30,2780881383.575749,yfinance_marketcap_proxy,IT,Banks,Banca Mediolanum S.p.A.,11.847305,3.0636418,0.748,0.014090001,0.27824,,yfinance_generated_csv,0.04564092023925803,0.08841047226524588,0.009561582735734486,0.00115962857338614,-0.0590575298580559
3.9127581119537354,BMED.MI,2016-05-31,2916345499.5239973,yfinance_marketcap_proxy,IT,Banks,Banca Mediolanum S.p.A.,11.847305,3.0636418,0.748,0.014090001,0.27824,,yfinance_generated_csv,0.04871265518490553,0.08908161982508254,-0.013221723761198123,0.01944691331398052,-0.013221723761198123
3.1857690811157227,BMED.MI,2016-06-30,2374489568.8416104,yfinance_marketcap_proxy,IT,Banks,Banca Mediolanum S.p.A.,11.847305,3.0636418,0.748,0.014090001,0.27824,,yfinance_generated_csv,-0.18579963545842837,0.10427455050380381,-0.14380834499039719,-0.13070770370161222,-0.19656476776466392
3.4064626693725586,BMED.MI,2016-07-31,2538981912.725667,yfinance_marketcap_proxy,IT,Banks,Banca Mediolanum S.p.A.,11.847305,3.0636418,0.748,0.014090001,0.27824,,yfinance_generated_csv,0.06927482269981233,0.10645454737981963,0.08641787183837746,-0.05581442345048615,-0.1409069345007784
3.229907989501953,BMED.MI,2016-08-31,2407388179.78125,yfinance_marketcap_proxy,IT,Banks,Banca Mediolanum S.p.A.,11.847305,3.0636418,0.748,0.014090001,0.27824,,yfinance_generated_csv,-0.051829330600920764,0.10711428818315694,-0.02377288074646644,-0.07359524587629263,-0.18543315300949603
3.063739538192749,BMED.MI,2016-09-30,2283535745.955103,yfinance_marketcap_proxy,IT,Banks,Banca Mediolanum S.p.A.,11.847305,3.0636418,0.748,0.014090001,0.27824,,yfinance_generated_csv,-0.05144680648776845,0.10456182607700396,-0.1413663190015404,-0.03186859590959412,-0.22734001595796816
3.2714507579803467,BMED.MI,2016-10-31,2438351776.9225097,yfinance_marketcap_proxy,IT,Banks,Banca Mediolanum S.p.A.,11.847305,3.0636418,0.748,0.014090001,0.27824,,yfinance_generated_csv,0.067796631273076,0.09359693852854956,-0.12317303739608032,-0.11478918384822034,-0.17495627192040974
3.2605390548706055,BMED.MI,2016-11-30,2430218819.2119327,yfinance_marketcap_proxy,IT,Banks,Banca Mediolanum S.p.A.,11.847305,3.0636418,0.748,0.014090001,0.27824,,yfinance_generated_csv,-0.003335432478426714,0.09029384417785044,-0.16669035969551949,-0.17770814956716863,-0.16669035969551949
3.6447601318359375,BMED.MI,2016-12-31,2716595174.8590765,yfinance_marketcap_proxy,IT,Banks,Banca Mediolanum S.p.A.,11.847305,3.0636418,0.748,0.014090001,0.27824,,yfinance_generated_csv,0.11783974076046766,0.09604130639088405,0.1440754301499676,-0.020452164004076012,-0.06849336770884107
3.7781693935394287,BMED.MI,2017-01-31,2816030787.4964046,yfinance_marketcap_proxy,IT,Banks,Banca Mediolanum S.p.A.,11.847305,3.0636418,0.748,0.014090001,0.27824,,yfinance_generated_csv,0.036603029246890406,0.08193532306406778,0.10911809705383768,0.20496572261866142,-0.03439740320341533
3.2898895740509033,BMED.MI,2017-02-28,2452095012.9532866,yfinance_marketcap_proxy,IT,Banks,Banca Mediolanum S.p.A.,11.847305,3.0636418,0.748,0.014090001,0.27824,,yfinance_generated_csv,-0.1292371433434062,0.09127864833806411,0.018570679023645953,-0.005643680260630557,-0.15918912441838085
3.6634368896484375,BMED.MI,2017-03-31,2730515759.018312,yfinance_marketcap_proxy,IT,Banks,Banca Mediolanum S.p.A.,11.847305,3.0636418,0.748,0.014090001,0.27824,,yfinance_generated_csv,0.11354402851205081,0.09440417252385808,0.19574031799368963,0.026702910757190335,-0.06372007038809913
3.8849339485168457,BMED.MI,2017-04-30,2895606963.817103,yfinance_marketcap_proxy,IT,Banks,Banca Mediolanum S.p.A.,11.847305,3.0636418,0.748,0.014090001,0.27824,,yfinance_generated_csv,0.06046154623115796,0.09505775397930989,0.18752634103997257,0.04125511462622544,-0.007111138138563899
4.064664840698242,BMED.MI,2017-05-31,3029568063.261843,yfinance_marketcap_proxy,IT,Banks,Banca Mediolanum S.p.A.,11.847305,3.0636418,0.748,0.014090001,0.27824,,yfinance_generated_csv,0.04626356446806845,0.09496431312392341,0.24662357122403744,0.0388234397317897,0.0
4.017658710479736,BMED.MI,2017-06-30,2994532389.603926,yfinance_marketcap_proxy,IT,Banks,Banca Mediolanum S.p.A.,11.847305,3.0636418,0.748,0.014090001,0.27824,,yfinance_generated_csv,-0.01156457716952397,0.0736486718132316,0.10231086961982383,0.2611267823192849,-0.01156457716952397
4.086785793304443,BMED.MI,2017-07-31,3046055752.6953373,yfinance_marketcap_proxy,IT,Banks,Banca Mediolanum S.p.A.,11.847305,3.0636418,0.748,0.014090001,0.27824,,yfinance_generated_csv,0.017205812590401104,0.07213040625331633,0.08168410878896548,0.19971542035339396,0.0
3.926410436630249,BMED.MI,2017-08-31,2926521159.3754854,yfinance_marketcap_proxy,IT,Banks,Banca Mediolanum S.p.A.,11.847305,3.0636418,0.748,0.014090001,0.27824,,yfinance_generated_csv,-0.039242418072643837,0.0711118624245744,0.19347788071670302,0.21564157536131412,-0.039242418072643837
4.092315196990967,BMED.MI,2017-09-30,3050177053.0913367,yfinance_marketcap_proxy,IT,Banks,Banca Mediolanum S.p.A.,11.847305,3.0636418,0.748,0.014090001,0.27824,,yfinance_generated_csv,0.042253545073372756,0.06777019650269356,0.11706993194133797,0.3357255556407246,0.0
4.045308589935303,BMED.MI,2017-10-31,3015141024.0263486,yfinance_marketcap_proxy,IT,Banks,Banca Mediolanum S.p.A.,11.847305,3.0636418,0.748,0.014090001,0.27824,,yfinance_generated_csv,-0.011486555847464386,0.06724603196986509,0.041281175830462535,0.2365488247277494,-0.011486555847464386
3.9849534034729004,BMED.MI,2017-11-30,2970155729.4141374,yfinance_marketcap_proxy,IT,Banks,Banca Mediolanum S.p.A.,11.847305,3.0636418,0.748,0.014090001,0.27824,,yfinance_generated_csv,-0.014919797864757611,0.06769224618842548,-0.019610826562430295,0.2221762525801254,-0.026234976620815642
4.104416370391846,BMED.MI,2017-12-31,3059196573.7406697,yfinance_marketcap_proxy,IT,Banks,Banca Mediolanum S.p.A.,11.847305,3.0636418,0.748,0.014090001,0.27824,,yfinance_generated_csv,0.029978510367231204,0.06038398867554775,0.021594084058411678,0.12611426319689523,0.0
4.494093894958496,BMED.MI,2018-01-31,3349639852.5019407,yfinance_marketcap_proxy,IT,Banks,Banca Mediolanum S.p.A.,11.847305,3.0636418,0.748,0.014090001,0.27824,,yfinance_generated_csv,0.09494103165986734,0.06476463688532376,0.09966465634713795,0.18948978376757797,0.0
4.221035480499268,BMED.MI,2018-02-28,3146117770.2954073,yfinance_marketcap_proxy,IT,Banks,Banca Mediolanum S.p.A.,11.847305,3.0636418,0.748,0.014090001,0.27824,,yfinance_generated_csv,-0.06075939240289285,0.05263572707223358,0.07503674122307857,0.2830325716075104,-0.06075939240289285
4.027618408203125,BMED.MI,2018-03-31,3001955777.0971336,yfinance_marketcap_proxy,IT,Banks,Banca Mediolanum S.p.A.,11.847305,3.0636418,0.748,0.014090001,0.27824,,yfinance_generated_csv,-0.04582218585693221,0.04733809724990939,-0.01580933668926887,0.09940979728181865,-0.10379745008858543
3.898430109024048,BMED.MI,2018-04-30,2905666227.852819,yfinance_marketcap_proxy,IT,Banks,Banca Mediolanum S.p.A.,11.847305,3.0636418,0.748,0.014090001,0.27824,,yfinance_generated_csv,-0.03207560550323163,0.04569117178888812,-0.03630835019031364,0.0034739742518286043,-0.1325436895305342
3.538440227508545,BMED.MI,2018-05-31,2637350415.6321406,yfinance_marketcap_proxy,IT,Banks,Banca Mediolanum S.p.A.,11.847305,3.0636418,0.748,0.014090001,0.27824,,yfinance_generated_csv,-0.09234226892568931,0.05053493250013708,-0.11204978597120296,-0.1294632236145946,-0.21264657343319193
3.3979556560516357,BMED.MI,2018-06-30,2532641272.87444,yfinance_marketcap_proxy,IT,Banks,Banca Mediolanum S.p.A.,11.847305,3.0636418,0.748,0.014090001,0.27824,,yfinance_generated_csv,-0.039702400612776745,0.05124575408527604,-0.1721220876703512,-0.15424482244140236,-0.24390639459858976
3.5969741344451904,BMED.MI,2018-07-31,2680978232.936443,yfinance_marketcap_proxy,IT,Banks,Banca Mediolanum S.p.A.,11.847305,3.0636418,0.748,0.014090001,0.27824,,yfinance_generated_csv,0.05857006345539273,0.05471158159525744,-0.19962194415201262,-0.11985254026813252,-0.19962194415201262
3.406736373901367,BMED.MI,2018-08-31,2539185916.3844547,yfinance_marketcap_proxy,IT,Banks,Banca Mediolanum S.p.A.,11.847305,3.0636418,0.748,0.014090001,0.27824,,yfinance_generated_csv,-0.05288827593228329,0.05552809118987146,-0.19291453728827324,-0.13235347427786492,-0.2419525596198454
3.430150032043457,BMED.MI,2018-09-30,2556637114.3875895,yfinance_marketcap_proxy,IT,Banks,Banca Mediolanum S.p.A.,11.847305,3.0636418,0.748,0.014090001,0.27824,,yfinance_generated_csv,0.00687275314916036,0.05337850869998898,-0.1483428457231184,-0.1618069804189063,-0.2367426866867598
2.999917507171631,BMED.MI,2018-10-31,2235966464.232758,yfinance_marketcap_proxy,IT,Banks,Banca Mediolanum S.p.A.,11.847305,3.0636418,0.748,0.014090001,0.27824,,yfinance_generated_csv,-0.12542673668869286,0.06239793254602979,-0.23048062341108766,-0.2584206024145097,-0.33247556074941875
3.21907377243042,BMED.MI,2018-11-30,2399312975.7197204,yfinance_marketcap_proxy,IT,Banks,Banca Mediolanum S.p.A.,11.847305,3.0636418,0.748,0.014090001,0.27824,,yfinance_generated_csv,0.07305409723263123,0.06829688196839705,-0.09025628088763693,-0.19219286990282336,-0.2837101654592491
3.1003000736236572,BMED.MI,2018-12-31,2310785872.3144035,yfinance_marketcap_proxy,IT,Banks,Banca Mediolanum S.p.A.,11.847305,3.0636418,0.748,0.014090001,0.27824,,yfinance_generated_csv,-0.03689685518362251,0.0669670179131338,-0.08759843051449623,-0.24464289344804613,-0.3101390077538001
3.2434372901916504,BMED.MI,2019-01-31,2417472144.6084046,yfinance_marketcap_proxy,IT,Banks,Banca Mediolanum S.p.A.,11.847305,3.0636418,0.748,0.014090001,0.27824,,yfinance_generated_csv,0.046168826619641834,0.06045105461703508,-0.0982872912173639,-0.2782889352111313,-0.231601509824785
3.733760118484497,BMED.MI,2019-02-28,2782930660.7474747,yfinance_marketcap_proxy,IT,Banks,Banca Mediolanum S.p.A.,11.847305,3.0636418,0.748,0.014090001,0.27824,,yfinance_generated_csv,0.1511738271541776,0.07761046120524244,0.09599326413643938,-0.11543976928550603,-0.07296080709138708
3.846442699432373,BMED.MI,2019-03-31,2866917794.227085,yfinance_marketcap_proxy,IT,Banks,Banca Mediolanum S.p.A.,11.847305,3.0636418,0.748,0.014090001,0.27824,,yfinance_generated_csv,0.03017938415219157,0.07729420391193167,0.12136281605761612,-0.044983335164460514,-0.01333547303344873
4.108914852142334,BMED.MI,2019-04-30,3062549484.04904,yfinance_marketcap_proxy,IT,Banks,Banca Mediolanum S.p.A.,11.847305,3.0636418,0.748,0.014090001,0.27824,,yfinance_generated_csv,0.0682376349318019,0.07904537434992849,0.36967594686171323,0.053992180757853836,0.0
3.7479333877563477,BMED.MI,2019-05-31,2793494602.8240943,yfinance_marketcap_proxy,IT,Banks,Banca Mediolanum S.p.A.,11.847305,3.0636418,0.748,0.014090001,0.27824,,yfinance_generated_csv,-0.08785323555628688,0.07854020934808914,0.16428937412224487,0.05920494533697673,-0.08785323555628688
4.064969062805176,BMED.MI,2019-06-30,3029794812.973179,yfinance_marketcap_proxy,IT,Banks,Banca Mediolanum S.p.A.,11.847305,3.0636418,0.748,0.014090001,0.27824,,yfinance_generated_csv,0.08458946364535502,0.07991513055379786,0.311153425885645,0.19629844361435778,-0.010695229986147137
4.058691501617432,BMED.MI,2019-07-31,3025115878.882688,yfinance_marketcap_proxy,IT,Banks,Banca Mediolanum S.p.A.,11.847305,3.0636418,0.748,0.014090001,0.27824,,yfinance_generated_csv,-0.0015443072482849152,0.07901865107793372,0.25135500966556656,0.1283627154142597,-0.012223020513242422
4.130887985229492,BMED.MI,2019-08-31,3078926997.290506,yfinance_marketcap_proxy,IT,Banks,Banca Mediolanum S.p.A.,11.847305,3.0636418,0.748,0.014090001,0.27824,,yfinance_generated_csv,0.017788118062998848,0.07624884224332992,0.10636137677376722,0.2125646166447661,0.0
4.325503826141357,BMED.MI,2019-09-30,3223982483.8654213,yfinance_marketcap_proxy,IT,Banks,Banca Mediolanum S.p.A.,11.847305,3.0636418,0.748,0.014090001,0.27824,,yfinance_generated_csv,0.047112350082533894,0.07655785518365231,0.12454653926852477,0.2610246740619995,0.0
4.824601173400879,BMED.MI,2019-10-31,3595981023.222582,yfinance_marketcap_proxy,IT,Banks,Banca Mediolanum S.p.A.,11.847305,3.0636418,0.748,0.014090001,0.27824,,yfinance_generated_csv,0.11538478922228812,0.06503290450489421,0.1741789126843054,0.6082446140159328,0.0
5.929583549499512,BMED.MI,2019-11-30,4419571515.500547,yfinance_marketcap_proxy,IT,Banks,Banca Mediolanum S.p.A.,11.847305,3.0636418,0.748,0.014090001,0.27824,,yfinance_generated_csv,0.22903082273217756,0.08443534852480074,0.5820941665799404,0.8420154270098137,0.0
5.697932720184326,BMED.MI,2019-12-31,4246912272.530628,yfinance_marketcap_proxy,IT,Banks,Banca Mediolanum S.p.A.,11.847305,3.0636418,0.748,0.014090001,0.27824,,yfinance_generated_csv,-0.039066964379773084,0.08465276530240694,0.4017161341573079,0.8378649114195369,-0.039066964379773084
5.24428653717041,BMED.MI,2020-01-31,3908790424.3726616,yfinance_marketcap_proxy,IT,Banks,Banca Mediolanum S.p.A.,11.847305,3.0636418,0.748,0.014090001,0.27824,,yfinance_generated_csv,-0.0796159248084699,0.09321390023986309,0.2921126267124532,0.6168916084887623,-0.11557253668968781
4.735944747924805,BMED.MI,2020-02-29,3529901608.1288815,yfinance_marketcap_proxy,IT,Banks,Banca Mediolanum S.p.A.,11.847305,3.0636418,0.748,0.014090001,0.27824,,yfinance_generated_csv,-0.09693249704084339,0.09493050632545127,0.14647135551938684,0.26841162732411594,-0.2013022991598552
2.9921388626098633,BMED.MI,2020-03-31,2230168708.682574,yfinance_marketcap_proxy,IT,Banks,Banca Mediolanum S.p.A.,11.847305,3.0636418,0.748,0.014090001,0.27824,,yfinance_generated_csv,-0.3682065518350994,0.14760075787972604,-0.3082565678183542,-0.2221023172783988,-0.49538802554482675
3.584132194519043,BMED.MI,2020-04-30,2671406587.4022193,yfinance_marketcap_proxy,IT,Banks,Banca Mediolanum S.p.A.,11.847305,3.0636418,0.748,0.014090001,0.27824,,yfinance_generated_csv,0.19784955147195915,0.1581522346336269,-0.25711326891035535,-0.1277180658415631,-0.395550772731491
3.8543894290924072,BMED.MI,2020-05-31,2872840830.7698174,yfinance_marketcap_proxy,IT,Banks,Banca Mediolanum S.p.A.,11.847305,3.0636418,0.748,0.014090001,0.27824,,yfinance_generated_csv,0.07540381322615541,0.15677881049416806,-0.34997299609384236,0.02840393099936822,-0.34997299609384236
4.111778259277344,BMED.MI,2020-06-30,3064683703.5107484,yfinance_marketcap_proxy,IT,Banks,Banca Mediolanum S.p.A.,11.847305,3.0636418,0.748,0.014090001,0.27824,,yfinance_generated_csv,0.06677810712176635,0.15614466286056028,-0.278373673189962,0.011515265122304719,-0.30656542319495617
4.050648212432861,BMED.MI,2020-07-31,3019120872.4080663,yfinance_marketcap_proxy,IT,Banks,Banca Mediolanum S.p.A.,11.847305,3.0636418,0.748,0.014090001,0.27824,,yfinance_generated_csv,-0.014867058238501984,0.1563099136191855,-0.22760738115228618,-0.0019817444073699786,-0.31687475543290766
3.9991705417633057,BMED.MI,2020-08-31,2980752368.941294,yfinance_marketcap_proxy,IT,Banks,Banca Mediolanum S.p.A.,11.847305,3.0636418,0.748,0.014090001,0.27824,,yfinance_generated_csv,-0.012708501940887573,0.15646493306330841,-0.15557069294027104,-0.031885987694936,-0.32555625392935783
3.9573452472686768,BMED.MI,2020-09-30,2949578193.1104326,yfinance_marketcap_proxy,IT,Banks,Banca Mediolanum S.p.A.,11.847305,3.0636418,0.748,0.014090001,0.27824,,yfinance_generated_csv,-0.010458492344311843,0.1561062007622656,0.32258074540595416,-0.08511345583552588,-0.33260991868430667
3.770738363265991,BMED.MI,2020-10-31,2810492123.7010226,yfinance_marketcap_proxy,IT,Banks,Banca Mediolanum S.p.A.,11.847305,3.0636418,0.748,0.014090001,0.27824,,yfinance_generated_csv,-0.04715456255212502,0.15269235483598828,0.05206453295230351,-0.21843521821970957,-0.3640804060203753
4.893594741821289,BMED.MI,2020-11-30,3647404872.3340964,yfinance_marketcap_proxy,IT,Banks,Banca Mediolanum S.p.A.,11.847305,3.0636418,0.748,0.014090001,0.27824,,yfinance_generated_csv,0.297781566998657,0.16332750575185026,0.2696160654875974,-0.174715272839973,-0.14116312316460922
4.5686421394348145,BMED.MI,2020-12-31,3405203838.584221,yfinance_marketcap_proxy,IT,Banks,Banca Mediolanum S.p.A.,11.847305,3.0636418,0.748,0.014090001,0.27824,,yfinance_generated_csv,-0.06640366019878763,0.16407133143762423,0.11111102091331304,-0.1981930353001745,-0.12883437869894576
4.2115159034729,BMED.MI,2021-01-31,3139022423.528787,yfinance_marketcap_proxy,IT,Banks,Banca Mediolanum S.p.A.,11.847305,3.0636418,0.748,0.014090001,0.27824,,yfinance_generated_csv,-0.0781690106299493,0.1640119340825066,0.039714061207853035,-0.19693253341087424,-0.1393819624087903
4.649075984954834,BMED.MI,2021-02-28,3465154614.1445813,yfinance_marketcap_proxy,IT,Banks,Banca Mediolanum S.p.A.,11.847305,3.0636418,0.748,0.014090001,0.27824,,yfinance_generated_csv,0.10389610095526725,0.16399759800576855,0.1625100596247575,-0.01834243590110185,-0.04996710389129
5.179939270019531,BMED.MI,2021-03-31,3860829661.7615447,yfinance_marketcap_proxy,IT,Banks,Banca Mediolanum S.p.A.,11.847305,3.0636418,0.748,0.014090001,0.27824,,yfinance_generated_csv,0.11418683772488492,0.1137626364295121,0.30894297726352726,0.7311827785630847,0.0
5.0010552406311035,BMED.MI,2021-04-30,3727499765.2750053,yfinance_marketcap_proxy,IT,Banks,Banca Mediolanum S.p.A.,11.847305,3.0636418,0.748,0.014090001,0.27824,,yfinance_generated_csv,-0.03453400128139983,0.10624151525684772,0.32628009658550905,0.39533225037816955,-0.03453400128139983
5.23375940322876,BMED.MI,2021-05-31,3900944102.464894,yfinance_marketcap_proxy,IT,Banks,Banca Mediolanum S.p.A.,11.847305,3.0636418,0.748,0.014090001,0.27824,,yfinance_generated_csv,0.04653101223658762,0.10551370803415096,0.06951222554258107,0.35786990378425587,0.0
5.297034740447998,BMED.MI,2021-06-30,3948105909.98027,yfinance_marketcap_proxy,IT,Banks,Banca Mediolanum S.p.A.,11.847305,3.0636418,0.748,0.014090001,0.27824,,yfinance_generated_csv,0.01208984447779593,0.10497962733932542,0.15943306102396826,0.2882588521149889,0.0
5.36160135269165,BMED.MI,2021-07-31,3996230159.844074,yfinance_marketcap_proxy,IT,Banks,Banca Mediolanum S.p.A.,11.847305,3.0636418,0.748,0.014090001,0.27824,,yfinance_generated_csv,0.012189199317615085,0.10431409026018315,0.2730811127343402,0.3236403339680334,0.0
5.675394535064697,BMED.MI,2021-08-31,4230113601.9099574,yfinance_marketcap_proxy,IT,Banks,Banca Mediolanum S.p.A.,11.847305,3.0636418,0.748,0.014090001,0.27824,,yfinance_generated_csv,0.05852601895057252,0.10380607765130705,0.22075753406293996,0.4191429137108802,0.0
6.036966800689697,BMED.MI,2021-09-30,4499608832.495945,yfinance_marketcap_proxy,IT,Banks,Banca Mediolanum S.p.A.,11.847305,3.0636418,0.748,0.014090001,0.27824,,yfinance_generated_csv,0.06370874542572724,0.10312147697548249,0.16545126998505033,0.5255092551897906,0.0
6.086055278778076,BMED.MI,2021-10-31,4536196568.833176,yfinance_marketcap_proxy,IT,Banks,Banca Mediolanum S.p.A.,11.847305,3.0636418,0.748,0.014090001,0.27824,,yfinance_generated_csv,0.008131314898530029,0.1000522651762914,0.21695421984782004,0.6140221602399096,0.0
5.92091703414917,BMED.MI,2021-11-30,4413111991.984052,yfinance_marketcap_proxy,IT,Banks,Banca Mediolanum S.p.A.,11.847305,3.0636418,0.748,0.014090001,0.27824,,yfinance_generated_csv,-0.027133871952287225,0.062165763643982526,0.1312933167115966,0.2099320328976677,-0.027133871952287225
6.231032848358154,BMED.MI,2021-12-31,4644254534.717929,yfinance_marketcap_proxy,IT,Banks,Banca Mediolanum S.p.A.,11.847305,3.0636418,0.748,0.014090001,0.27824,,yfinance_generated_csv,0.05237631475333582,0.05677023599503143,0.17632470876171058,0.3638697578377179,0.0
6.14776086807251,BMED.MI,2022-01-31,4582188376.270626,yfinance_marketcap_proxy,IT,Banks,Banca Mediolanum S.p.A.,11.847305,3.0636418,0.748,0.014090001,0.27824,,yfinance_generated_csv,-0.013364073390751963,0.04822861341756978,0.1466277448968094,0.45975012536529736,-0.013364073390751963
5.284892559051514,BMED.MI,2022-02-28,3939055824.3228254,yfinance_marketcap_proxy,IT,Banks,Banca Mediolanum S.p.A.,11.847305,3.0636418,0.748,0.014090001,0.27824,,yfinance_generated_csv,-0.14035489140479995,0.06443084491013451,-0.0688061373708061,0.13676192347775884,-0.15184325172606716
5.5677289962768555,BMED.MI,2022-03-31,4149865883.9284935,yfinance_marketcap_proxy,IT,Banks,Banca Mediolanum S.p.A.,11.847305,3.0636418,0.748,0.014090001,0.27824,,yfinance_generated_csv,0.05351791622346669,0.05778013836236664,-0.07772741177891407,0.07486375921466393,-0.10645166992757482
5.248227119445801,BMED.MI,2022-04-30,3911727508.407892,yfinance_marketcap_proxy,IT,Banks,Banca Mediolanum S.p.A.,11.847305,3.0636418,0.748,0.014090001,0.27824,,yfinance_generated_csv,-0.0573845955944885,0.05964290775064618,-0.1376635802592463,0.04942394493197111,-0.1577275794929115
5.531101703643799,BMED.MI,2022-05-31,4122566000.5792446,yfinance_marketcap_proxy,IT,Banks,Banca Mediolanum S.p.A.,11.847305,3.0636418,0.748,0.014090001,0.27824,,yfinance_generated_csv,0.053899074441707606,0.06013693800250567,-0.06583698576708519,0.05681237472085665,-0.11232987559980268
4.723104000091553,BMED.MI,2022-06-30,3520330851.112336,yfinance_marketcap_proxy,IT,Banks,Banca Mediolanum S.p.A.,11.847305,3.0636418,0.748,0.014090001,0.27824,,yfinance_generated_csv,-0.14608259743623053,0.0744060511106868,-0.2420030330387254,-0.10834943859701873,-0.2420030330387254
4.852502822875977,BMED.MI,2022-07-31,3616777312.578523,yfinance_marketcap_proxy,IT,Banks,Banca Mediolanum S.p.A.,11.847305,3.0636418,0.748,0.014090001,0.27824,,yfinance_generated_csv,0.027396987824514385,0.07488741704909346,-0.21068777283177442,-0.09495270094261943,-0.2212361993638684
4.798336029052734,BMED.MI,2022-08-31,3576404490.9345145,yfinance_marketcap_proxy,IT,Banks,Banca Mediolanum S.p.A.,11.847305,3.0636418,0.748,0.014090001,0.27824,,yfinance_generated_csv,-0.011162650656870388,0.07211640409311902,-0.09206554808109524,-0.1545370107035149,-0.22992926761458632
4.867549419403076,BMED.MI,2022-09-30,3627992182.705787,yfinance_marketcap_proxy,IT,Banks,Banca Mediolanum S.p.A.,11.847305,3.0636418,0.748,0.014090001,0.27824,,yfinance_generated_csv,0.01442445671400927,0.06877800659436456,-0.12575676318692774,-0.19370942724962814,-0.2188214156685675
5.702632427215576,BMED.MI,2022-10-31,4250415164.622985,yfinance_marketcap_proxy,IT,Banks,Banca Mediolanum S.p.A.,11.847305,3.0636418,0.748,0.014090001,0.27824,,yfinance_generated_csv,0.1715612797856112,0.08750848574449073,0.08658263017736156,-0.06300022494036261,-0.0848014179995551
6.247633457183838,BMED.MI,2022-11-30,4656627676.489775,yfinance_marketcap_proxy,IT,Banks,Banca Mediolanum S.p.A.,11.847305,3.0636418,0.748,0.014090001,0.27824,,yfinance_generated_csv,0.09557007871790346,0.09137036330288789,0.1295459371264136,0.0551800373405531,0.0
6.046046733856201,BMED.MI,2022-12-31,4506376493.9430485,yfinance_marketcap_proxy,IT,Banks,Banca Mediolanum S.p.A.,11.847305,3.0636418,0.748,0.014090001,0.27824,,yfinance_generated_csv,-0.03226609318698781,0.09093008405487898,0.2801002759496731,-0.029687873423857147,-0.03226609318698781
6.796568870544434,BMED.MI,2023-01-31,5065772652.099871,yfinance_marketcap_proxy,IT,Banks,Banca Mediolanum S.p.A.,11.847305,3.0636418,0.748,0.014090001,0.27824,,yfinance_generated_csv,0.12413435914835302,0.0973490870789712,0.4006316160195966,0.1055356602826587,0.0
7.114455223083496,BMED.MI,2023-02-28,5302706908.463724,yfinance_marketcap_proxy,IT,Banks,Banca Mediolanum S.p.A.,11.847305,3.0636418,0.748,0.014090001,0.27824,,yfinance_generated_csv,0.046771592930772155,0.08476476858992182,0.48269216245115687,0.3461872958795469,0.0
6.480233192443848,BMED.MI,2023-03-31,4829994179.531101,yfinance_marketcap_proxy,IT,Banks,Banca Mediolanum S.p.A.,11.847305,3.0636418,0.748,0.014090001,0.27824,,yfinance_generated_csv,-0.08914555095966559,0.09071218706911732,0.3313132819180582,0.1638916327962774,-0.08914555095966559
6.550709247589111,BMED.MI,2023-04-30,4882522989.226538,yfinance_marketcap_proxy,IT,Banks,Banca Mediolanum S.p.A.,11.847305,3.0636418,0.748,0.014090001,0.27824,,yfinance_generated_csv,0.010875543063394888,0.08775137949835884,0.14871672533655222,0.24817564074491671,-0.07923951417464259
6.296484470367432,BMED.MI,2023-05-31,4693038420.1056185,yfinance_marketcap_proxy,IT,Banks,Banca Mediolanum S.p.A.,11.847305,3.0636418,0.748,0.014090001,0.27824,,yfinance_generated_csv,-0.03880874079631047,0.08877848510627126,0.007819122795595934,0.13837799551207164,-0.11497306920452377
6.621061325073242,BMED.MI,2023-06-30,4934959393.083499,yfinance_marketcap_proxy,IT,Banks,Banca Mediolanum S.p.A.,11.847305,3.0636418,0.748,0.014090001,0.27824,,yfinance_generated_csv,0.05154890101505649,0.07326967773619181,0.09510587935040538,0.40184533835056335,-0.06935090355328866
7.067155838012695,BMED.MI,2023-07-31,5267452659.457106,yfinance_marketcap_proxy,IT,Banks,Banca Mediolanum S.p.A.,11.847305,3.0636418,0.748,0.014090001,0.27824,,yfinance_generated_csv,0.06737507644735774,0.07400074191871257,0.03981228949815474,0.45639396739683713,-0.006648349534527087
6.747374534606934,BMED.MI,2023-08-31,5029106015.392864,yfinance_marketcap_proxy,IT,Banks,Banca Mediolanum S.p.A.,11.847305,3.0636418,0.748,0.014090001,0.27824,,yfinance_generated_csv,-0.0452489389983064,0.07651349597878065,-0.0515964577703063,0.4061904989048817,-0.0515964577703063
6.4771599769592285,BMED.MI,2023-09-30,4827703580.958126,yfinance_marketcap_proxy,IT,Banks,Banca Mediolanum S.p.A.,11.847305,3.0636418,0.748,0.014090001,0.27824,,yfinance_generated_csv,-0.040047363053849816,0.07918142830192783,-0.000474244582463923,0.3306819138065462,-0.08957751874753606
6.160577297210693,BMED.MI,2023-10-31,4591741007.526547,yfinance_marketcap_proxy,IT,Banks,Banca Mediolanum S.p.A.,11.847305,3.0636418,0.748,0.014090001,0.27824,,yfinance_generated_csv,-0.048876773288708875,0.06722748149398752,-0.05955568101606712,0.0803041184645874,-0.13407603196065654
6.752942085266113,BMED.MI,2023-11-30,5033255748.354548,yfinance_marketcap_proxy,IT,Banks,Banca Mediolanum S.p.A.,11.847305,3.0636418,0.748,0.014090001,0.27824,,yfinance_generated_csv,0.09615410366226929,0.06729642924632631,0.07249404283403948,0.08088000545250407,-0.05081388897415795
7.057263374328613,BMED.MI,2023-12-31,5260079384.360918,yfinance_marketcap_proxy,IT,Banks,Banca Mediolanum S.p.A.,11.847305,3.0636418,0.748,0.014090001,0.27824,,yfinance_generated_csv,0.0450649931866709,0.06673398936540079,0.06588098611978133,0.16725253458758038,-0.008038823347895852
7.851142406463623,BMED.MI,2024-01-31,5851791285.860843,yfinance_marketcap_proxy,IT,Banks,Banca Mediolanum S.p.A.,11.847305,3.0636418,0.748,0.014090001,0.27824,,yfinance_generated_csv,0.11249105921465419,0.06506652975725309,0.11093381643489941,0.15516263514809547,0.0
8.23154354095459,BMED.MI,2024-02-29,6135320475.461734,yfinance_marketcap_proxy,IT,Banks,Banca Mediolanum S.p.A.,11.847305,3.0636418,0.748,0.014090001,0.27824,,yfinance_generated_csv,0.048451692097419174,0.06514518729404065,0.21996244594626102,0.15701670512263521,0.0
8.418436050415039,BMED.MI,2024-03-31,6274619433.706708,yfinance_marketcap_proxy,IT,Banks,Banca Mediolanum S.p.A.,11.847305,3.0636418,0.748,0.014090001,0.27824,,yfinance_generated_csv,0.02270443064907557,0.05644215738041346,0.29971099685068503,0.29909461595165987,0.0
8.781076431274414,BMED.MI,2024-04-30,6544910776.131867,yfinance_marketcap_proxy,IT,Banks,Banca Mediolanum S.p.A.,11.847305,3.0636418,0.748,0.014090001,0.27824,,yfinance_generated_csv,0.04307693004824764,0.05655411966135947,0.42536583953750506,0.3404772062668109,0.0
9.100231170654297,BMED.MI,2024-05-31,6782790415.304737,yfinance_marketcap_proxy,IT,Banks,Banca Mediolanum S.p.A.,11.847305,3.0636418,0.748,0.014090001,0.27824,,yfinance_generated_csv,0.036345742105511336,0.052738303966826446,0.3475950268416501,0.4452876384404474,0.0
8.893211364746094,BMED.MI,2024-06-30,6628489724.590366,yfinance_marketcap_proxy,IT,Banks,Banca Mediolanum S.p.A.,11.847305,3.0636418,0.748,0.014090001,0.27824,,yfinance_generated_csv,-0.022748851323226127,0.05461625485737579,0.26015013087025984,0.34317006415096407,-0.022748851323226127
9.410760879516602,BMED.MI,2024-07-31,7014241451.376294,yfinance_marketcap_proxy,IT,Banks,Banca Mediolanum S.p.A.,11.847305,3.0636418,0.748,0.014090001,0.27824,,yfinance_generated_csv,0.05819602093594045,0.054048924622786335,0.1986486032617354,0.3316192673859213,0.0
9.531521797180176,BMED.MI,2024-08-31,7104249713.750249,yfinance_marketcap_proxy,IT,Banks,Banca Mediolanum S.p.A.,11.847305,3.0636418,0.748,0.014090001,0.27824,,yfinance_generated_csv,0.012832216141674735,0.04955467190574597,0.15792642652714806,0.4126267555318732,0.0
9.76441764831543,BMED.MI,2024-09-30,7277836924.582704,yfinance_marketcap_proxy,IT,Banks,Banca Mediolanum S.p.A.,11.847305,3.0636418,0.748,0.014090001,0.27824,,yfinance_generated_csv,0.024434277767077406,0.04446756796457634,0.15988499405825296,0.5075152818596027,0.0
9.816173553466797,BMED.MI,2024-10-31,7316412808.0754385,yfinance_marketcap_proxy,IT,Banks,Banca Mediolanum S.p.A.,11.847305,3.0636418,0.748,0.014090001,0.27824,,yfinance_generated_csv,0.005300459998277107,0.037270253639974736,0.11787815882182873,0.5933853403497165,0.0
9.738640785217285,BMED.MI,2024-11-30,7258624329.135401,yfinance_marketcap_proxy,IT,Banks,Banca Mediolanum S.p.A.,11.847305,3.0636418,0.748,0.014090001,0.27824,,yfinance_generated_csv,-0.007898471622084235,0.03510822924225412,0.07015312057364875,0.44213302324412207,-0.007898471622084235
10.237601280212402,BMED.MI,2024-12-31,7630520866.663167,yfinance_marketcap_proxy,IT,Banks,Banca Mediolanum S.p.A.,11.847305,3.0636418,0.748,0.014090001,0.27824,,yfinance_generated_csv,0.05123512674915687,0.03536883760074917,0.15117035459155437,0.45064747299251073,0.0
11.600833892822266,BMED.MI,2025-01-31,8646596274.555931,yfinance_marketcap_proxy,IT,Banks,Banca Mediolanum S.p.A.,11.847305,3.0636418,0.748,0.014090001,0.27824,,yfinance_generated_csv,0.13315937740657735,0.039860966537034186,0.23272007878476253,0.4775982006480519,0.0
12.10870361328125,BMED.MI,2025-02-28,9025133237.799364,yfinance_marketcap_proxy,IT,Banks,Banca Mediolanum S.p.A.,11.847305,3.0636418,0.748,0.014090001,0.27824,,yfinance_generated_csv,0.04377872531846316,0.03972696396676543,0.2703851358618843,0.4710125206817575,0.0
13.249185562133789,BMED.MI,2025-03-31,9875183075.703524,yfinance_marketcap_proxy,IT,Banks,Banca Mediolanum S.p.A.,11.847305,3.0636418,0.748,0.014090001,0.27824,,yfinance_generated_csv,0.09418695719016679,0.04319087627110846,0.3568843569917921,0.5738298043471612,0.0
12.273041725158691,BMED.MI,2025-04-30,9147621441.58325,yfinance_marketcap_proxy,IT,Banks,Banca Mediolanum S.p.A.,11.847305,3.0636418,0.748,0.014090001,0.27824,,yfinance_generated_csv,-0.07367576160793754,0.05405309116118908,0.2502877682744513,0.3976693883960969,-0.07367576160793754
13.685564041137695,BMED.MI,2025-05-31,10200434567.597233,yfinance_marketcap_proxy,IT,Banks,Banca Mediolanum S.p.A.,11.847305,3.0636418,0.748,0.014090001,0.27824,,yfinance_generated_csv,0.11509146205243104,0.059456904742808556,0.4052848177654955,0.5038699330265164,0.0
13.676209449768066,BMED.MI,2025-06-30,10193462191.6772,yfinance_marketcap_proxy,IT,Banks,Banca Mediolanum S.p.A.,11.847305,3.0636418,0.748,0.014090001,0.27824,,yfinance_generated_csv,-0.0006835371447979632,0.05778729311040943,0.33588025900187457,0.5378257514470455,-0.0006835371447979632
14.499401092529297,BMED.MI,2025-07-31,10807022032.05633,yfinance_marketcap_proxy,IT,Banks,Banca Mediolanum S.p.A.,11.847305,3.0636418,0.748,0.014090001,0.27824,,yfinance_generated_csv,0.06019150597135603,0.05785353756034124,0.2498585210758384,0.5407256945704142,0.0
16.16449546813965,BMED.MI,2025-08-31,12048087886.282942,yfinance_marketcap_proxy,IT,Banks,Banca Mediolanum S.p.A.,11.847305,3.0636418,0.748,0.014090001,0.27824,,yfinance_generated_csv,0.1148388381688592,0.0611910830661571,0.3349484787463015,0.6958987045407361,0.0
15.9493408203125,BMED.MI,2025-09-30,11887723950.936306,yfinance_marketcap_proxy,IT,Banks,Banca Mediolanum S.p.A.,11.847305,3.0636418,0.748,0.014090001,0.27824,,yfinance_generated_csv,-0.013310322505964978,0.0633689168283233,0.2037978293470175,0.6334144436216431,-0.013310322505964978
16.286102294921875,BMED.MI,2025-10-31,12138726640.800957,yfinance_marketcap_proxy,IT,Banks,Banca Mediolanum S.p.A.,11.847305,3.0636418,0.748,0.014090001,0.27824,,yfinance_generated_csv,0.021114444691061385,0.062662384608609,0.3269817425566761,0.659109041442129,0.0
17.828781127929688,BMED.MI,2025-11-30,13288550970.117039,yfinance_marketcap_proxy,IT,Banks,Banca Mediolanum S.p.A.,11.847305,3.0636418,0.748,0.014090001,0.27824,,yfinance_generated_csv,0.09472363645221793,0.061808079125919256,0.3027436117603788,0.8307258190478475,0.0
18.82463836669922,BMED.MI,2025-12-31,14030805843.36903,yfinance_marketcap_proxy,IT,Banks,Banca Mediolanum S.p.A.,11.847305,3.0636418,0.748,0.014090001,0.27824,,yfinance_generated_csv,0.05585672018876653,0.061807846780039456,0.37645145285621995,0.8387743233450735,0.0
19.10502815246582,BMED.MI,2026-01-31,14239792309.293095,yfinance_marketcap_proxy,IT,Banks,Banca Mediolanum S.p.A.,11.847305,3.0636418,0.748,0.014090001,0.27824,,yfinance_generated_csv,0.014894829866299641,0.05726017534673808,0.31764257230662696,0.6468667967297241,0.0
17.63541030883789,BMED.MI,2026-02-28,13144423451.404657,yfinance_marketcap_proxy,IT,Banks,Banca Mediolanum S.p.A.,11.847305,3.0636418,0.748,0.014090001,0.27824,,yfinance_generated_csv,-0.07692309228229277,0.06705107026155,0.09099664407079255,0.4564243103196246,-0.07692309228229277
16.707231521606445,BMED.MI,2026-03-31,12452612214.562202,yfinance_marketcap_proxy,IT,Banks,Banca Mediolanum S.p.A.,11.847305,3.0636418,0.748,0.014090001,0.27824,,yfinance_generated_csv,-0.05263153910098106,0.06842321146687882,0.047518622232257,0.2610006436437695,-0.12550605064404996
18.6299991607666,BMED.MI,2026-04-30,13885732941.847631,yfinance_marketcap_proxy,IT,Banks,Banca Mediolanum S.p.A.,11.847305,3.0636418,0.748,0.014090001,0.27824,,yfinance_generated_csv,0.1150859516535434,0.06618360366489495,0.14392006284865166,0.5179610383444462,-0.024864082267154752
19.625,BMED.MI,2026-05-31,14627349504.0,yfinance_marketcap_proxy,IT,Banks,Banca Mediolanum S.p.A.,11.847305,3.0636418,0.748,0.014090001,0.27824,,yfinance_generated_csv,0.05340852839804722,0.06185065744033927,0.10074827096600814,0.4339927781572497,0.0
2622.351806640625,BMPS.MI,2015-01-31,8102691683154.494,yfinance_marketcap_proxy,IT,Banks,Banca Monte dei Paschi di Siena S.p.A.,6.3115945,0.9309534,0.951,0.015579999,0.13343,,yfinance_generated_csv,,,,,
4038.422119140625,BMPS.MI,2015-02-28,12478146233074.143,yfinance_marketcap_proxy,IT,Banks,Banca Monte dei Paschi di Siena S.p.A.,6.3115945,0.9309534,0.951,0.015579999,0.13343,,yfinance_generated_csv,0.5400001284778273,,,,
4051.53369140625,BMPS.MI,2015-03-31,12518659114404.836,yfinance_marketcap_proxy,IT,Banks,Banca Monte dei Paschi di Siena S.p.A.,6.3115945,0.9309534,0.951,0.015579999,0.13343,,yfinance_generated_csv,0.003246706728224691,,,,
3625.4013671875,BMPS.MI,2015-04-30,11201971234987.998,yfinance_marketcap_proxy,IT,Banks,Banca Monte dei Paschi di Siena S.p.A.,6.3115945,0.9309534,0.951,0.015579999,0.13343,,yfinance_generated_csv,-0.10517802804469423,,,,-0.10517802804469423
2972.42919921875,BMPS.MI,2015-05-31,9184380711346.705,yfinance_marketcap_proxy,IT,Banks,Banca Monte dei Paschi di Siena S.p.A.,6.3115945,0.9309534,0.951,0.015579999,0.13343,,yfinance_generated_csv,-0.1801103110620026,0.3258205923343963,,,-0.2663446917586789
2812.93310546875,BMPS.MI,2015-06-30,8691560614115.234,yfinance_marketcap_proxy,IT,Banks,Banca Monte dei Paschi di Siena S.p.A.,6.3115945,0.9309534,0.951,0.015579999,0.13343,,yfinance_generated_csv,-0.053658500526075015,0.28707331756684096,,,-0.30571153550190355
2909.597412109375,BMPS.MI,2015-07-31,8990239483781.566,yfinance_marketcap_proxy,IT,Banks,Banca Monte dei Paschi di Siena S.p.A.,6.3115945,0.9309534,0.951,0.015579999,0.13343,,yfinance_generated_csv,0.03436423939577371,0.25677987500864125,0.10953740254886979,,-0.28185284049816683
3017.539306640625,BMPS.MI,2015-08-31,9323764485601.492,yfinance_marketcap_proxy,IT,Banks,Banca Monte dei Paschi di Siena S.p.A.,6.3115945,0.9309534,0.951,0.015579999,0.13343,,yfinance_generated_csv,0.03709856699831038,0.2344090697560773,-0.2527924972630755,,-0.25521060998674183
2564.827880859375,BMPS.MI,2015-09-30,7924950987253.272,yfinance_marketcap_proxy,IT,Banks,Banca Monte dei Paschi di Siena S.p.A.,6.3115945,0.9309534,0.951,0.015579999,0.13343,,yfinance_generated_csv,-0.15002668723651058,0.22711893406031827,-0.36694889485933246,,-0.36694889485933246
2693.713623046875,BMPS.MI,2015-10-31,8323189480141.716,yfinance_marketcap_proxy,IT,Banks,Banca Monte dei Paschi di Siena S.p.A.,6.3115945,0.9309534,0.951,0.015579999,0.13343,,yfinance_generated_csv,0.05025122471154497,0.21276194758967568,-0.25698885441294084,,-0.33513730152101684
2394.05419921875,BMPS.MI,2015-11-30,7397284757868.21,yfinance_marketcap_proxy,IT,Banks,Banca Monte dei Paschi di Siena S.p.A.,6.3115945,0.9309534,0.951,0.015579999,0.13343,,yfinance_generated_csv,-0.11124397978474732,0.20481387380869087,-0.19457990795946145,,-0.4090992741102454
1984.8416748046875,BMPS.MI,2015-12-31,6132876637715.902,yfinance_marketcap_proxy,IT,Banks,Banca Monte dei Paschi di Siena S.p.A.,6.3115945,0.9309534,0.951,0.015579999,0.13343,,yfinance_generated_csv,-0.17092868012244689,0.2015314518363563,-0.2943871750999455,,-0.510101155269977
1068.1412353515625,BMPS.MI,2016-01-31,3300403508865.87,yfinance_marketcap_proxy,IT,Banks,Banca Monte dei Paschi di Siena S.p.A.,6.3115945,0.9309534,0.951,0.015579999,0.13343,,yfinance_generated_csv,-0.4618506609819799,0.23229909862771167,-0.6328903679574038,-0.5926781324127866,-0.7363612605228465
792.3256225585938,BMPS.MI,2016-02-29,2448172749361.2134,yfinance_marketcap_proxy,IT,Banks,Banca Monte dei Paschi di Siena S.p.A.,6.3115945,0.9309534,0.951,0.015579999,0.13343,,yfinance_generated_csv,-0.2582201713261152,0.1477107602898422,-0.7374265777367202,-0.8038031688655667,-0.8044381009988381
810.3695678710938,BMPS.MI,2016-03-31,2503925957319.296,yfinance_marketcap_proxy,IT,Banks,Banca Monte dei Paschi di Siena S.p.A.,6.3115945,0.9309534,0.951,0.015579999,0.13343,,yfinance_generated_csv,0.022773396188087602,0.14921792430813738,-0.6840452437691179,-0.7999844923935898,-0.776474523564336
1138.222900390625,BMPS.MI,2016-04-30,3516945821386.888,yfinance_marketcap_proxy,IT,Banks,Banca Monte dei Paschi di Siena S.p.A.,6.3115945,0.9309534,0.951,0.015579999,0.13343,,yfinance_generated_csv,0.4045726117045936,0.21112355160059457,-0.5774521498305472,-0.6860422377802458,-0.6227976557303609
1003.6982421875,BMPS.MI,2016-05-31,3101283885241.8574,yfinance_marketcap_proxy,IT,Banks,Banca Monte dei Paschi di Siena S.p.A.,6.3115945,0.9309534,0.951,0.015579999,0.13343,,yfinance_generated_csv,-0.11818832511361144,0.2089262206899917,-0.5807537513081216,-0.6623306477909368,-0.6673785690285174
610.9188232421875,BMPS.MI,2016-06-30,1887651708528.1296,yfinance_marketcap_proxy,IT,Banks,Banca Monte dei Paschi di Siena S.p.A.,6.3115945,0.9309534,0.951,0.015579999,0.13343,,yfinance_generated_csv,-0.3913321777761346,0.2290875403603719,-0.6922077811056122,-0.7828178629436752,-0.7975440379856019
496.5325927734375,BMPS.MI,2016-07-31,1534214631191.8657,yfinance_marketcap_proxy,IT,Banks,Banca Monte dei Paschi di Siena S.p.A.,6.3115945,0.9309534,0.951,0.015579999,0.13343,,yfinance_generated_csv,-0.18723638250609886,0.22683183022165682,-0.535143315939852,-0.8293466337621377,-0.83545115992997
389.2351989746094,BMPS.MI,2016-08-31,1202681044372.4592,yfinance_marketcap_proxy,IT,Banks,Banca Monte dei Paschi di Siena S.p.A.,6.3115945,0.9309534,0.951,0.015579999,0.13343,,yfinance_generated_csv,-0.21609335491856985,0.22353570866965183,-0.5087433904791778,-0.871009070828662,-0.8555023831618955
299.8206481933594,BMPS.MI,2016-09-30,926402882482.2163,yfinance_marketcap_proxy,IT,Banks,Banca Monte dei Paschi di Siena S.p.A.,6.3115945,0.9309534,0.951,0.015579999,0.13343,,yfinance_generated_csv,-0.2297185635235489,0.22528734619898078,-0.6300198575064802,-0.8831030142681929,-0.8886961681345211
391.6518249511719,BMPS.MI,2016-10-31,1210148072691.0862,yfinance_marketcap_proxy,IT,Banks,Banca Monte dei Paschi di Siena S.p.A.,6.3115945,0.9309534,0.951,0.015579999,0.13343,,yfinance_generated_csv,0.30628703296841997,0.2549984725509185,-0.6559093787194393,-0.8546052477144277,-0.8364064501635011
344.76953125,BMPS.MI,2016-11-30,1065288496528.2946,yfinance_marketcap_proxy,IT,Banks,Banca Monte dei Paschi di Siena S.p.A.,6.3115945,0.9309534,0.951,0.015579999,0.13343,,yfinance_generated_csv,-0.11970400931239578,0.25499100230242955,-0.6565008119386604,-0.8559892539765773,-0.8262987241620035
242.9497833251953,BMPS.MI,2016-12-31,750680051314.3438,yfinance_marketcap_proxy,IT,Banks,Banca Monte dei Paschi di Siena S.p.A.,6.3115945,0.9309534,0.951,0.015579999,0.13343,,yfinance_generated_csv,-0.295326990049399,0.25980812994782493,-0.6023206781617165,-0.8775973991229794,-0.7865534217930269
242.9497833251953,BMPS.MI,2017-01-31,750680051314.3438,yfinance_marketcap_proxy,IT,Banks,Banca Monte dei Paschi di Siena S.p.A.,6.3115945,0.9309534,0.951,0.015579999,0.13343,,yfinance_generated_csv,0.0,0.23936921583764129,-0.5107072791170213,-0.7725490082355709,-0.7865534217930269
242.9497833251953,BMPS.MI,2017-02-28,750680051314.3438,yfinance_marketcap_proxy,IT,Banks,Banca Monte dei Paschi di Siena S.p.A.,6.3115945,0.9309534,0.951,0.015579999,0.13343,,yfinance_generated_csv,0.0,0.23444585677487773,-0.3758278183339646,-0.6933712902775289,-0.7865534217930269
242.9497833251953,BMPS.MI,2017-03-31,750680051314.3438,yfinance_marketcap_proxy,IT,Banks,Banca Monte dei Paschi di Siena S.p.A.,6.3115945,0.9309534,0.951,0.015579999,0.13343,,yfinance_generated_csv,0.0,0.23372948438029115,-0.18968294949281506,-0.700198782188423,-0.7865534217930269
242.9497833251953,BMPS.MI,2017-04-30,750680051314.3438,yfinance_marketcap_proxy,IT,Banks,Banca Monte dei Paschi di Siena S.p.A.,6.3115945,0.9309534,0.951,0.015579999,0.13343,,yfinance_generated_csv,0.0,0.1825353339826644,-0.37967917459471967,-0.7865534217930269,-0.7579453932332283
242.9497833251953,BMPS.MI,2017-05-31,750680051314.3438,yfinance_marketcap_proxy,IT,Banks,Banca Monte dei Paschi di Siena S.p.A.,6.3115945,0.9309534,0.951,0.015579999,0.13343,,yfinance_generated_csv,0.0,0.18488977950406665,-0.295326990049399,-0.7579453932332283,-0.6023206781617165
242.9497833251953,BMPS.MI,2017-06-30,750680051314.3438,yfinance_marketcap_proxy,IT,Banks,Banca Monte dei Paschi di Siena S.p.A.,6.3115945,0.9309534,0.951,0.015579999,0.13343,,yfinance_generated_csv,0.0,0.1606884618641618,0.0,-0.6023206781617165,-0.5107072791170213
242.9497833251953,BMPS.MI,2017-07-31,750680051314.3438,yfinance_marketcap_proxy,IT,Banks,Banca Monte dei Paschi di Siena S.p.A.,6.3115945,0.9309534,0.951,0.015579999,0.13343,,yfinance_generated_csv,0.0,0.1564370620308189,0.0,-0.5107072791170213,-0.37967917459471967
242.9497833251953,BMPS.MI,2017-08-31,750680051314.3438,yfinance_marketcap_proxy,IT,Banks,Banca Monte dei Paschi di Siena S.p.A.,6.3115945,0.9309534,0.951,0.015579999,0.13343,,yfinance_generated_csv,0.0,0.1472731040296698,0.0,-0.3758278183339646,-0.37967917459471967
242.9497833251953,BMPS.MI,2017-09-30,750680051314.3438,yfinance_marketcap_proxy,IT,Banks,Banca Monte dei Paschi di Siena S.p.A.,6.3115945,0.9309534,0.951,0.015579999,0.13343,,yfinance_generated_csv,0.0,0.13292971141402787,0.0,-0.18968294949281506,-0.37967917459471967
76.04263305664062,BMPS.MI,2017-10-31,234960850360.7045,yfinance_marketcap_proxy,IT,Banks,Banca Monte dei Paschi di Siena S.p.A.,6.3115945,0.9309534,0.951,0.015579999,0.13343,,yfinance_generated_csv,-0.6870026718449246,0.20721381893042742,-0.6870026718449246,-0.8058412390491962,-0.779439230662467
66.0539779663086,BMPS.MI,2017-11-30,204097336044.51736,yfinance_marketcap_proxy,IT,Banks,Banca Monte dei Paschi di Siena S.p.A.,6.3115945,0.9309534,0.951,0.015579999,0.13343,,yfinance_generated_csv,-0.1313559866199261,0.2073835095616215,-0.7281167446941352,-0.8084112081284486,-0.7281167446941352
63.0573844909668,BMPS.MI,2017-12-31,194838291179.15598,yfinance_marketcap_proxy,IT,Banks,Banca Monte dei Paschi di Siena S.p.A.,6.3115945,0.9309534,0.951,0.015579999,0.13343,,yfinance_generated_csv,-0.04536582909314313,0.1975110565969143,-0.7404509539876285,-0.7404509539876285,-0.7404509539876285
60.8985481262207,BMPS.MI,2018-01-31,188167795857.50485,yfinance_marketcap_proxy,IT,Banks,Banca Monte dei Paschi di Siena S.p.A.,6.3115945,0.9309534,0.951,0.015579999,0.13343,,yfinance_generated_csv,-0.03423605945875152,0.19662211192885143,-0.7493368905593703,-0.7493368905593703,-0.7493368905593703
51.795989990234375,BMPS.MI,2018-02-28,160042194282.18796,yfinance_marketcap_proxy,IT,Banks,Banca Monte dei Paschi di Siena S.p.A.,6.3115945,0.9309534,0.951,0.015579999,0.13343,,yfinance_generated_csv,-0.14947085630218981,0.19618468202065895,-0.7868037201708308,-0.7868037201708308,-0.7868037201708308
41.43678665161133,BMPS.MI,2018-03-31,128033738924.13452,yfinance_marketcap_proxy,IT,Banks,Banca Monte dei Paschi di Siena S.p.A.,6.3115945,0.9309534,0.951,0.015579999,0.13343,,yfinance_generated_csv,-0.20000010310790806,0.19659025926520196,-0.829442998118887,-0.829442998118887,-0.829442998118887
43.20896911621094,BMPS.MI,2018-04-30,133509529045.2696,yfinance_marketcap_proxy,IT,Banks,Banca Monte dei Paschi di Siena S.p.A.,6.3115945,0.9309534,0.951,0.015579999,0.13343,,yfinance_generated_csv,0.04276833721445672,0.1990188422821122,-0.43177968227340857,-0.8221485587481488,-0.8221485587481488
43.1767463684082,BMPS.MI,2018-05-31,133409965367.36475,yfinance_marketcap_proxy,IT,Banks,Banca Monte dei Paschi di Siena S.p.A.,6.3115945,0.9309534,0.951,0.015579999,0.13343,,yfinance_generated_csv,-0.0007457421100713901,0.19898475893999776,-0.34634146651347963,-0.8222811900572273,-0.8222811900572273
39.71294021606445,BMPS.MI,2018-06-30,122707300213.29095,yfinance_marketcap_proxy,IT,Banks,Banca Monte dei Paschi di Siena S.p.A.,6.3115945,0.9309534,0.951,0.015579999,0.13343,,yfinance_generated_csv,-0.08022388076184839,0.19663688936642706,-0.37020952364820203,-0.8365384826752138,-0.8365384826752138
42.82231140136719,BMPS.MI,2018-07-31,132314812057.88512,yfinance_marketcap_proxy,IT,Banks,Banca Monte dei Paschi di Siena S.p.A.,6.3115945,0.9309534,0.951,0.015579999,0.13343,,yfinance_generated_csv,0.07829617168574554,0.20174755815832532,-0.29682541343002145,-0.8237400716507399,-0.8237400716507399
33.349205017089844,BMPS.MI,2018-08-31,103044269440.7019,yfinance_marketcap_proxy,IT,Banks,Banca Monte dei Paschi di Siena S.p.A.,6.3115945,0.9309534,0.951,0.015579999,0.13343,,yfinance_generated_csv,-0.22121894111430185,0.20182535870442975,-0.3561431102412077,-0.8627321063610459,-0.8627321063610459
36.1202507019043,BMPS.MI,2018-09-30,111606403921.33464,yfinance_marketcap_proxy,IT,Banks,Banca Monte dei Paschi di Siena S.p.A.,6.3115945,0.9309534,0.951,0.015579999,0.13343,,yfinance_generated_csv,0.08309180633824487,0.20762305606595574,-0.12830473546143784,-0.8513262691263392,-0.525
23.400829315185547,BMPS.MI,2018-10-31,72305212668.61296,yfinance_marketcap_proxy,IT,Banks,Banca Monte dei Paschi di Siena S.p.A.,6.3115945,0.9309534,0.951,0.015579999,0.13343,,yfinance_generated_csv,-0.3521410051023862,0.1321010730382402,-0.4584265768468395,-0.6922669774236334,-0.6457317176700343
25.849660873413086,BMPS.MI,2018-11-30,79871751624.23668,yfinance_marketcap_proxy,IT,Banks,Banca Monte dei Paschi di Siena S.p.A.,6.3115945,0.9309534,0.951,0.015579999,0.13343,,yfinance_generated_csv,0.10464721250876408,0.14166660632608916,-0.4013059563856598,-0.6086585294439355,-0.5900613214124645
24.093591690063477,BMPS.MI,2018-12-31,74445749235.48825,yfinance_marketcap_proxy,IT,Banks,Banca Monte dei Paschi di Siena S.p.A.,6.3115945,0.9309534,0.951,0.015579999,0.13343,,yfinance_generated_csv,-0.0679339350697542,0.14153852039909243,-0.3933062734972901,-0.6179100689862109,-0.6043650886368233
19.896745681762695,BMPS.MI,2019-01-31,61478095863.875206,yfinance_marketcap_proxy,IT,Banks,Banca Monte dei Paschi di Siena S.p.A.,6.3115945,0.9309534,0.951,0.015579999,0.13343,,yfinance_generated_csv,-0.17418930569955737,0.1443820351197566,-0.5353649760921722,-0.673280459157681,-0.6158632032032976
21.93475341796875,BMPS.MI,2019-02-28,67775248020.40291,yfinance_marketcap_proxy,IT,Banks,Banca Monte dei Paschi di Siena S.p.A.,6.3115945,0.9309534,0.951,0.015579999,0.13343,,yfinance_generated_csv,0.102429199669275,0.1512113914094214,-0.3422705756635501,-0.5765163785438925,-0.49235647443994746
20.05785369873047,BMPS.MI,2019-03-31,61975896573.096825,yfinance_marketcap_proxy,IT,Banks,Banca Monte dei Paschi di Siena S.p.A.,6.3115945,0.9309534,0.951,0.015579999,0.13343,,yfinance_generated_csv,-0.08556739542377267,0.14485504819955597,-0.44469229008775957,-0.5159408989077465,-0.5357942087258625
21.781702041625977,BMPS.MI,2019-04-30,67302341177.37462,yfinance_marketcap_proxy,IT,Banks,Banca Monte dei Paschi di Siena S.p.A.,6.3115945,0.9309534,0.951,0.015579999,0.13343,,yfinance_generated_csv,0.08594380878371921,0.14780885551433195,-0.06919102104252639,-0.4958985949643029,-0.49552238476303223
16.819597244262695,BMPS.MI,2019-05-31,51970147697.18591,yfinance_marketcap_proxy,IT,Banks,Banca Monte dei Paschi di Siena S.p.A.,6.3115945,0.9309534,0.951,0.015579999,0.13343,,yfinance_generated_csv,-0.22781070037045037,0.15607562858531432,-0.3493300617509454,-0.6104477836113804,-0.6072235081704231
17.367361068725586,BMPS.MI,2019-06-30,53662659500.35779,yfinance_marketcap_proxy,IT,Banks,Banca Monte dei Paschi di Siena S.p.A.,6.3115945,0.9309534,0.951,0.015579999,0.13343,,yfinance_generated_csv,0.03256700005998869,0.15831699789042045,-0.27917093922164704,-0.5626775309449327,-0.5944319561374471
21.137271881103516,BMPS.MI,2019-07-31,65311144233.922386,yfinance_marketcap_proxy,IT,Banks,Banca Monte dei Paschi di Siena S.p.A.,6.3115945,0.9309534,0.951,0.015579999,0.13343,,yfinance_generated_csv,0.21706871858423127,0.17318847788164626,0.06234819599055763,-0.5063958205574894,-0.4148082731887258
23.360553741455078,BMPS.MI,2019-08-31,72180766911.38322,yfinance_marketcap_proxy,IT,Banks,Banca Monte dei Paschi di Siena S.p.A.,6.3115945,0.9309534,0.951,0.015579999,0.13343,,yfinance_generated_csv,0.10518300908733402,0.16802427771413084,0.06500188519640826,-0.29951692313253253,-0.35325604646970277
24.617191314697266,BMPS.MI,2019-09-30,76063597120.38284,yfinance_marketcap_proxy,IT,Banks,Banca Monte dei Paschi di Siena S.p.A.,6.3115945,0.9309534,0.951,0.015579999,0.13343,,yfinance_generated_csv,0.05379314151325909,0.16668117473922528,0.2273093464758582,-0.31846565745460287,-0.047678364708584664
23.247777938842773,BMPS.MI,2019-10-31,71832305825.58467,yfinance_marketcap_proxy,IT,Banks,Banca Monte dei Paschi di Siena S.p.A.,6.3115945,0.9309534,0.951,0.015579999,0.13343,,yfinance_generated_csv,-0.05562833543227608,0.130577078026644,0.067307683045845,-0.006540425310630038,-0.10065443207598923
23.763322830200195,BMPS.MI,2019-11-30,73425265737.72015,yfinance_marketcap_proxy,IT,Banks,Banca Monte dei Paschi di Siena S.p.A.,6.3115945,0.9309534,0.951,0.015579999,0.13343,,yfinance_generated_csv,0.02217609324700409,0.127126289589663,0.4128354255513498,-0.08071046090042644,-0.03468586133899376
22.522796630859375,BMPS.MI,2019-12-31,69592217367.67297,yfinance_marketcap_proxy,IT,Banks,Banca Monte dei Paschi di Siena S.p.A.,6.3115945,0.9309534,0.951,0.015579999,0.13343,,yfinance_generated_csv,-0.0522033979929889,0.12643378678800218,0.29684622446282183,-0.065195554046511,-0.08507853950777355
27.307682037353516,BMPS.MI,2020-01-31,84376828299.68764,yfinance_marketcap_proxy,IT,Banks,Banca Monte dei Paschi di Siena S.p.A.,6.3115945,0.9309534,0.951,0.015579999,0.13343,,yfinance_generated_csv,0.2124463264894103,0.12672217267434305,0.2919208396882229,0.3724697734053899,0.0
29.40207862854004,BMPS.MI,2020-02-29,90848213945.83173,yfinance_marketcap_proxy,IT,Banks,Banca Monte dei Paschi di Siena S.p.A.,6.3115945,0.9309534,0.951,0.015579999,0.13343,,yfinance_generated_csv,0.0766962420435997,0.1256760313699656,0.2586207910116367,0.3404335151747877,0.0
18.25345230102539,BMPS.MI,2020-03-31,56400554560.92534,yfinance_marketcap_proxy,IT,Banks,Banca Monte dei Paschi di Siena S.p.A.,6.3115945,0.9309534,0.951,0.015579999,0.13343,,yfinance_generated_csv,-0.37917816860379694,0.1710483941994422,-0.2585079236830936,-0.08995984439847049,-0.37917816860379694
17.947349548339844,BMPS.MI,2020-04-30,55454740874.86877,yfinance_marketcap_proxy,IT,Banks,Banca Monte dei Paschi di Siena S.p.A.,6.3115945,0.9309534,0.951,0.015579999,0.13343,,yfinance_generated_csv,-0.01676958131741202,0.16933225407264,-0.22799720491337305,-0.17603548547117598,-0.38958909078902015
21.185606002807617,BMPS.MI,2020-05-31,65460489750.77968,yfinance_marketcap_proxy,IT,Banks,Banca Monte dei Paschi di Siena S.p.A.,6.3115945,0.9309534,0.951,0.015579999,0.13343,,yfinance_generated_csv,0.1804309012729579,0.16038873855247676,-0.10847459531697412,0.25957867451518224,-0.2794521002932374
25.4066162109375,BMPS.MI,2020-06-30,78502807040.67003,yfinance_marketcap_proxy,IT,Banks,Banca Monte dei Paschi di Siena S.p.A.,6.3115945,0.9309534,0.951,0.015579999,0.13343,,yfinance_generated_csv,0.1992395311972901,0.1674064929515347,0.12804003105577433,0.4628944553176053,-0.13589047455047
24.66551971435547,BMPS.MI,2020-07-31,76212924956.93744,yfinance_marketcap_proxy,IT,Banks,Banca Monte dei Paschi di Siena S.p.A.,6.3115945,0.9309534,0.951,0.015579999,0.13343,,yfinance_generated_csv,-0.029169429349784504,0.15956455545518194,-0.09675527638647241,0.16692068177474528,-0.16109605630354595
23.086669921875,BMPS.MI,2020-08-31,71334505116.36305,yfinance_marketcap_proxy,IT,Banks,Banca Monte dei Paschi di Siena S.p.A.,6.3115945,0.9309534,0.951,0.015579999,0.13343,,yfinance_generated_csv,-0.06401040037934291,0.1594471029664019,-0.21479463361936568,-0.011724200659424033,-0.21479463361936568
22.3616886138916,BMPS.MI,2020-09-30,69094416658.45135,yfinance_marketcap_proxy,IT,Banks,Banca Monte dei Paschi di Siena S.p.A.,6.3115945,0.9309534,0.951,0.015579999,0.13343,,yfinance_generated_csv,-0.03140259337690221,0.15932919234606321,0.22506626391082363,-0.0916230723469682,-0.23945211845717818
16.658489227294922,BMPS.MI,2020-10-31,51472346987.964294,yfinance_marketcap_proxy,IT,Banks,Banca Monte dei Paschi di Siena S.p.A.,6.3115945,0.9309534,0.951,0.015579999,0.13343,,yfinance_generated_csv,-0.2550433236537297,0.1758004802195679,-0.07181340718714335,-0.28343735598654174,-0.43342477796366263
18.720664978027344,BMPS.MI,2020-11-30,57844174849.63776,yfinance_marketcap_proxy,IT,Banks,Banca Monte dei Paschi di Siena S.p.A.,6.3115945,0.9309534,0.951,0.015579999,0.13343,,yfinance_generated_csv,0.12379128278652951,0.17996276105476547,-0.11634980016401741,-0.21220339799298893,-0.3632877044327216
16.80348777770996,BMPS.MI,2020-12-31,51920371751.66771,yfinance_marketcap_proxy,IT,Banks,Banca Monte dei Paschi di Siena S.p.A.,6.3115945,0.9309534,0.951,0.015579999,0.13343,,yfinance_generated_csv,-0.10240967415247249,0.18178676956540987,-0.3386176404524074,-0.25393422259619225,-0.4284932031506393
16.62626838684082,BMPS.MI,2021-01-31,51372789203.49366,yfinance_marketcap_proxy,IT,Banks,Banca Monte dei Paschi di Siena S.p.A.,6.3115945,0.9309534,0.951,0.015579999,0.13343,,yfinance_generated_csv,-0.010546583733897497,0.16819132684530935,-0.3259307495084225,-0.39115050614335733,-0.4345206474381026
19.461759567260742,BMPS.MI,2021-02-28,60134051039.93611,yfinance_marketcap_proxy,IT,Banks,Banca Monte dei Paschi di Siena S.p.A.,6.3115945,0.9309534,0.951,0.015579999,0.13343,,yfinance_generated_csv,0.1705428490895844,0.1754120963125381,-0.1570131321182704,-0.33808218755086306,-0.23398852465514508
18.4306697845459,BMPS.MI,2021-03-31,56948131215.66515,yfinance_marketcap_proxy,IT,Banks,Banca Monte dei Paschi di Siena S.p.A.,6.3115945,0.9309534,0.951,0.015579999,0.13343,,yfinance_generated_csv,-0.05298029600824883,0.13493773744368423,-0.17579257529342673,0.009708710472843052,-0.2745720393646309
18.30984115600586,BMPS.MI,2021-04-30,56574788050.541725,yfinance_marketcap_proxy,IT,Banks,Banca Monte dei Paschi di Siena S.p.A.,6.3115945,0.9309534,0.951,0.015579999,0.13343,,yfinance_generated_csv,-0.006555845769715574,0.1347904402238245,0.09912975337554619,0.020197500844883587,-0.2793278331915957
19.84841537475586,BMPS.MI,2021-05-31,61328762133.886375,yfinance_marketcap_proxy,IT,Banks,Banca Monte dei Paschi di Siena S.p.A.,6.3115945,0.9309534,0.951,0.015579999,0.13343,,yfinance_generated_csv,0.08402990531926746,0.12632667059217162,0.06024093684984844,-0.06311788427834197,-0.21876981924845407
18.591777801513672,BMPS.MI,2021-06-30,57445931924.886765,yfinance_marketcap_proxy,IT,Banks,Banca Monte dei Paschi di Siena S.p.A.,6.3115945,0.9309534,0.951,0.015579999,0.13343,,yfinance_generated_csv,-0.06331173292757863,0.11087481224792861,0.1064237405627122,-0.2682308558071599,-0.24624423013097285
18.86566162109375,BMPS.MI,2021-07-31,58292193719.90694,yfinance_marketcap_proxy,IT,Banks,Banca Monte dei Paschi di Siena S.p.A.,6.3115945,0.9309534,0.951,0.015579999,0.13343,,yfinance_generated_csv,0.014731448627671284,0.11125955854700291,0.13469006888072022,-0.23514031572933647,-0.18283313769656206
18.13262367248535,BMPS.MI,2021-08-31,56027211395.80191,yfinance_marketcap_proxy,IT,Banks,Banca Monte dei Paschi di Siena S.p.A.,6.3115945,0.9309534,0.951,0.015579999,0.13343,,yfinance_generated_csv,-0.03885567139552559,0.11050920169270455,-0.0682947443771379,-0.2145847047735372,-0.18912100129947507
17.415695190429688,BMPS.MI,2021-09-30,53812005017.21508,yfinance_marketcap_proxy,IT,Banks,Banca Monte dei Paschi di Siena S.p.A.,6.3115945,0.9309534,0.951,0.015579999,0.13343,,yfinance_generated_csv,-0.0395380445215735,0.11065052781631743,-0.05506987027499488,-0.22118157125170534,-0.1225649573728802
16.610158920288086,BMPS.MI,2021-10-31,51323013257.975464,yfinance_marketcap_proxy,IT,Banks,Banca Monte dei Paschi di Siena S.p.A.,6.3115945,0.9309534,0.951,0.015579999,0.13343,,yfinance_generated_csv,-0.04625346627473481,0.08216835469411451,-0.09282889028014618,-0.0029012419041966053,-0.16314936952530423
13.001358032226562,BMPS.MI,2021-11-30,40172335127.06672,yfinance_marketcap_proxy,IT,Banks,Banca Monte dei Paschi di Siena S.p.A.,6.3115945,0.9309534,0.951,0.015579999,0.13343,,yfinance_generated_csv,-0.21726468153496348,0.09453715051318552,-0.34496745524772243,-0.30550768108470483,-0.34496745524772243
14.370766639709473,BMPS.MI,2021-12-31,44403611688.279305,yfinance_marketcap_proxy,IT,Banks,Banca Monte dei Paschi di Siena S.p.A.,6.3115945,0.9309534,0.951,0.015579999,0.13343,,yfinance_generated_csv,0.10532812065389985,0.09816412713966495,-0.22703644626500108,-0.1447747735578755,-0.27597410834182334
14.69942569732666,BMPS.MI,2022-01-31,45419121127.55612,yfinance_marketcap_proxy,IT,Banks,Banca Monte dei Paschi di Siena S.p.A.,6.3115945,0.9309534,0.951,0.015579999,0.13343,,yfinance_generated_csv,0.022869973875230265,0.098570510337145,-0.22083698984131095,-0.11589147033372782,-0.2594156551146105
13.829448699951172,BMPS.MI,2022-02-28,42731016746.092354,yfinance_marketcap_proxy,IT,Banks,Banca Monte dei Paschi di Siena S.p.A.,6.3115945,0.9309534,0.951,0.015579999,0.13343,,yfinance_generated_csv,-0.059184420894328404,0.08219848665741325,-0.23731673089669125,-0.2894039898008216,-0.30324671069005793
15.069974899291992,BMPS.MI,2022-03-31,46564065116.139534,yfinance_marketcap_proxy,IT,Banks,Banca Monte dei Paschi di Siena S.p.A.,6.3115945,0.9309534,0.951,0.015579999,0.13343,,yfinance_generated_csv,0.08970178249731675,0.08786761012096374,-0.1346900175668394,-0.18234252604709167,-0.2407466986780874
12.969136238098145,BMPS.MI,2022-04-30,40072774395.87897,yfinance_marketcap_proxy,IT,Banks,Banca Monte dei Paschi di Siena S.p.A.,6.3115945,0.9309534,0.951,0.015579999,0.13343,,yfinance_generated_csv,-0.1394055846299086,0.09507487897950151,-0.21920456629362528,-0.2916849399403936,-0.34659084903105686
12.405258178710938,BMPS.MI,2022-05-31,38330471913.60331,yfinance_marketcap_proxy,IT,Banks,Banca Monte dei Paschi di Siena S.p.A.,6.3115945,0.9309534,0.951,0.015579999,0.13343,,yfinance_generated_csv,-0.04347845909203718,0.08883266020594656,-0.045849045310348946,-0.37500007207182273,-0.3424424529675343
8.715902328491211,BMPS.MI,2022-06-30,26930890481.366642,yfinance_marketcap_proxy,IT,Banks,Banca Monte dei Paschi di Siena S.p.A.,6.3115945,0.9309534,0.951,0.015579999,0.13343,,yfinance_generated_csv,-0.2974025850224664,0.11696891092611879,-0.3934977481015295,-0.5311958640242788,-0.5380017672560216
6.666618347167969,BMPS.MI,2022-07-31,20598896341.66305,yfinance_marketcap_proxy,IT,Banks,Banca Monte dei Paschi di Siena S.p.A.,6.3115945,0.9309534,0.951,0.015579999,0.13343,,yfinance_generated_csv,-0.2351201176984723,0.12553377827435777,-0.5464708292392398,-0.646626846115272,-0.6323412172677487
5.110321998596191,BMPS.MI,2022-08-31,15790163414.157574,yfinance_marketcap_proxy,IT,Banks,Banca Monte dei Paschi di Siena S.p.A.,6.3115945,0.9309534,0.951,0.015579999,0.13343,,yfinance_generated_csv,-0.2334461442858663,0.13281382743002537,-0.630475363879528,-0.7181697425094278,-0.7065680156480674
3.857712745666504,BMPS.MI,2022-09-30,11919780138.254631,yfinance_marketcap_proxy,IT,Banks,Banca Monte dei Paschi di Siena S.p.A.,6.3115945,0.9309534,0.951,0.015579999,0.13343,,yfinance_generated_csv,-0.24511356686991148,0.13868690296431826,-0.7440133264025712,-0.7784921759662857,-0.7677497991331924
1.4766157865524292,BMPS.MI,2022-10-31,4562531397.432999,yfinance_marketcap_proxy,IT,Banks,Banca Monte dei Paschi di Siena S.p.A.,6.3115945,0.9309534,0.951,0.015579999,0.13343,,yfinance_generated_csv,-0.617230238770069,0.1999195375332883,-0.8861438603586628,-0.9111016460686086,-0.9020160420690679
1.456203818321228,BMPS.MI,2022-11-30,4499461337.647373,yfinance_marketcap_proxy,IT,Banks,Banca Monte dei Paschi di Siena S.p.A.,6.3115945,0.9309534,0.951,0.015579999,0.13343,,yfinance_generated_csv,-0.013823479619474055,0.20283925173523884,-0.8826139853485463,-0.8879960220531021,-0.9033705213145615
1.4880586862564087,BMPS.MI,2022-12-31,4597888319.424859,yfinance_marketcap_proxy,IT,Banks,Banca Monte dei Paschi di Siena S.p.A.,6.3115945,0.9309534,0.951,0.015579999,0.13343,,yfinance_generated_csv,0.021875281148420633,0.1949846666824152,-0.8292708396476486,-0.8964523797815638,-0.9012567243010923
1.8942866325378418,BMPS.MI,2023-01-31,5853074520.400745,yfinance_marketcap_proxy,IT,Banks,Banca Monte dei Paschi di Siena S.p.A.,6.3115945,0.9309534,0.951,0.015579999,0.13343,,yfinance_generated_csv,0.27299188535594876,0.22561823341947693,-0.7158549456573362,-0.8711319291282006,-0.8743006113018252
1.9511152505874634,BMPS.MI,2023-02-28,6028666814.94711,yfinance_marketcap_proxy,IT,Banks,Banca Monte dei Paschi di Siena S.p.A.,6.3115945,0.9309534,0.951,0.015579999,0.13343,,yfinance_generated_csv,0.030000010068954808,0.22941913504703354,-0.6182011131346643,-0.8589159052598856,-0.8705296283752185
1.5506088733673096,BMPS.MI,2023-03-31,4791159443.306793,yfinance_marketcap_proxy,IT,Banks,Banca Monte dei Paschi di Siena S.p.A.,6.3115945,0.9309534,0.951,0.015579999,0.13343,,yfinance_generated_csv,-0.2052704867636932,0.22083780797514213,-0.5980496797981758,-0.8971060745801136,-0.8804385392442529
1.6151691675186157,BMPS.MI,2023-04-30,4990641510.189318,yfinance_marketcap_proxy,IT,Banks,Banca Monte dei Paschi di Siena S.p.A.,6.3115945,0.9309534,0.951,0.015579999,0.13343,,yfinance_generated_csv,0.041635447378233215,0.2271342391590308,0.09383170776582173,-0.8754605443364922,-0.8697996330063924
1.6298595666885376,BMPS.MI,2023-05-31,5036032740.639374,yfinance_marketcap_proxy,IT,Banks,Banca Monte dei Paschi di Siena S.p.A.,6.3115945,0.9309534,0.951,0.015579999,0.13343,,yfinance_generated_csv,0.009095269687750873,0.22938825390222561,0.11925236438914655,-0.8686154255551415,-0.8130016256193318
1.7798562049865723,BMPS.MI,2023-06-30,5499500880.406472,yfinance_marketcap_proxy,IT,Banks,Banca Monte dei Paschi di Siena S.p.A.,6.3115945,0.9309534,0.951,0.015579999,0.13343,,yfinance_generated_csv,0.09203040640046667,0.22996448091813998,0.19609274918064878,-0.7957920892288523,-0.7330196341983986
2.029592752456665,BMPS.MI,2023-07-31,6271151061.378147,yfinance_marketcap_proxy,IT,Banks,Banca Monte dei Paschi di Siena S.p.A.,6.3115945,0.9309534,0.951,0.015579999,0.13343,,yfinance_generated_csv,0.14031276614954225,0.2339594453850476,0.07142853546801886,-0.6955588805651591,-0.6028444483509658
1.9808825254440308,BMPS.MI,2023-08-31,6120643432.958355,yfinance_marketcap_proxy,IT,Banks,Banca Monte dei Paschi di Siena S.p.A.,6.3115945,0.9309534,0.951,0.015579999,0.13343,,yfinance_generated_csv,-0.024000000469884597,0.22747791948530252,0.015256543583268556,-0.61237618177716,-0.48651373079314386
1.867225170135498,BMPS.MI,2023-09-30,5769458475.525986,yfinance_marketcap_proxy,IT,Banks,Banca Monte dei Paschi di Siena S.p.A.,6.3115945,0.9309534,0.951,0.015579999,0.13343,,yfinance_generated_csv,-0.05737713057116067,0.218475921805209,0.2041883689731654,-0.5159760995079238,-0.08000007988037683
1.9723777770996094,BMPS.MI,2023-10-31,6094364978.060289,yfinance_marketcap_proxy,IT,Banks,Banca Monte dei Paschi di Siena S.p.A.,6.3115945,0.9309534,0.951,0.015579999,0.13343,,yfinance_generated_csv,0.0563149044078497,0.11450084525755613,0.22115863574202144,0.3357420359866765,-0.02819037232361088
2.412315845489502,BMPS.MI,2023-11-30,7453710630.622593,yfinance_marketcap_proxy,IT,Banks,Banca Monte dei Paschi di Siena S.p.A.,6.3115945,0.9309534,0.951,0.015579999,0.13343,,yfinance_generated_csv,0.22304959703856708,0.12603656340574856,0.4800758880047056,0.6565784371246324,0.0
2.3551008701324463,BMPS.MI,2023-12-31,7276924547.304735,yfinance_marketcap_proxy,IT,Banks,Banca Monte dei Paschi di Siena S.p.A.,6.3115945,0.9309534,0.951,0.015579999,0.13343,,yfinance_generated_csv,-0.02371786242835283,0.12764028420409373,0.32319726927053294,0.5826666595101189,-0.02371786242835283
2.529839038848877,BMPS.MI,2024-01-31,7816840474.2230425,yfinance_marketcap_proxy,IT,Banks,Banca Monte dei Paschi di Siena S.p.A.,6.3115945,0.9309534,0.951,0.015579999,0.13343,,yfinance_generated_csv,0.07419561978532307,0.10672409473438803,0.2464761887756559,0.3355101574356587,0.0
2.9226133823394775,BMPS.MI,2024-02-29,9030456968.50828,yfinance_marketcap_proxy,IT,Banks,Banca Monte dei Paschi di Siena S.p.A.,6.3115945,0.9309534,0.951,0.015579999,0.13343,,yfinance_generated_csv,0.1552566536681006,0.1127144616174755,0.47540974530246327,0.49791939838484933,0.0
3.2473480701446533,BMPS.MI,2024-03-31,10033840666.854046,yfinance_marketcap_proxy,IT,Banks,Banca Monte dei Paschi di Siena S.p.A.,6.3115945,0.9309534,0.951,0.015579999,0.13343,,yfinance_generated_csv,0.11111106579045149,0.08324517813345693,0.7391304070247748,1.094240608266801,0.0
3.517960786819458,BMPS.MI,2024-04-30,10869995222.167408,yfinance_marketcap_proxy,IT,Banks,Banca Monte dei Paschi di Siena S.p.A.,6.3115945,0.9309534,0.951,0.015579999,0.13343,,yfinance_generated_csv,0.08333344958082978,0.08298314729629251,0.7836140863403134,1.1780757443655894,0.0
4.0088090896606445,BMPS.MI,2024-05-31,12386646211.195755,yfinance_marketcap_proxy,IT,Banks,Banca Monte dei Paschi di Siena S.p.A.,6.3115945,0.9309534,0.951,0.015579999,0.13343,,yfinance_generated_csv,0.1395263712660526,0.08282712733396656,0.6618093758975354,1.4596039877260902,0.0
3.558426856994629,BMPS.MI,2024-06-30,10995029586.140997,yfinance_marketcap_proxy,IT,Banks,Banca Monte dei Paschi di Siena S.p.A.,6.3115945,0.9309534,0.951,0.015579999,0.13343,,yfinance_generated_csv,-0.11234813696357426,0.09962552962959387,0.5109445638286014,0.9992777208771619,-0.11234813696357426
4.089959144592285,BMPS.MI,2024-07-31,12637388264.003868,yfinance_marketcap_proxy,IT,Banks,Banca Monte dei Paschi di Siena S.p.A.,6.3115945,0.9309534,0.951,0.015579999,0.13343,,yfinance_generated_csv,0.14937282933126728,0.10029016380428359,0.6166874974201091,1.0151624702254707,0.0
4.266866207122803,BMPS.MI,2024-08-31,13184005762.322529,yfinance_marketcap_proxy,IT,Banks,Banca Monte dei Paschi di Siena S.p.A.,6.3115945,0.9309534,0.951,0.015579999,0.13343,,yfinance_generated_csv,0.043253992589247,0.0967064270709071,0.4599489049445482,1.154022841998846,0.0
4.2051920890808105,BMPS.MI,2024-09-30,12993441566.450994,yfinance_marketcap_proxy,IT,Banks,Banca Monte dei Paschi di Siena S.p.A.,6.3115945,0.9309534,0.951,0.015579999,0.13343,,yfinance_generated_csv,-0.014454195432478723,0.09225133992400862,0.2949619191556174,1.2521076495426926,-0.014454195432478723
4.083467483520508,BMPS.MI,2024-10-31,12617329960.597382,yfinance_marketcap_proxy,IT,Banks,Banca Monte dei Paschi di Siena S.p.A.,6.3115945,0.9309534,0.951,0.015579999,0.13343,,yfinance_generated_csv,-0.02894626523158661,0.09688261694626087,0.1607484366567704,1.0703272623185125,-0.04298206568936758
5.0475287437438965,BMPS.MI,2024-11-30,15596141245.750778,yfinance_marketcap_proxy,IT,Banks,Banca Monte dei Paschi di Siena S.p.A.,6.3115945,0.9309534,0.951,0.015579999,0.13343,,yfinance_generated_csv,0.23608887890353314,0.09884954129457421,0.2591092842915057,1.0923996139152594,0.0
5.523067951202393,BMPS.MI,2024-12-31,17065489321.600267,yfinance_marketcap_proxy,IT,Banks,Banca Monte dei Paschi di Siena S.p.A.,6.3115945,0.9309534,0.951,0.015579999,0.13343,,yfinance_generated_csv,0.09421228319856478,0.0947076417970139,0.5521094498109362,1.3451513356588358,0.0
5.042660236358643,BMPS.MI,2025-01-31,15581098254.875193,yfinance_marketcap_proxy,IT,Banks,Banca Monte dei Paschi di Siena S.p.A.,6.3115945,0.9309534,0.951,0.015579999,0.13343,,yfinance_generated_csv,-0.08698203952735428,0.10598441865655542,0.23293657909175258,0.993273152529556,-0.08698203952735428
5.65939998626709,BMPS.MI,2025-02-28,17486735793.51487,yfinance_marketcap_proxy,IT,Banks,Banca Monte dei Paschi di Siena S.p.A.,6.3115945,0.9309534,0.951,0.015579999,0.13343,,yfinance_generated_csv,0.12230444269507279,0.10381304715546048,0.3263598415201514,0.9364175981897696,0.0
5.925571918487549,BMPS.MI,2025-03-31,18309168960.579033,yfinance_marketcap_proxy,IT,Banks,Banca Monte dei Paschi di Siena S.p.A.,6.3115945,0.9309534,0.951,0.015579999,0.13343,,yfinance_generated_csv,0.04703182896885583,0.10266371219030235,0.40910850038785895,0.8247418479607558,0.0
6.018082618713379,BMPS.MI,2025-04-30,18595013781.02778,yfinance_marketcap_proxy,IT,Banks,Banca Monte dei Paschi di Siena S.p.A.,6.3115945,0.9309534,0.951,0.015579999,0.13343,,yfinance_generated_csv,0.015612113311324505,0.10288764340688512,0.47376773367250324,0.7106735928555497,0.0
6.603722095489502,BMPS.MI,2025-05-31,20404555927.807762,yfinance_marketcap_proxy,IT,Banks,Banca Monte dei Paschi di Siena S.p.A.,6.3115945,0.9309534,0.951,0.015579999,0.13343,,yfinance_generated_csv,0.09731329958067758,0.10025081787983757,0.3083079722278772,0.6473027145447137,0.0
6.5592193603515625,BMPS.MI,2025-06-30,20267048846.96274,yfinance_marketcap_proxy,IT,Banks,Banca Monte dei Paschi di Siena S.p.A.,6.3115945,0.9309534,0.951,0.015579999,0.13343,,yfinance_generated_csv,-0.006739038150672005,0.08900777802923002,0.1876043203349682,0.8432918882281983,-0.006739038150672005
6.780826568603516,BMPS.MI,2025-07-31,20951783396.569366,yfinance_marketcap_proxy,IT,Banks,Banca Monte dei Paschi di Siena S.p.A.,6.3115945,0.9309534,0.951,0.015579999,0.13343,,yfinance_generated_csv,0.03378560710920864,0.08406280727065299,0.34469233515126163,0.6579203676322969,0.0
7.123228073120117,BMPS.MI,2025-08-31,22009755029.48325,yfinance_marketcap_proxy,IT,Banks,Banca Monte dei Paschi di Siena S.p.A.,6.3115945,0.9309534,0.951,0.015579999,0.13343,,yfinance_generated_csv,0.05049554077993745,0.08406698094496554,0.2586542902790232,0.6694285049831437,0.0
6.8480353355407715,BMPS.MI,2025-09-30,21159448865.221798,yfinance_marketcap_proxy,IT,Banks,Banca Monte dei Paschi di Siena S.p.A.,6.3115945,0.9309534,0.951,0.015579999,0.13343,,yfinance_generated_csv,-0.038633149852073445,0.08593353251314821,0.1556750014585382,0.6284714682409775,-0.038633149852073445
6.887997627258301,BMPS.MI,2025-10-31,21282926625.879025,yfinance_marketcap_proxy,IT,Banks,Banca Monte dei Paschi di Siena S.p.A.,6.3115945,0.9309534,0.951,0.015579999,0.13343,,yfinance_generated_csv,0.00583558491734526,0.0837860439830742,0.1445501937510627,0.6868011451189282,-0.03302301196131441
7.404778957366943,BMPS.MI,2025-11-30,22879706956.754993,yfinance_marketcap_proxy,IT,Banks,Banca Monte dei Paschi di Siena S.p.A.,6.3115945,0.9309534,0.951,0.015579999,0.13343,,yfinance_generated_csv,0.07502635135406432,0.06049794871669832,0.1213038420294188,0.46701075581683704,0.0
8.29211711883545,BMPS.MI,2025-12-31,25621454849.9513,yfinance_marketcap_proxy,IT,Banks,Banca Monte dei Paschi di Siena S.p.A.,6.3115945,0.9309534,0.951,0.015579999,0.13343,,yfinance_generated_csv,0.11983317349205969,0.06320366751644385,0.2641926825863934,0.5013606915754538,0.0
7.932459354400635,BMPS.MI,2026-01-31,24510163844.187603,yfinance_marketcap_proxy,IT,Banks,Banca Monte dei Paschi di Siena S.p.A.,6.3115945,0.9309534,0.951,0.015579999,0.13343,,yfinance_generated_csv,-0.043373454484603946,0.056357517728538475,0.16983663778238967,0.5730703602051019,-0.043373454484603946
7.536472320556641,BMPS.MI,2026-02-28,23286620596.618893,yfinance_marketcap_proxy,IT,Banks,Banca Monte dei Paschi di Siena S.p.A.,6.3115945,0.9309534,0.951,0.015579999,0.13343,,yfinance_generated_csv,-0.04991983143592349,0.05537835057256458,0.05801362011640809,0.33167338213315745,-0.09112809038386227
6.745405673980713,BMPS.MI,2026-03-31,20842337902.817047,yfinance_marketcap_proxy,IT,Banks,Banca Monte dei Paschi di Siena S.p.A.,6.3115945,0.9309534,0.951,0.015579999,0.13343,,yfinance_generated_csv,-0.10496511005795084,0.06631429173579928,-0.014986730723689279,0.1383552114075799,-0.18652793040530014
8.221275329589844,BMPS.MI,2026-04-30,25402563862.44666,yfinance_marketcap_proxy,IT,Banks,Banca Monte dei Paschi di Siena S.p.A.,6.3115945,0.9309534,0.951,0.015579999,0.13343,,yfinance_generated_csv,0.21879627808036117,0.08910512382612547,0.1935653544733058,0.36609545771697816,-0.008543269255651187
8.5649995803833,BMPS.MI,2026-05-31,26464622592.0,yfinance_marketcap_proxy,IT,Banks,Banca Monte dei Paschi di Siena S.p.A.,6.3115945,0.9309534,0.951,0.015579999,0.13343,,yfinance_generated_csv,0.04180911561936518,0.0866891321809962,0.15668538246669272,0.2969957633791702,0.0
2.6907215118408203,BPE.MI,2015-01-31,5628555660.662492,yfinance_marketcap_proxy,IT,Banks,BPER Banca SpA,10.944762,1.3254901,0.74,0.01133,0.13133,,yfinance_generated_csv,,,,,
3.307859182357788,BPE.MI,2015-02-28,6919508185.295906,yfinance_marketcap_proxy,IT,Banks,BPER Banca SpA,10.944762,1.3254901,0.74,0.01133,0.13133,,yfinance_generated_csv,0.22935769004751494,,,,
3.651212692260742,BPE.MI,2015-03-31,7637748379.707722,yfinance_marketcap_proxy,IT,Banks,BPER Banca SpA,10.944762,1.3254901,0.74,0.01133,0.13133,,yfinance_generated_csv,0.10379931278036358,,,,
3.3190805912017822,BPE.MI,2015-04-30,6942981563.715608,yfinance_marketcap_proxy,IT,Banks,BPER Banca SpA,10.944762,1.3254901,0.74,0.01133,0.13133,,yfinance_generated_csv,-0.09096487360568195,,,,-0.09096487360568195
3.545866012573242,BPE.MI,2015-05-31,7417380107.600135,yfinance_marketcap_proxy,IT,Banks,BPER Banca SpA,10.944762,1.3254901,0.74,0.01133,0.13133,,yfinance_generated_csv,0.06832778389672822,0.1319303951446838,,,-0.028852517934875976
3.5998637676239014,BPE.MI,2015-06-30,7530334706.772134,yfinance_marketcap_proxy,IT,Banks,BPER Banca SpA,10.944762,1.3254901,0.74,0.01133,0.13133,,yfinance_generated_csv,0.015228368714212293,0.11761383442243432,,,-0.014063526002109361
3.6111130714416504,BPE.MI,2015-07-31,7553866436.980284,yfinance_marketcap_proxy,IT,Banks,BPER Banca SpA,10.944762,1.3254901,0.74,0.01133,0.13133,,yfinance_generated_csv,0.0031249248704692256,0.10820161331622244,0.3420612484608847,,-0.010982548593810648
3.4378695487976074,BPE.MI,2015-08-31,7191468914.323198,yfinance_marketcap_proxy,IT,Banks,BPER Banca SpA,10.944762,1.3254901,0.74,0.01133,0.13133,,yfinance_generated_csv,-0.047975103303779854,0.10613973259105604,0.03930347674206325,,-0.05843076299426364
3.316373825073242,BPE.MI,2015-09-30,6937319445.303189,yfinance_marketcap_proxy,IT,Banks,BPER Banca SpA,10.944762,1.3254901,0.74,0.01133,0.13133,,yfinance_generated_csv,-0.035340411263382054,0.10182438849975038,-0.09170620706299526,,-0.09170620706299526
3.305124044418335,BPE.MI,2015-10-31,6913786717.62857,yfinance_marketcap_proxy,IT,Banks,BPER Banca SpA,10.944762,1.3254901,0.74,0.01133,0.13133,,yfinance_generated_csv,-0.0033921931749231193,0.09592331431154108,-0.004204943628197344,,-0.09478731506822125
3.2736260890960693,BPE.MI,2015-11-30,6847898072.539044,yfinance_marketcap_proxy,IT,Banks,BPER Banca SpA,10.944762,1.3254901,0.74,0.01133,0.13133,,yfinance_generated_csv,-0.009530037269087965,0.09116844480627899,-0.07677670913447965,,-0.10341402569207225
3.167879581451416,BPE.MI,2015-12-31,6626693424.797032,yfinance_marketcap_proxy,IT,Banks,BPER Banca SpA,10.944762,1.3254901,0.74,0.01133,0.13133,,yfinance_generated_csv,-0.03230256136975396,0.08809771282664763,-0.12000014835495221,,-0.1323760491504148
2.4749059677124023,BPE.MI,2016-01-31,5177104331.635162,yfinance_marketcap_proxy,IT,Banks,BPER Banca SpA,10.944762,1.3254901,0.74,0.01133,0.13133,,yfinance_generated_csv,-0.21874998588851546,0.10832771818678999,-0.31464179637987477,-0.08020731360666555,-0.3221687761552996
2.119420051574707,BPE.MI,2016-02-29,4433485099.114237,yfinance_marketcap_proxy,IT,Banks,BPER Banca SpA,10.944762,1.3254901,0.74,0.01133,0.13133,,yfinance_generated_csv,-0.14363613033196454,0.08757937632639087,-0.3835077156095197,-0.359277425448317,-0.419529830166532
1.8827283382415771,BPE.MI,2016-03-31,3938364189.332063,yfinance_marketcap_proxy,IT,Banks,BPER Banca SpA,10.944762,1.3254901,0.74,0.01133,0.13133,,yfinance_generated_csv,-0.1116775851758458,0.07870736671616664,-0.4322930895162288,-0.48435533700014677,-0.478629358595536
2.2971627712249756,BPE.MI,2016-04-30,4805294216.641465,yfinance_marketcap_proxy,IT,Banks,BPER Banca SpA,10.944762,1.3254901,0.74,0.01133,0.13133,,yfinance_generated_csv,0.22012439318275212,0.10943026902614642,-0.3049692718479343,-0.3078918368796787,-0.36386296253307615
2.0935473442077637,BPE.MI,2016-05-31,4379363565.961872,yfinance_marketcap_proxy,IT,Banks,BPER Banca SpA,10.944762,1.3254901,0.74,0.01133,0.13133,,yfinance_generated_csv,-0.08863778813054368,0.10665204511768615,-0.36048061469786097,-0.40958080852906453,-0.420248742482061
1.5089373588562012,BPE.MI,2016-06-30,3156453715.2582235,yfinance_marketcap_proxy,IT,Banks,BPER Banca SpA,10.944762,1.3254901,0.74,0.01133,0.13133,,yfinance_generated_csv,-0.27924373765370447,0.1255602677483076,-0.5236759100025965,-0.5808348714673226,-0.5821406505408057
1.6893839836120605,BPE.MI,2016-07-31,3533918966.399055,yfinance_marketcap_proxy,IT,Banks,BPER Banca SpA,10.944762,1.3254901,0.74,0.01133,0.13133,,yfinance_generated_csv,0.11958523241325336,0.13520479242379155,-0.31739467856486403,-0.5321708431196771,-0.5085956696050549
1.5881129503250122,BPE.MI,2016-08-31,3322076289.570344,yfinance_marketcap_proxy,IT,Banks,BPER Banca SpA,10.944762,1.3254901,0.74,0.01133,0.13133,,yfinance_generated_csv,-0.059945538888394934,0.13521201105216077,-0.2506851347636063,-0.5380531670026707,-0.5211296934265428
1.5245883464813232,BPE.MI,2016-09-30,3189193058.4435654,yfinance_marketcap_proxy,IT,Banks,BPER Banca SpA,10.944762,1.3254901,0.74,0.01133,0.13133,,yfinance_generated_csv,-0.040000054045707834,0.13516160568557256,-0.19022393432222306,-0.5402845315703658,-0.5387197799562062
1.9674185514450073,BPE.MI,2016-10-31,4115522463.3604903,yfinance_marketcap_proxy,IT,Banks,BPER Banca SpA,10.944762,1.3254901,0.74,0.01133,0.13133,,yfinance_generated_csv,0.2904588677892723,0.16782599806545445,-0.1435441249137649,-0.4047368495086995,-0.399009386564285
1.744622826576233,BPE.MI,2016-11-30,3649469721.4237657,yfinance_marketcap_proxy,IT,Banks,BPER Banca SpA,10.944762,1.3254901,0.74,0.01133,0.13133,,yfinance_generated_csv,-0.11324266750719514,0.16936957734062144,-0.16666664768623618,-0.46706716677653093,-0.44927741673283383
2.3292322158813477,BPE.MI,2016-12-31,4872378325.294328,yfinance_marketcap_proxy,IT,Banks,BPER Banca SpA,10.944762,1.3254901,0.74,0.01133,0.13133,,yfinance_generated_csv,0.33509213590446496,0.20080321642284732,0.5436241950076333,-0.26473461001501464,-0.05886031781874257
2.4120898246765137,BPE.MI,2017-01-31,5045703086.315,yfinance_marketcap_proxy,IT,Banks,BPER Banca SpA,10.944762,1.3254901,0.74,0.01133,0.13133,,yfinance_generated_csv,0.03557292752101748,0.189586767934347,0.4277925256040611,-0.025381224117355328,0.0
1.98399019241333,BPE.MI,2017-02-28,4150187664.931242,yfinance_marketcap_proxy,IT,Banks,BPER Banca SpA,10.944762,1.3254901,0.74,0.01133,0.13133,,yfinance_generated_csv,-0.1774808002104964,0.19237152407035504,0.24927524330514417,-0.06389948941964285,-0.1774808002104964
2.1543092727661133,BPE.MI,2017-03-31,4506467725.732718,yfinance_marketcap_proxy,IT,Banks,BPER Banca SpA,10.944762,1.3254901,0.74,0.01133,0.13133,,yfinance_generated_csv,0.08584673503128903,0.18935816715362447,0.41304325048670076,0.14424860401165795,-0.10687021240801897
2.310819149017334,BPE.MI,2017-04-30,4833861157.586141,yfinance_marketcap_proxy,IT,Banks,BPER Banca SpA,10.944762,1.3254901,0.74,0.01133,0.13133,,yfinance_generated_csv,0.07264967859060611,0.180276968047606,0.1745437427740577,0.00594488904461743,-0.04198462039976525
2.0330376625061035,BPE.MI,2017-05-31,4252787065.9532332,yfinance_marketcap_proxy,IT,Banks,BPER Banca SpA,10.944762,1.3254901,0.74,0.01133,0.13133,,yfinance_generated_csv,-0.12020909841834915,0.18214847356506636,0.16531644062910478,-0.028902944024205013,-0.1571467854524219
2.0358352661132812,BPE.MI,2017-06-30,4258639201.728034,yfinance_marketcap_proxy,IT,Banks,BPER Banca SpA,10.944762,1.3254901,0.74,0.01133,0.13133,,yfinance_generated_csv,0.0013760707235148661,0.15766726485633117,-0.12596294511453388,0.3491847452544201,-0.1559869598196626
2.1691946983337402,BPE.MI,2017-07-31,4537605636.501759,yfinance_marketcap_proxy,IT,Banks,BPER Banca SpA,10.944762,1.3254901,0.74,0.01133,0.13133,,yfinance_generated_csv,0.06550600357516267,0.15581700547347865,-0.10069903859212548,0.28401519096670946,-0.10069903859212548
2.206498146057129,BPE.MI,2017-08-31,4615638435.853804,yfinance_marketcap_proxy,IT,Banks,BPER Banca SpA,10.944762,1.3254901,0.74,0.01133,0.13133,,yfinance_generated_csv,0.017196910794611053,0.15328086367484686,0.11215174071659084,0.38938363647595864,-0.08523384018128621
2.359442710876465,BPE.MI,2017-09-30,4935573810.917012,yfinance_marketcap_proxy,IT,Banks,BPER Banca SpA,10.944762,1.3254901,0.74,0.01133,0.13133,,yfinance_generated_csv,0.0693155192958752,0.1514790689983393,0.09522005066940187,0.5475933003961007,-0.021826348779158455
1.9509696960449219,BPE.MI,2017-10-31,4081114109.405558,yfinance_marketcap_proxy,IT,Banks,BPER Banca SpA,10.944762,1.3254901,0.74,0.01133,0.13133,,yfinance_generated_csv,-0.17312266703852586,0.14255129976725864,-0.1557237627727971,-0.008360628391962832,-0.19117038010532328
2.143082618713379,BPE.MI,2017-11-30,4482983375.181855,yfinance_marketcap_proxy,IT,Banks,BPER Banca SpA,10.944762,1.3254901,0.74,0.01133,0.13133,,yfinance_generated_csv,0.0984704801196632,0.13921575214991702,0.05412834116984544,0.2283930864983068,-0.11152453909928972
1.9630932807922363,BPE.MI,2017-12-31,4106474694.384988,yfinance_marketcap_proxy,IT,Banks,BPER Banca SpA,10.944762,1.3254901,0.74,0.01133,0.13133,,yfinance_generated_csv,-0.08398618716305062,0.1022430209564482,-0.035730781626511665,-0.15719297225612594,-0.18614420544827448
2.190178155899048,BPE.MI,2018-01-31,4581499647.212173,yfinance_marketcap_proxy,IT,Banks,BPER Banca SpA,10.944762,1.3254901,0.74,0.01133,0.13133,,yfinance_generated_csv,0.11567706808877065,0.10788227255084784,0.009673385971958215,-0.091999753287474,-0.07173920951636081
2.269914388656616,BPE.MI,2018-02-28,4748294992.725456,yfinance_marketcap_proxy,IT,Banks,BPER Banca SpA,10.944762,1.3254901,0.74,0.01133,0.13133,,yfinance_generated_csv,0.03640627706143729,0.09296301809158693,0.028740673411762563,0.14411573068084937,-0.037944689992744696
2.11230731010437,BPE.MI,2018-03-31,4418606390.526403,yfinance_marketcap_proxy,IT,Banks,BPER Banca SpA,10.944762,1.3254901,0.74,0.01133,0.13133,,yfinance_generated_csv,-0.0694330496955532,0.09307689568093236,-0.10474312414234932,-0.019496719061053436,-0.10474312414234932
2.234476327896118,BPE.MI,2018-04-30,4674164282.200925,yfinance_marketcap_proxy,IT,Banks,BPER Banca SpA,10.944762,1.3254901,0.74,0.01133,0.13133,,yfinance_generated_csv,0.05783676324337095,0.09215545692208309,0.1453157537125931,-0.033037125018494096,-0.052964364171370515
1.9593924283981323,BPE.MI,2018-05-31,4098733107.750903,yfinance_marketcap_proxy,IT,Banks,BPER Banca SpA,10.944762,1.3254901,0.74,0.01133,0.13133,,yfinance_generated_csv,-0.12310888957010901,0.0925060426604889,-0.08571306990746197,-0.036224235028282536,-0.16955286968155514
2.247833013534546,BPE.MI,2018-06-30,4702104315.4697075,yfinance_marketcap_proxy,IT,Banks,BPER Banca SpA,10.944762,1.3254901,0.74,0.01133,0.13133,,yfinance_generated_csv,0.14720919656315257,0.10168243599073755,0.14504646087291295,0.10413305582725285,-0.0473034148392012
2.2831716537475586,BPE.MI,2018-07-31,4776027054.235411,yfinance_marketcap_proxy,IT,Banks,BPER Banca SpA,10.944762,1.3254901,0.74,0.01133,0.13133,,yfinance_generated_csv,0.015721203488085367,0.10035971710972891,0.04245933035083982,0.052543441813392544,-0.03232587796148423
1.8142170906066895,BPE.MI,2018-08-31,3795049703.2370005,yfinance_marketcap_proxy,IT,Banks,BPER Banca SpA,10.944762,1.3254901,0.74,0.01133,0.13133,,yfinance_generated_csv,-0.20539610430566413,0.11777061892981898,-0.20075527972648266,-0.17778444824502604,-0.23108237286559918
1.904473900794983,BPE.MI,2018-09-30,3983852400.8268776,yfinance_marketcap_proxy,IT,Banks,BPER Banca SpA,10.944762,1.3254901,0.74,0.01133,0.13133,,yfinance_generated_csv,0.049749729872796467,0.11671040694383289,-0.0983916536742554,-0.19282892862123113,-0.16586477513899922
1.6036163568496704,BPE.MI,2018-10-31,3354506916.883468,yfinance_marketcap_proxy,IT,Banks,BPER Banca SpA,10.944762,1.3254901,0.74,0.01133,0.13133,,yfinance_generated_csv,-0.15797409658369477,0.11486672197664895,-0.2823301205613742,-0.17804138111392454,-0.29763653371505283
1.7187063694000244,BPE.MI,2018-11-30,3595256670.722852,yfinance_marketcap_proxy,IT,Banks,BPER Banca SpA,10.944762,1.3254901,0.74,0.01133,0.13133,,yfinance_generated_csv,0.07176904379826232,0.11281688179196882,-0.12283708741024213,-0.19802141345728097,-0.2472285793409491
1.6064823865890503,BPE.MI,2018-12-31,3360502189.0965996,yfinance_marketcap_proxy,IT,Banks,BPER Banca SpA,10.944762,1.3254901,0.74,0.01133,0.13133,,yfinance_generated_csv,-0.06529561116955063,0.11185957092017408,-0.28531951576644066,-0.18165764087342307,-0.2963812493238527
1.4116413593292236,BPE.MI,2019-01-31,2952926168.283387,yfinance_marketcap_proxy,IT,Banks,BPER Banca SpA,10.944762,1.3254901,0.74,0.01133,0.13133,,yfinance_generated_csv,-0.12128425987509339,0.10840930968357805,-0.38171912873384717,-0.3554673369711525,-0.38171912873384717
1.7741022109985352,BPE.MI,2019-02-28,3711135841.5825477,yfinance_marketcap_proxy,IT,Banks,BPER Banca SpA,10.944762,1.3254901,0.74,0.01133,0.13133,,yfinance_generated_csv,0.2567655369927273,0.13591310015216151,-0.022111399906799223,-0.21842769935984818,-0.2229659088108621
1.7387635707855225,BPE.MI,2019-03-31,3637213102.816844,yfinance_marketcap_proxy,IT,Banks,BPER Banca SpA,10.944762,1.3254901,0.74,0.01133,0.13133,,yfinance_generated_csv,-0.019919168125675624,0.13475611568109316,-0.08701107951140108,-0.17684156918454763,-0.23844378151264012
2.0458295345306396,BPE.MI,2019-04-30,4279545600.1892476,yfinance_marketcap_proxy,IT,Banks,BPER Banca SpA,10.944762,1.3254901,0.74,0.01133,0.13133,,yfinance_generated_csv,0.17660018239650244,0.1440573214215932,0.27575995704465384,-0.08442550543513694,-0.10395281442258175
1.6708853244781494,BPE.MI,2019-05-31,3495222753.4596457,yfinance_marketcap_proxy,IT,Banks,BPER Banca SpA,10.944762,1.3254901,0.74,0.01133,0.13133,,yfinance_generated_csv,-0.18327245927579738,0.1497446410767167,-0.027823859719894206,-0.1472431452416334,-0.268173585750512
1.7691439390182495,BPE.MI,2019-06-30,3700763935.8691807,yfinance_marketcap_proxy,IT,Banks,BPER Banca SpA,10.944762,1.3254901,0.74,0.01133,0.13133,,yfinance_generated_csv,0.05880631848315998,0.14374026894776007,0.10125324360049093,-0.21295579859982317,-0.22513756855976763
1.663478970527649,BPE.MI,2019-07-31,3479729854.893402,yfinance_marketcap_proxy,IT,Banks,BPER Banca SpA,10.944762,1.3254901,0.74,0.01133,0.13133,,yfinance_generated_csv,-0.05972660910182204,0.1441475902878379,0.1784005615407105,-0.27141747411008577,-0.18689267974162405
1.591389775276184,BPE.MI,2019-08-31,3328930879.1466913,yfinance_marketcap_proxy,IT,Banks,BPER Banca SpA,10.944762,1.3254901,0.74,0.01133,0.13133,,yfinance_generated_csv,-0.04333640312182507,0.13192472090959934,-0.1029886748292328,-0.12282285096101153,-0.22212982635364809
1.7508742809295654,BPE.MI,2019-09-30,3662546756.2016053,yfinance_marketcap_proxy,IT,Banks,BPER Banca SpA,10.944762,1.3254901,0.74,0.01133,0.13133,,yfinance_generated_csv,0.10021712350495848,0.13454091908654167,0.006965127604192656,-0.0806519951789838,-0.14417391509050814
1.978498101234436,BPE.MI,2019-10-31,4138699095.5056047,yfinance_marketcap_proxy,IT,Banks,BPER Banca SpA,10.944762,1.3254901,0.74,0.01133,0.13133,,yfinance_generated_csv,0.13000580497648384,0.12916084786743498,-0.03291155600197693,0.23377271177329884,-0.03291155600197693
2.1700778007507324,BPE.MI,2019-11-30,4539452944.402719,yfinance_marketcap_proxy,IT,Banks,BPER Banca SpA,10.944762,1.3254901,0.74,0.01133,0.13133,,yfinance_generated_csv,0.09683087357868314,0.13018246189093752,0.2987592678920026,0.26262277221226293,0.0
2.2135281562805176,BPE.MI,2019-12-31,4630344084.009231,yfinance_marketcap_proxy,IT,Banks,BPER Banca SpA,10.944762,1.3254901,0.74,0.01133,0.13133,,yfinance_generated_csv,0.020022487449414816,0.12696163019414297,0.2511860157115706,0.3778726581499421,0.0
2.0491058826446533,BPE.MI,2020-01-31,4286399192.299126,yfinance_marketcap_proxy,IT,Banks,BPER Banca SpA,10.944762,1.3254901,0.74,0.01133,0.13133,,yfinance_generated_csv,-0.07428063346262093,0.12236686048957345,0.23181952940149597,0.45157682516353637,-0.07428063346262093
1.7770439386367798,BPE.MI,2020-02-29,3717289461.5976644,yfinance_marketcap_proxy,IT,Banks,BPER Banca SpA,10.944762,1.3254901,0.74,0.01133,0.13133,,yfinance_generated_csv,-0.13277105215116558,0.11018404804514116,0.11666165401142892,0.0016581500321726228,-0.19718936775449936
1.3825292587280273,BPE.MI,2020-03-31,2892028346.6725073,yfinance_marketcap_proxy,IT,Banks,BPER Banca SpA,10.944762,1.3254901,0.74,0.01133,0.13133,,yfinance_generated_csv,-0.22200614814926622,0.12840362745073405,-0.21037776738943137,-0.2048779477801912,-0.3754182639126
1.1119482517242432,BPE.MI,2020-04-30,2326016497.457766,yfinance_marketcap_proxy,IT,Banks,BPER Banca SpA,10.944762,1.3254901,0.74,0.01133,0.13133,,yfinance_generated_csv,-0.19571448871377062,0.12383273298305189,-0.43798366496764896,-0.45648049705209204,-0.4976579590509047
1.0816614627838135,BPE.MI,2020-05-31,2262661417.2000103,yfinance_marketcap_proxy,IT,Banks,BPER Banca SpA,10.944762,1.3254901,0.74,0.01133,0.13133,,yfinance_generated_csv,-0.02723758852398528,0.11557877266433973,-0.5015563670530081,-0.35264171218833473,-0.5113405448605751
1.114408254623413,BPE.MI,2020-06-30,2331162426.972373,yfinance_marketcap_proxy,IT,Banks,BPER Banca SpA,10.944762,1.3254901,0.74,0.01133,0.13133,,yfinance_generated_csv,0.030274529477384737,0.11388710557945131,-0.49654660978155385,-0.3700861585960997,-0.49654660978155385
1.0741039514541626,BPE.MI,2020-07-31,2246852321.76303,yfinance_marketcap_proxy,IT,Banks,BPER Banca SpA,10.944762,1.3254901,0.74,0.01133,0.13133,,yfinance_generated_csv,-0.03616655117371714,0.11355843055884872,-0.47581822854957423,-0.3543026569710941,-0.5147547825824706
1.1592462062835693,BPE.MI,2020-08-31,2424956194.0042596,yfinance_marketcap_proxy,IT,Banks,BPER Banca SpA,10.944762,1.3254901,0.74,0.01133,0.13133,,yfinance_generated_csv,0.07926817019352539,0.11764368852343661,-0.3476547309388086,-0.2715510528635995,-0.4762902821026237
1.0015567541122437,BPE.MI,2020-09-30,2095095279.4726522,yfinance_marketcap_proxy,IT,Banks,BPER Banca SpA,10.944762,1.3254901,0.74,0.01133,0.13133,,yfinance_generated_csv,-0.13602757664125786,0.11557449685208165,-0.2755619833798606,-0.42796763592843334,-0.5475292458916806
0.7569494843482971,BPE.MI,2020-10-31,1583416301.6184373,yfinance_marketcap_proxy,IT,Banks,BPER Banca SpA,10.944762,1.3254901,0.74,0.01133,0.13133,,yfinance_generated_csv,-0.2442270682710943,0.11631805153877703,-0.3192583529183728,-0.6174120744032978,-0.6580348516459666
1.090394377708435,BPE.MI,2020-11-30,2280929267.4835706,yfinance_marketcap_proxy,IT,Banks,BPER Banca SpA,10.944762,1.3254901,0.74,0.01133,0.13133,,yfinance_generated_csv,0.44051142150816114,0.1838704317571889,0.008073611961866733,-0.497532126575731,-0.5073952980382822
1.1052803993225098,BPE.MI,2020-12-31,2312068425.085697,yfinance_marketcap_proxy,IT,Banks,BPER Banca SpA,10.944762,1.3254901,0.74,0.01133,0.13133,,yfinance_generated_csv,0.01365196108710598,0.18368566441135306,-0.008190764258102057,-0.5006702778157754,-0.46060356925236423
1.1309584379196167,BPE.MI,2021-01-31,2365782742.5520105,yfinance_marketcap_proxy,IT,Banks,BPER Banca SpA,10.944762,1.3254901,0.74,0.01133,0.13133,,yfinance_generated_csv,0.023232148704388944,0.18428664389886001,0.05293201499583189,-0.4480722311626185,-0.36357317152933954
1.350525975227356,BPE.MI,2021-02-28,2825082636.492246,yfinance_marketcap_proxy,IT,Banks,BPER Banca SpA,10.944762,1.3254901,0.74,0.01133,0.13133,,yfinance_generated_csv,0.19414288796644974,0.19233533998326427,0.16500357551913925,-0.24001542907071716,-0.023148358921615486
1.3966723680496216,BPE.MI,2021-03-31,2921613451.5156193,yfinance_marketcap_proxy,IT,Banks,BPER Banca SpA,10.944762,1.3254901,0.74,0.01133,0.13133,,yfinance_generated_csv,0.03416920049575278,0.18009141812067708,0.39450147214832487,0.010229880656996926,0.0
1.4126746654510498,BPE.MI,2021-04-30,2955087678.122145,yfinance_marketcap_proxy,IT,Banks,BPER Banca SpA,10.944762,1.3254901,0.74,0.01133,0.13133,,yfinance_generated_csv,0.011457445402012656,0.1675870838730853,0.8662733704975114,0.270450008137056,0.0
1.5403249263763428,BPE.MI,2021-05-31,3222111446.8601294,yfinance_marketcap_proxy,IT,Banks,BPER Banca SpA,10.944762,1.3254901,0.74,0.01133,0.13133,,yfinance_generated_csv,0.09036069241358957,0.16725125612390968,0.4126310240277271,0.42403605876102124,0.0
1.3941153287887573,BPE.MI,2021-06-30,2916264537.5745306,yfinance_marketcap_proxy,IT,Banks,BPER Banca SpA,10.944762,1.3254901,0.74,0.01133,0.13133,,yfinance_generated_csv,-0.09492126958663694,0.17187115497052968,0.26132276447070923,0.2509915670535521,-0.09492126958663694
1.250564455986023,BPE.MI,2021-07-31,2615979251.9545774,yfinance_marketcap_proxy,IT,Banks,BPER Banca SpA,10.944762,1.3254901,0.74,0.01133,0.13133,,yfinance_generated_csv,-0.10296915171821186,0.17530222384183383,0.10575633379279603,0.16428624463485253,-0.1881164586954971
1.3994320631027222,BPE.MI,2021-08-31,2927386288.706119,yfinance_marketcap_proxy,IT,Banks,BPER Banca SpA,10.944762,1.3254901,0.74,0.01133,0.13133,,yfinance_generated_csv,0.11904033127130798,0.17677642961629603,0.0362126229131825,0.20719141069192304,-0.09146957298488634
1.4681695699691772,BPE.MI,2021-09-30,3071174072.640817,yfinance_marketcap_proxy,IT,Banks,BPER Banca SpA,10.944762,1.3254901,0.74,0.01133,0.13133,,yfinance_generated_csv,0.049118144909482186,0.16896746203948693,0.0511911050545073,0.46588754350773476,-0.04684424381608432
1.4389276504516602,BPE.MI,2021-10-31,3010004690.7836976,yfinance_marketcap_proxy,IT,Banks,BPER Banca SpA,10.944762,1.3254901,0.74,0.01133,0.13133,,yfinance_generated_csv,-0.01991726304348551,0.14480695274479155,0.0185838860444405,0.900955982142611,-0.0658284977334117
1.2775276899337769,BPE.MI,2021-11-30,2672381990.922004,yfinance_marketcap_proxy,IT,Banks,BPER Banca SpA,10.944762,1.3254901,0.74,0.01133,0.13133,,yfinance_generated_csv,-0.11216683512004377,0.09221839329581326,-0.17061155860199173,0.17161984328882895,-0.17061155860199173
1.384621262550354,BPE.MI,2021-12-31,2896404481.4395084,yfinance_marketcap_proxy,IT,Banks,BPER Banca SpA,10.944762,1.3254901,0.74,0.01133,0.13133,,yfinance_generated_csv,0.08382876822194629,0.0941840622969431,-0.006810101031348714,0.2527330290115235,-0.10108494718207672
1.4085465669631958,BPE.MI,2022-01-31,2946452361.531657,yfinance_marketcap_proxy,IT,Banks,BPER Banca SpA,10.944762,1.3254901,0.74,0.01133,0.13133,,yfinance_generated_csv,0.017279313166673083,0.09419810500617952,0.12632864321464332,0.24544503116683836,-0.08555231247419937
1.3633544445037842,BPE.MI,2022-02-28,2851917726.2797713,yfinance_marketcap_proxy,IT,Banks,BPER Banca SpA,10.944762,1.3254901,0.74,0.01133,0.13133,,yfinance_generated_csv,-0.0320842232123324,0.07794963052709279,-0.025780185798336852,0.009498868967898755,-0.11489165619677832
1.2072712182998657,BPE.MI,2022-03-31,2525416777.549667,yfinance_marketcap_proxy,IT,Banks,BPER Banca SpA,10.944762,1.3254901,0.74,0.01133,0.13133,,yfinance_generated_csv,-0.11448470119648713,0.08421050242577328,-0.17770314615279004,-0.13560886152150664,-0.21622302046360775
1.2190439701080322,BPE.MI,2022-04-30,2550043476.574382,yfinance_marketcap_proxy,IT,Banks,BPER Banca SpA,10.944762,1.3254901,0.74,0.01133,0.13133,,yfinance_generated_csv,0.009751538535595516,0.084174650170778,-0.15281079648070517,-0.1370667288644224,-0.20857998904434594
1.5074241161346436,BPE.MI,2022-05-31,3153288255.418215,yfinance_marketcap_proxy,IT,Banks,BPER Banca SpA,10.944762,1.3254901,0.74,0.01133,0.13133,,yfinance_generated_csv,0.23656254663320708,0.1072659832632828,0.1799541630387549,-0.021359655796195698,0.0
1.2329179048538208,BPE.MI,2022-06-30,2579065511.59563,yfinance_marketcap_proxy,IT,Banks,BPER Banca SpA,10.944762,1.3254901,0.74,0.01133,0.13133,,yfinance_generated_csv,-0.18210283910324798,0.11702802097054656,-0.10956307099972495,-0.11562703644826067,-0.18210283910324798
1.0618431568145752,BPE.MI,2022-07-31,2221204715.807088,yfinance_marketcap_proxy,IT,Banks,BPER Banca SpA,10.944762,1.3254901,0.74,0.01133,0.13133,,yfinance_generated_csv,-0.13875599288950946,0.12019220717234265,-0.24614266810937435,-0.1509088941942206,-0.2955909717449876
1.1837584972381592,BPE.MI,2022-08-31,2476231955.3199944,yfinance_marketcap_proxy,IT,Banks,BPER Banca SpA,10.944762,1.3254901,0.74,0.01133,0.13133,,yfinance_generated_csv,0.11481482895206296,0.11979493133095431,-0.13173092880552573,-0.15411506678386855,-0.21471436965359947
1.243536353111267,BPE.MI,2022-09-30,2601277593.6650276,yfinance_marketcap_proxy,IT,Banks,BPER Banca SpA,10.944762,1.3254901,0.74,0.01133,0.13133,,yfinance_generated_csv,0.050498354193508455,0.11985472012036935,0.030038929332276698,-0.15300222906992011,-0.17505873774929437
1.472815752029419,BPE.MI,2022-10-31,3080893136.550092,yfinance_marketcap_proxy,IT,Banks,BPER Banca SpA,10.944762,1.3254901,0.74,0.01133,0.13133,,yfinance_generated_csv,0.18437691696306757,0.13180270721233636,0.2081727879749058,0.023550941958146332,-0.022958611139887952
1.5510776042938232,BPE.MI,2022-11-30,3244604315.740607,yfinance_marketcap_proxy,IT,Banks,BPER Banca SpA,10.944762,1.3254901,0.74,0.01133,0.13133,,yfinance_generated_csv,0.05313757145560527,0.1264259989628983,0.028958995475750093,0.2141244503077866,0.0
1.5089970827102661,BPE.MI,2022-12-31,3156578647.9334908,yfinance_marketcap_proxy,IT,Banks,BPER Banca SpA,10.944762,1.3254901,0.74,0.01133,0.13133,,yfinance_generated_csv,-0.027129862146849537,0.12567342456340833,0.22392340704077807,0.08982659989694408,-0.027129862146849537
1.9797474145889282,BPE.MI,2023-01-31,4141312457.654911,yfinance_marketcap_proxy,IT,Banks,BPER Banca SpA,10.944762,1.3254901,0.74,0.01133,0.13133,,yfinance_generated_csv,0.31196238698696566,0.1522785956927132,0.8644442937580117,0.4055250007511164,0.0
2.1134612560272217,BPE.MI,2023-02-28,4421020259.381869,yfinance_marketcap_proxy,IT,Banks,BPER Banca SpA,10.944762,1.3254901,0.74,0.01133,0.13133,,yfinance_generated_csv,0.06754085922928588,0.15076626369701843,0.7853821205576668,0.5501920755438263,0.0
1.7878293991088867,BPE.MI,2023-03-31,3739850906.2978992,yfinance_marketcap_proxy,IT,Banks,BPER Banca SpA,10.944762,1.3254901,0.74,0.01133,0.13133,,yfinance_generated_csv,-0.15407514852221205,0.15499933952536943,0.43769773568406345,0.4808846363674515,-0.15407514852221205
2.0017709732055664,BPE.MI,2023-04-30,4187382192.1012697,yfinance_marketcap_proxy,IT,Banks,BPER Banca SpA,10.944762,1.3254901,0.74,0.01133,0.13133,,yfinance_generated_csv,0.11966554202728474,0.1560432047696078,0.359145548550313,0.6420826666557142,-0.052847092655772254
1.9672907590866089,BPE.MI,2023-05-31,4115255142.3467445,yfinance_marketcap_proxy,IT,Banks,BPER Banca SpA,10.944762,1.3254901,0.74,0.01133,0.13133,,yfinance_generated_csv,-0.01722485468142343,0.14576887942290803,0.26833805970803093,0.3050678558408375,-0.06916166384586431
2.289959192276001,BPE.MI,2023-06-30,4790225490.691249,yfinance_marketcap_proxy,IT,Banks,BPER Banca SpA,10.944762,1.3254901,0.74,0.01133,0.13133,,yfinance_generated_csv,0.16401664659839277,0.13328503887169646,0.517537189775789,0.8573492876214712,0.0
2.5904033184051514,BPE.MI,2023-07-31,5418706171.205861,yfinance_marketcap_proxy,IT,Banks,BPER Banca SpA,10.944762,1.3254901,0.74,0.01133,0.13133,,yfinance_generated_csv,0.13120064634450435,0.11851708487913351,0.30845142128548697,1.4395347860752863,0.0
2.29489803314209,BPE.MI,2023-08-31,4800556749.645996,yfinance_marketcap_proxy,IT,Banks,BPER Banca SpA,10.944762,1.3254901,0.74,0.01133,0.13133,,yfinance_generated_csv,-0.11407694051480644,0.13075886154808047,0.08584816806905837,0.9386539049107934,-0.11407694051480644
2.384619951248169,BPE.MI,2023-09-30,4988240539.224047,yfinance_marketcap_proxy,IT,Banks,BPER Banca SpA,10.944762,1.3254901,0.74,0.01133,0.13133,,yfinance_generated_csv,0.03909625474001355,0.1309084837837468,0.33380732660327794,0.9176117732963467,-0.07944066690112117
2.5261988639831543,BPE.MI,2023-10-31,5284400802.26062,yfinance_marketcap_proxy,IT,Banks,BPER Banca SpA,10.944762,1.3254901,0.74,0.01133,0.13133,,yfinance_generated_csv,0.059371688415539525,0.1252407994649521,0.2619819638696166,0.7152171685441713,-0.024785505008357633
2.823350429534912,BPE.MI,2023-11-30,5905993976.805401,yfinance_marketcap_proxy,IT,Banks,BPER Banca SpA,10.944762,1.3254901,0.74,0.01133,0.13133,,yfinance_generated_csv,0.11762793887224987,0.12663298379266438,0.4351464909263143,0.8202509156982709,0.0
2.490804433822632,BPE.MI,2023-12-31,5210361359.91802,yfinance_marketcap_proxy,IT,Banks,BPER Banca SpA,10.944762,1.3254901,0.74,0.01133,0.13133,,yfinance_generated_csv,-0.1177841730992848,0.13463520170620755,0.08770690858775088,0.6506356853579662,-0.1177841730992848
2.761615514755249,BPE.MI,2024-01-31,5776854486.70415,yfinance_marketcap_proxy,IT,Banks,BPER Banca SpA,10.944762,1.3254901,0.74,0.01133,0.13133,,yfinance_generated_csv,0.10872434513736762,0.10913840533742913,0.06609480274118429,0.3949332598717734,-0.021865835049683424
3.0505356788635254,BPE.MI,2024-02-29,6381228896.324353,yfinance_marketcap_proxy,IT,Banks,BPER Banca SpA,10.944762,1.3254901,0.74,0.01133,0.13133,,yfinance_generated_csv,0.10461998151610263,0.11069817079302417,0.32926850553218023,0.44338377160401277,0.0
3.60532808303833,BPE.MI,2024-03-31,7541765173.77594,yfinance_marketcap_proxy,IT,Banks,BPER Banca SpA,10.944762,1.3254901,0.74,0.01133,0.13133,,yfinance_generated_csv,0.18186720713310667,0.10001175528321549,0.5119088813926984,1.0165951431581473,0.0
4.025949478149414,BPE.MI,2024-04-30,8421637328.523222,yfinance_marketcap_proxy,IT,Banks,BPER Banca SpA,10.944762,1.3254901,0.74,0.01133,0.13133,,yfinance_generated_csv,0.11666660715010768,0.09986572036314784,0.5936787620122455,1.0111938538615126,0.0
4.302700042724609,BPE.MI,2024-05-31,9000554897.649717,yfinance_marketcap_proxy,IT,Banks,BPER Banca SpA,10.944762,1.3254901,0.74,0.01133,0.13133,,yfinance_generated_csv,0.0687416884084715,0.09649609502953435,0.5239695355257012,1.1871195311883156,0.0
4.119458198547363,BPE.MI,2024-06-30,8617242498.066431,yfinance_marketcap_proxy,IT,Banks,BPER Banca SpA,10.944762,1.3254901,0.74,0.01133,0.13133,,yfinance_generated_csv,-0.0425876408668292,0.09695235588740163,0.6538665752353909,0.7989220997658979,-0.0425876408668292
4.713685989379883,BPE.MI,2024-07-31,9860271247.45386,yfinance_marketcap_proxy,IT,Banks,BPER Banca SpA,10.944762,1.3254901,0.74,0.01133,0.13133,,yfinance_generated_csv,0.14424901581524985,0.09795927660971773,0.7068581647933123,0.8196726185025061,0.0
4.4152631759643555,BPE.MI,2024-08-31,9236018827.302189,yfinance_marketcap_proxy,IT,Banks,BPER Banca SpA,10.944762,1.3254901,0.74,0.01133,0.13133,,yfinance_generated_csv,-0.0633098628308898,0.09080274472488106,0.4473730651821972,0.92394743130227,-0.0633098628308898
4.406537055969238,BPE.MI,2024-09-30,9217765190.915815,yfinance_marketcap_proxy,IT,Banks,BPER Banca SpA,10.944762,1.3254901,0.74,0.01133,0.13133,,yfinance_generated_csv,-0.0019763533106293973,0.09241283171446416,0.22222914377759007,0.8478990975743317,-0.06516109348451782
4.8864569664001465,BPE.MI,2024-10-31,10221680280.839966,yfinance_marketcap_proxy,IT,Banks,BPER Banca SpA,10.944762,1.3254901,0.74,0.01133,0.13133,,yfinance_generated_csv,0.1089108985889029,0.09365816289733263,0.2137402600109819,0.9343120749787224,0.0
5.041776180267334,BPE.MI,2024-11-30,10546583038.919794,yfinance_marketcap_proxy,IT,Banks,BPER Banca SpA,10.944762,1.3254901,0.74,0.01133,0.13133,,yfinance_generated_csv,0.03178565061253602,0.09216271288356392,0.17177031403628074,0.7857422612246758,0.0
5.352415084838867,BPE.MI,2024-12-31,11196389552.545918,yfinance_marketcap_proxy,IT,Banks,BPER Banca SpA,10.944762,1.3254901,0.74,0.01133,0.13133,,yfinance_generated_csv,0.06161298984023156,0.07479778703777412,0.2993007397735652,1.1488700646901164,0.0
5.75380277633667,BPE.MI,2025-01-31,12036027899.791517,yfinance_marketcap_proxy,IT,Banks,BPER Banca SpA,10.944762,1.3254901,0.74,0.01133,0.13133,,yfinance_generated_csv,0.07499188406272239,0.07376619552265495,0.2206589045813001,1.0834916177122529,0.0
6.41172981262207,BPE.MI,2025-02-28,13412305202.400068,yfinance_marketcap_proxy,IT,Banks,BPER Banca SpA,10.944762,1.3254901,0.74,0.01133,0.13133,,yfinance_generated_csv,0.11434646995396136,0.07428714699472522,0.4521738698444988,1.1018373451743253,0.0
6.291313171386719,BPE.MI,2025-03-31,13160412999.99986,yfinance_marketcap_proxy,IT,Banks,BPER Banca SpA,10.944762,1.3254901,0.74,0.01133,0.13133,,yfinance_generated_csv,-0.0187806792791394,0.06823907149146075,0.4277227427066117,0.7450043453700945,-0.0187806792791394
6.228487491607666,BPE.MI,2025-04-30,13028991805.350313,yfinance_marketcap_proxy,IT,Banks,BPER Banca SpA,10.944762,1.3254901,0.74,0.01133,0.13133,,yfinance_generated_csv,-0.009986099573740526,0.0666923159366055,0.2746428617780694,0.5470853584756559,-0.02857923311953592
7.380584716796875,BPE.MI,2025-05-31,15438993483.31508,yfinance_marketcap_proxy,IT,Banks,BPER Banca SpA,10.944762,1.3254901,0.74,0.01133,0.13133,,yfinance_generated_csv,0.1849722306967072,0.07875398041168771,0.46388583168036,0.7153379607013575,0.0
7.289886474609375,BPE.MI,2025-06-30,15249267381.14134,yfinance_marketcap_proxy,IT,Banks,BPER Banca SpA,10.944762,1.3254901,0.74,0.01133,0.13133,,yfinance_generated_csv,-0.01228876107621757,0.0759991887045893,0.3619807804627384,0.7696226356126137,-0.01228876107621757
8.159079551696777,BPE.MI,2025-07-31,17067479185.194576,yfinance_marketcap_proxy,IT,Banks,BPER Banca SpA,10.944762,1.3254901,0.74,0.01133,0.13133,,yfinance_generated_csv,0.11923273155416014,0.07351768905485787,0.41803253758577696,0.730934043990096,0.0
8.387715339660645,BPE.MI,2025-08-31,17545748397.712837,yfinance_marketcap_proxy,IT,Banks,BPER Banca SpA,10.944762,1.3254901,0.74,0.01133,0.13133,,yfinance_generated_csv,0.02802225257337021,0.06506066096084154,0.3081829061400354,0.899709033273798,0.0
8.914899826049805,BPE.MI,2025-09-30,18648533361.530636,yfinance_marketcap_proxy,IT,Banks,BPER Banca SpA,10.944762,1.3254901,0.74,0.01133,0.13133,,yfinance_generated_csv,0.06285197637745399,0.0623783931038831,0.41701733536256325,1.023107876506653,0.0
9.783147811889648,BPE.MI,2025-10-31,20464768187.041916,yfinance_marketcap_proxy,IT,Banks,BPER Banca SpA,10.944762,1.3254901,0.74,0.01133,0.13133,,yfinance_generated_csv,0.09739290432661707,0.0616779627034425,0.5707100359552093,1.0020943352534823,0.0
9.904008865356445,BPE.MI,2025-11-30,20717590028.19142,yfinance_marketcap_proxy,IT,Banks,BPER Banca SpA,10.944762,1.3254901,0.74,0.01133,0.13133,,yfinance_generated_csv,0.012354004640501515,0.06276532434038494,0.3419003026706968,0.9643888406072199,0.0
11.06806468963623,BPE.MI,2025-12-31,23152607167.737274,yfinance_marketcap_proxy,IT,Banks,BPER Banca SpA,10.944762,1.3254901,0.74,0.01133,0.13133,,yfinance_generated_csv,0.11753380273634173,0.06496885956772164,0.5182766875981162,1.0678636679332638,0.0
11.311369895935059,BPE.MI,2026-01-31,23661562438.714027,yfinance_marketcap_proxy,IT,Banks,BPER Banca SpA,10.944762,1.3254901,0.74,0.01133,0.13133,,yfinance_generated_csv,0.021982633199338908,0.06596438464993708,0.38635367191422043,0.9658946153758818,0.0
11.45926284790039,BPE.MI,2026-02-28,23970930654.00252,yfinance_marketcap_proxy,IT,Banks,BPER Banca SpA,10.944762,1.3254901,0.74,0.01133,0.13133,,yfinance_generated_csv,0.013074716265664588,0.06482012599539805,0.36619596443815605,0.7872342071154956,0.0
10.624387741088867,BPE.MI,2026-03-31,22224506511.737667,yfinance_marketcap_proxy,IT,Banks,BPER Banca SpA,10.944762,1.3254901,0.74,0.01133,0.13133,,yfinance_generated_csv,-0.07285591733891439,0.0716587326569627,0.1917562674169202,0.6887392904567586,-0.07285591733891439
11.959234237670898,BPE.MI,2026-04-30,25016790206.423035,yfinance_marketcap_proxy,IT,Banks,BPER Banca SpA,10.944762,1.3254901,0.74,0.01133,0.13133,,yfinance_generated_csv,0.12563985136005829,0.07256808141722663,0.22243213203184053,0.9200864180565353,0.0
11.447999954223633,BPE.MI,2026-05-31,23947370496.0,yfinance_marketcap_proxy,IT,Banks,BPER Banca SpA,10.944762,1.3254901,0.74,0.01133,0.13133,,yfinance_generated_csv,-0.04274807845446382,0.06585578150767733,0.15589556813382544,0.5510966127344974,-0.04274807845446382
4.333323001861572,CE.MI,2015-01-31,1473727928.898176,yfinance_marketcap_proxy,IT,Banks,Credito Emiliano S.p.A.,9.643312,1.1027752,,0.0081,0.12091,,yfinance_generated_csv,,,,,
4.546540260314941,CE.MI,2015-02-28,1546241385.3312278,yfinance_marketcap_proxy,IT,Banks,Credito Emiliano S.p.A.,9.643312,1.1027752,,0.0081,0.12091,,yfinance_generated_csv,0.049204100031724485,,,,
5.0921244621276855,CE.MI,2015-03-31,1731790137.5086324,yfinance_marketcap_proxy,IT,Banks,Credito Emiliano S.p.A.,9.643312,1.1027752,,0.0081,0.12091,,yfinance_generated_csv,0.11999986155955678,,,,
4.69704532623291,CE.MI,2015-04-30,1597426934.848004,yfinance_marketcap_proxy,IT,Banks,Credito Emiliano S.p.A.,9.643312,1.1027752,,0.0081,0.12091,,yfinance_generated_csv,-0.07758630780397224,,,,-0.07758630780397224
4.821601867675781,CE.MI,2015-05-31,1639787602.1170871,yfinance_marketcap_proxy,IT,Banks,Credito Emiliano S.p.A.,9.643312,1.1027752,,0.0081,0.12091,,yfinance_generated_csv,0.02651806248222166,0.08176152552001402,,,-0.053125683879861274
4.725681781768799,CE.MI,2015-06-30,1607165960.600241,yfinance_marketcap_proxy,IT,Banks,Credito Emiliano S.p.A.,9.643312,1.1027752,,0.0081,0.12091,,yfinance_generated_csv,-0.01989382129412942,0.07417769740750868,,,-0.07196263231275635
4.911128520965576,CE.MI,2015-07-31,1670234889.1707582,yfinance_marketcap_proxy,IT,Banks,Credito Emiliano S.p.A.,9.643312,1.1027752,,0.0081,0.12091,,yfinance_generated_csv,0.03924232476088685,0.06682702860811258,0.13334005308530705,,-0.035544288539735014
4.581800937652588,CE.MI,2015-08-31,1558233255.0723095,yfinance_marketcap_proxy,IT,Banks,Credito Emiliano S.p.A.,9.643312,1.1027752,,0.0081,0.12091,,yfinance_generated_csv,-0.06705741499272333,0.06984233672646914,0.007755496557552588,,-0.10021819542522825
3.932739734649658,CE.MI,2015-09-30,1337492815.9177063,yfinance_marketcap_proxy,IT,Banks,Credito Emiliano S.p.A.,9.643312,1.1027752,,0.0081,0.12091,,yfinance_generated_csv,-0.14166071635042832,0.08401509124734774,-0.22768193042037155,,-0.22768193042037155
4.1661458015441895,CE.MI,2015-10-31,1416872321.9939845,yfinance_marketcap_proxy,IT,Banks,Credito Emiliano S.p.A.,9.643312,1.1027752,,0.0081,0.12091,,yfinance_generated_csv,0.059349482203994386,0.08181587591471146,-0.11302840143433512,,-0.18184525289403208
4.30682897567749,CE.MI,2015-11-30,1464717525.9534457,yfinance_marketcap_proxy,IT,Banks,Credito Emiliano S.p.A.,9.643312,1.1027752,,0.0081,0.12091,,yfinance_generated_csv,0.03376818307250695,0.07793073422375811,-0.10676387352704286,,-0.15421765361211703
4.383565902709961,CE.MI,2015-12-31,1490815131.0701172,yfinance_marketcap_proxy,IT,Banks,Credito Emiliano S.p.A.,9.643312,1.1027752,,0.0081,0.12091,,yfinance_generated_csv,0.01781750040826724,0.07408161530147406,-0.07239503099397981,,-0.1391479263100458
3.926344156265259,CE.MI,2016-01-31,1335317731.6965444,yfinance_marketcap_proxy,IT,Banks,Credito Emiliano S.p.A.,9.643312,1.1027752,,0.0081,0.12091,,yfinance_generated_csv,-0.10430360957093021,0.0771984464593293,-0.20052099237400922,-0.09391841905657106,-0.2289379049025284
3.766477584838867,CE.MI,2016-02-29,1280948410.2526882,yfinance_marketcap_proxy,IT,Banks,Credito Emiliano S.p.A.,9.643312,1.1027752,,0.0081,0.12091,,yfinance_generated_csv,-0.04071639292528473,0.07576902430742978,-0.17794822688901857,-0.17157280719252643,-0.26033277213631034
3.8464109897613525,CE.MI,2016-03-31,1308133111.5167267,yfinance_marketcap_proxy,IT,Banks,Credito Emiliano S.p.A.,9.643312,1.1027752,,0.0081,0.12091,,yfinance_generated_csv,0.021222323277387822,0.06455711667809316,-0.021951298767040384,-0.2446353151088978,-0.21679691880571872
4.031857490539551,CE.MI,2016-04-30,1371201959.0030231,yfinance_marketcap_proxy,IT,Banks,Credito Emiliano S.p.A.,9.643312,1.1027752,,0.0081,0.12091,,yfinance_generated_csv,0.04821286681840098,0.06476581851163916,-0.032233224040038255,-0.14161835568805303,-0.17903645296033754
4.167366027832031,CE.MI,2016-05-31,1417287311.0356958,yfinance_marketcap_proxy,IT,Banks,Credito Emiliano S.p.A.,9.643312,1.1027752,,0.0081,0.12091,,yfinance_generated_csv,0.033609456090757384,0.06516664966537765,-0.032381817024327186,-0.135688482334009,-0.15144431467399555
3.5612633228302,CE.MI,2016-06-30,1211156707.8569798,yfinance_marketcap_proxy,IT,Banks,Credito Emiliano S.p.A.,9.643312,1.1027752,,0.0081,0.12091,,yfinance_generated_csv,-0.14544023753947544,0.07606081159554196,-0.1875875937832726,-0.24640221511122629,-0.274858455113282
3.7152464389801025,CE.MI,2016-07-31,1263525113.9858086,yfinance_marketcap_proxy,IT,Banks,Credito Emiliano S.p.A.,9.643312,1.1027752,,0.0081,0.12091,,yfinance_generated_csv,0.04323834049640829,0.07635431077992152,-0.053764445724480914,-0.2435045380873786,-0.18912966985345514
3.469529390335083,CE.MI,2016-08-31,1179958743.087763,yfinance_marketcap_proxy,IT,Banks,Credito Emiliano S.p.A.,9.643312,1.1027752,,0.0081,0.12091,,yfinance_generated_csv,-0.0661374831200896,0.07630339298191285,-0.0788397615053078,-0.24275859262610378,-0.20851437680218565
3.1661500930786133,CE.MI,2016-09-30,1076781910.1527867,yfinance_marketcap_proxy,IT,Banks,Credito Emiliano S.p.A.,9.643312,1.1027752,,0.0081,0.12091,,yfinance_generated_csv,-0.08744105125657109,0.06977605133627073,-0.17685600901554865,-0.1949250886899423,-0.2777227117490648
3.3614137172698975,CE.MI,2016-10-31,1143189481.5119839,yfinance_marketcap_proxy,IT,Banks,Credito Emiliano S.p.A.,9.643312,1.1027752,,0.0081,0.12091,,yfinance_generated_csv,0.06167225761600559,0.07000561742388697,-0.1662865750693816,-0.1931598466803578,-0.2331782407578633
3.4728052616119385,CE.MI,2016-11-30,1181072840.280634,yfinance_marketcap_proxy,IT,Banks,Credito Emiliano S.p.A.,9.643312,1.1027752,,0.0081,0.12091,,yfinance_generated_csv,0.033138302426073185,0.06996564508468248,-0.16666660945581036,-0.19365145882867452,-0.20776706939320377
3.741455554962158,CE.MI,2016-12-31,1272438621.2867632,yfinance_marketcap_proxy,IT,Banks,Credito Emiliano S.p.A.,9.643312,1.1027752,,0.0081,0.12091,,yfinance_generated_csv,0.07735829484015544,0.07450175837777263,0.050597840091407775,-0.1464812807652428,-0.10220135932994645
3.931476593017578,CE.MI,2017-01-31,1337063231.716263,yfinance_marketcap_proxy,IT,Banks,Credito Emiliano S.p.A.,9.643312,1.1027752,,0.0081,0.12091,,yfinance_generated_csv,0.05078799821727187,0.07006335172009287,0.05820075668973246,0.0013071795410826148,-0.05660396356812669
3.875781536102295,CE.MI,2017-02-28,1318121795.5846002,yfinance_marketcap_proxy,IT,Banks,Credito Emiliano S.p.A.,9.643312,1.1027752,,0.0081,0.12091,,yfinance_generated_csv,-0.014166447541414717,0.06898693540909112,0.11709142654876792,0.02902020490003898,-0.06996853402901737
4.2165093421936035,CE.MI,2017-03-31,1434000552.7816167,yfinance_marketcap_proxy,IT,Banks,Credito Emiliano S.p.A.,9.643312,1.1027752,,0.0081,0.12091,,yfinance_generated_csv,0.08791202572113077,0.07301035816733102,0.33174651176870484,0.09621913867691334,0.0
4.200128555297852,CE.MI,2017-04-30,1428429580.3119373,yfinance_marketcap_proxy,IT,Banks,Credito Emiliano S.p.A.,9.643312,1.1027752,,0.0081,0.12091,,yfinance_generated_csv,-0.0038849165426561028,0.07208949701803222,0.24951252912395105,0.04173537014964834,-0.0038849165426561028
4.502800464630127,CE.MI,2017-05-31,1531365836.363999,yfinance_marketcap_proxy,IT,Banks,Credito Emiliano S.p.A.,9.643312,1.1027752,,0.0081,0.12091,,yfinance_generated_csv,0.07206253459801815,0.0742558733392818,0.29658881665599224,0.08049075472561684,0.0
4.737321376800537,CE.MI,2017-06-30,1611124492.2564244,yfinance_marketcap_proxy,IT,Banks,Credito Emiliano S.p.A.,9.643312,1.1027752,,0.0081,0.12091,,yfinance_generated_csv,0.052083345467468956,0.05670511635768281,0.2661706940545099,0.3302361963607068,0.0
4.884734630584717,CE.MI,2017-07-31,1661258541.5987358,yfinance_marketcap_proxy,IT,Banks,Credito Emiliano S.p.A.,9.643312,1.1027752,,0.0081,0.12091,,yfinance_generated_csv,0.031117427351685878,0.05646889337992959,0.24246819611241066,0.3147807852890798,0.0
4.800976753234863,CE.MI,2017-08-31,1632773168.3499196,yfinance_marketcap_proxy,IT,Banks,Credito Emiliano S.p.A.,9.643312,1.1027752,,0.0081,0.12091,,yfinance_generated_csv,-0.017146863378293187,0.050803807150818406,0.23871191100801759,0.38375445575089673,-0.017146863378293187
5.095803260803223,CE.MI,2017-09-30,1733041267.034542,yfinance_marketcap_proxy,IT,Banks,Credito Emiliano S.p.A.,9.643312,1.1027752,,0.0081,0.12091,,yfinance_generated_csv,0.061409692802554705,0.035864137754139824,0.20853598255095385,0.6094635791091971,0.0
5.042198657989502,CE.MI,2017-10-31,1714810777.350266,yfinance_marketcap_proxy,IT,Banks,Credito Emiliano S.p.A.,9.643312,1.1027752,,0.0081,0.12091,,yfinance_generated_csv,-0.010519362712851588,0.03807329645798634,0.20048674501391184,0.5000232289421129,-0.010519362712851588
4.924938201904297,CE.MI,2017-11-30,1674931449.4040532,yfinance_marketcap_proxy,IT,Banks,Credito Emiliano S.p.A.,9.643312,1.1027752,,0.0081,0.12091,,yfinance_generated_csv,-0.023255818352060142,0.041639157265446536,0.09375004302102585,0.41814407399807263,-0.03353054467648209
4.740671634674072,CE.MI,2017-12-31,1612263887.726164,yfinance_marketcap_proxy,IT,Banks,Credito Emiliano S.p.A.,9.643312,1.1027752,,0.0081,0.12091,,yfinance_generated_csv,-0.03741500089462546,0.04300965010970473,0.0007072051074985541,0.26706613643631005,-0.06969100021203978
5.2197651863098145,CE.MI,2018-01-31,1775199710.257117,yfinance_marketcap_proxy,IT,Banks,Credito Emiliano S.p.A.,9.643312,1.1027752,,0.0081,0.12091,,yfinance_generated_csv,0.10106026920986699,0.04832193977951655,0.06858725827752776,0.3276856831807866,0.0
4.9115376472473145,CE.MI,2018-02-28,1670374029.693536,yfinance_marketcap_proxy,IT,Banks,Credito Emiliano S.p.A.,9.643312,1.1027752,,0.0081,0.12091,,yfinance_generated_csv,-0.05905007755347047,0.05312256508252247,0.02302883344268558,0.2672380012900919,-0.05905007755347047
4.764124393463135,CE.MI,2018-03-31,1620239980.3512247,yfinance_marketcap_proxy,IT,Banks,Credito Emiliano S.p.A.,9.643312,1.1027752,,0.0081,0.12091,,yfinance_generated_csv,-0.030013666670517747,0.05050204618559068,-0.06508863281503674,0.1298740277389352,-0.08729143487943014
4.878034591674805,CE.MI,2018-04-30,1658979912.8276978,yfinance_marketcap_proxy,IT,Banks,Credito Emiliano S.p.A.,9.643312,1.1027752,,0.0081,0.12091,,yfinance_generated_csv,0.02390999663400195,0.050375993192617034,-0.03255803220973352,0.16140125890239077,-0.06546857615957258
4.161487102508545,CE.MI,2018-05-31,1415287936.3208623,yfinance_marketcap_proxy,IT,Banks,Credito Emiliano S.p.A.,9.643312,1.1027752,,0.0081,0.12091,,yfinance_generated_csv,-0.14689266254674982,0.06487617724713932,-0.15501739678693893,-0.07580024138369601,-0.20274438524109817
4.368183135986328,CE.MI,2018-06-30,1485583577.148426,yfinance_marketcap_proxy,IT,Banks,Credito Emiliano S.p.A.,9.643312,1.1027752,,0.0081,0.12091,,yfinance_generated_csv,0.04966879108028155,0.0646880011372768,-0.07857293805445209,-0.07792130013005694,-0.16314566267405683
4.375072479248047,CE.MI,2018-07-31,1487926586.790726,yfinance_marketcap_proxy,IT,Banks,Credito Emiliano S.p.A.,9.643312,1.1027752,,0.0081,0.12091,,yfinance_generated_csv,0.0015771644748505675,0.06375387868230499,-0.16182580574260175,-0.104337735799511,-0.16182580574260175
3.7412047386169434,CE.MI,2018-08-31,1272353320.686552,yfinance_marketcap_proxy,IT,Banks,Credito Emiliano S.p.A.,9.643312,1.1027752,,0.0081,0.12091,,yfinance_generated_csv,-0.14488165479261905,0.0751979499427545,-0.23828238581990457,-0.2207409177525913,-0.2832618700110837
3.8996715545654297,CE.MI,2018-09-30,1326246596.6704853,yfinance_marketcap_proxy,IT,Banks,Credito Emiliano S.p.A.,9.643312,1.1027752,,0.0081,0.12091,,yfinance_generated_csv,0.04235716220306851,0.07355514907987955,-0.18145051797636158,-0.23472878465273672,-0.2529028767820193
3.6309659481048584,CE.MI,2018-10-31,1234862004.125146,yfinance_marketcap_proxy,IT,Banks,Credito Emiliano S.p.A.,9.643312,1.1027752,,0.0081,0.12091,,yfinance_generated_csv,-0.06890467638126907,0.07483033172782337,-0.2556498155421614,-0.27988439282306077,-0.30438136228273127
3.5827369689941406,CE.MI,2018-11-30,1218459720.365736,yfinance_marketcap_proxy,IT,Banks,Credito Emiliano S.p.A.,9.643312,1.1027752,,0.0081,0.12091,,yfinance_generated_csv,-0.013282685599376176,0.07489857718751258,-0.13907291294151403,-0.27253158880068284,-0.31362104594459617
3.465609312057495,CE.MI,2018-12-31,1178625556.3304715,yfinance_marketcap_proxy,IT,Banks,Credito Emiliano S.p.A.,9.643312,1.1027752,,0.0081,0.12091,,yfinance_generated_csv,-0.03269222886030876,0.07483112621870902,-0.20662453835627326,-0.2689623793579281,-0.3360603037954748
3.431159496307373,CE.MI,2019-01-31,1166909454.0241027,yfinance_marketcap_proxy,IT,Banks,Credito Emiliano S.p.A.,9.643312,1.1027752,,0.0081,0.12091,,yfinance_generated_csv,-0.009940478758025284,0.06419313168334553,-0.2157479647292394,-0.3426601822422056,-0.301408287437158
3.720534563064575,CE.MI,2019-02-28,1265323562.0016658,yfinance_marketcap_proxy,IT,Banks,Credito Emiliano S.p.A.,9.643312,1.1027752,,0.0081,0.12091,,yfinance_generated_csv,0.0843373987914664,0.07167905102968836,-0.005525005177880127,-0.24249087958233206,-0.23728819606685447
3.451829433441162,CE.MI,2019-03-31,1173939131.6247683,yfinance_marketcap_proxy,IT,Banks,Credito Emiliano S.p.A.,9.643312,1.1027752,,0.0081,0.12091,,yfinance_generated_csv,-0.07222218341712783,0.07321307724783163,-0.11484098464650672,-0.27545354647384424,-0.29237290786492254
3.506948709487915,CE.MI,2019-04-30,1192684749.363361,yfinance_marketcap_proxy,IT,Banks,Credito Emiliano S.p.A.,9.643312,1.1027752,,0.0081,0.12091,,yfinance_generated_csv,0.015968134321110883,0.07277605621391116,-0.03415543973406654,-0.2810734234084524,-0.1984250029863135
3.2087044715881348,CE.MI,2019-05-31,1091254308.3745313,yfinance_marketcap_proxy,IT,Banks,Credito Emiliano S.p.A.,9.643312,1.1027752,,0.0081,0.12091,,yfinance_generated_csv,-0.08504379807235041,0.06511253966653914,-0.1043985368289585,-0.22895244114683733,-0.26659398517219035
3.046830415725708,CE.MI,2019-06-30,1036202257.7921033,yfinance_marketcap_proxy,IT,Banks,Credito Emiliano S.p.A.,9.643312,1.1027752,,0.0081,0.12091,,yfinance_generated_csv,-0.05044841533265543,0.06178405698380094,-0.1208384611833705,-0.3024948082819474,-0.3035931564156914
3.262661933898926,CE.MI,2019-07-31,1109604802.7054923,yfinance_marketcap_proxy,IT,Banks,Credito Emiliano S.p.A.,9.643312,1.1027752,,0.0081,0.12091,,yfinance_generated_csv,0.07083804765084367,0.06772388196784274,-0.049108053003594,-0.25426105524549236,-0.16334955694428754
3.4317307472229004,CE.MI,2019-08-31,1167103731.816979,yfinance_marketcap_proxy,IT,Banks,Credito Emiliano S.p.A.,9.643312,1.1027752,,0.0081,0.12091,,yfinance_generated_csv,0.05181928644440803,0.0584450839029327,-0.07762427977655695,-0.08272041040674238,-0.11999492798174272
3.557633399963379,CE.MI,2019-09-30,1209922200.5963204,yfinance_marketcap_proxy,IT,Banks,Credito Emiliano S.p.A.,9.643312,1.1027752,,0.0081,0.12091,,yfinance_generated_csv,0.036687800417432026,0.05804370038705323,0.03065156276181935,-0.08770947753320901,-0.043784343443114215
3.726701021194458,CE.MI,2019-10-31,1267420724.2867033,yfinance_marketcap_proxy,IT,Banks,Credito Emiliano S.p.A.,9.643312,1.1027752,,0.0081,0.12091,,yfinance_generated_csv,0.047522496621720256,0.056290629380241125,0.06266196911064359,0.02636628226700055,0.0
3.849006175994873,CE.MI,2019-11-30,1309015713.2594051,yfinance_marketcap_proxy,IT,Banks,Credito Emiliano S.p.A.,9.643312,1.1027752,,0.0081,0.12091,,yfinance_generated_csv,0.03281861198546454,0.05660383667816209,0.1995514732118111,0.07432005455747648,0.0
3.733895778656006,CE.MI,2019-12-31,1269867602.8157623,yfinance_marketcap_proxy,IT,Banks,Credito Emiliano S.p.A.,9.643312,1.1027752,,0.0081,0.12091,,yfinance_generated_csv,-0.029906524457346206,0.05642959305745335,0.22550167524392695,0.07741393862980828,-0.029906524457346206
3.4209392070770264,CE.MI,2020-01-31,1163433616.7339425,yfinance_marketcap_proxy,IT,Banks,Credito Emiliano S.p.A.,9.643312,1.1027752,,0.0081,0.12091,,yfinance_generated_csv,-0.08381502594901735,0.062258032554855736,0.048511698847375495,-0.0029786692345097343,-0.11121493428292617
3.3813695907592773,CE.MI,2020-02-29,1149976311.8715541,yfinance_marketcap_proxy,IT,Banks,Credito Emiliano S.p.A.,9.643312,1.1027752,,0.0081,0.12091,,yfinance_generated_csv,-0.011566886729787451,0.056558748820351445,-0.014675147956866197,-0.09116027994265707,-0.12149541046520229
2.762650966644287,CE.MI,2020-03-31,939555137.152753,yfinance_marketcap_proxy,IT,Banks,Credito Emiliano S.p.A.,9.643312,1.1027752,,0.0081,0.12091,,yfinance_generated_csv,-0.18297870360159552,0.07446958911488993,-0.22345822178509878,-0.19965600273297002,-0.2822430413663314
2.913733959197998,CE.MI,2020-04-30,990937234.8205861,yfinance_marketcap_proxy,IT,Banks,Credito Emiliano S.p.A.,9.643312,1.1027752,,0.0081,0.12091,,yfinance_generated_csv,0.05468768743422814,0.076768622278633,-0.21814657450999198,-0.16915409931288627,-0.2429905731588311
3.1151766777038574,CE.MI,2020-05-31,1059446265.9285196,yfinance_marketcap_proxy,IT,Banks,Credito Emiliano S.p.A.,9.643312,1.1027752,,0.0081,0.12091,,yfinance_generated_csv,0.06913559073228015,0.07641553223678367,-0.19065427924426204,-0.02914814832977941,-0.19065427924426204
3.1655380725860596,CE.MI,2020-06-30,1076573766.9581652,yfinance_marketcap_proxy,IT,Banks,Credito Emiliano S.p.A.,9.643312,1.1027752,,0.0081,0.12091,,yfinance_generated_csv,0.01616646504920638,0.07478816211991667,-0.15221573920698006,0.03896103184728039,-0.17757001993693966
3.1151766777038574,CE.MI,2020-07-31,1059446265.9285196,yfinance_marketcap_proxy,IT,Banks,Credito Emiliano S.p.A.,9.643312,1.1027752,,0.0081,0.12091,,yfinance_generated_csv,-0.015909268417378386,0.07208982181261542,-0.08937970272626494,-0.04520396510061386,-0.19065427924426204
3.0612192153930664,CE.MI,2020-08-31,1041095771.5975587,yfinance_marketcap_proxy,IT,Banks,Credito Emiliano S.p.A.,9.643312,1.1027752,,0.0081,0.12091,,yfinance_generated_csv,-0.017320835346829266,0.07019843674253173,-0.09468068094097992,-0.10796637589638036,-0.20467282321213298
2.8705670833587646,CE.MI,2020-09-30,976256531.2357786,yfinance_marketcap_proxy,IT,Banks,Credito Emiliano S.p.A.,9.643312,1.1027752,,0.0081,0.12091,,yfinance_generated_csv,-0.06227980377087161,0.07040735291331644,0.039062522923610565,-0.1931245407724379,-0.25420564371612264
2.4281113147735596,CE.MI,2020-10-31,825780920.9048607,yfinance_marketcap_proxy,IT,Banks,Credito Emiliano S.p.A.,9.643312,1.1027752,,0.0081,0.12091,,yfinance_generated_csv,-0.15413531742567776,0.07773736349840697,-0.16666677576771816,-0.3484555640593575,-0.3691588935562171
3.34539794921875,CE.MI,2020-11-30,1137742648.9842467,yfinance_marketcap_proxy,IT,Banks,Credito Emiliano S.p.A.,9.643312,1.1027752,,0.0081,0.12091,,yfinance_generated_csv,0.377777834510332,0.14152981163104036,0.07390311861367183,-0.13084110644378288,-0.1040462435127456
3.172732353210449,CE.MI,2020-12-31,1079020483.3187826,yfinance_marketcap_proxy,IT,Banks,Credito Emiliano S.p.A.,9.643312,1.1027752,,0.0081,0.12091,,yfinance_generated_csv,-0.05161287196000808,0.14203794472236417,0.0022726880736936295,-0.15028899002841056,-0.07255517822506241
3.057621955871582,CE.MI,2021-01-31,1039872372.8751397,yfinance_marketcap_proxy,IT,Banks,Credito Emiliano S.p.A.,9.643312,1.1027752,,0.0081,0.12091,,yfinance_generated_csv,-0.036281155964003164,0.14029696872233716,-0.01847558831709606,-0.10620394845188597,-0.09574452783051102
3.4029531478881836,CE.MI,2021-02-28,1157316704.2060683,yfinance_marketcap_proxy,IT,Banks,Credito Emiliano S.p.A.,9.643312,1.1027752,,0.0081,0.12091,,yfinance_generated_csv,0.11294110161442905,0.1440147664089395,0.11163327695603731,0.006383081337186791,0.0
3.582812786102295,CE.MI,2021-03-31,1218485505.1479292,yfinance_marketcap_proxy,IT,Banks,Credito Emiliano S.p.A.,9.643312,1.1027752,,0.0081,0.12091,,yfinance_generated_csv,0.052853986052005864,0.13090220836454755,0.24812020832836734,0.2968749325776159,0.0
3.697923421859741,CE.MI,2021-04-30,1257633696.6757927,yfinance_marketcap_proxy,IT,Banks,Credito Emiliano S.p.A.,9.643312,1.1027752,,0.0081,0.12091,,yfinance_generated_csv,0.032128565635346495,0.13065894505835815,0.52296288862877,0.26913557436712243,0.0
4.060889720916748,CE.MI,2021-05-31,1381075584.5616767,yfinance_marketcap_proxy,IT,Banks,Credito Emiliano S.p.A.,9.643312,1.1027752,,0.0081,0.12091,,yfinance_generated_csv,0.09815408748363574,0.1317743503358917,0.21387344123442364,0.30358247414395745,0.0
3.7697601318359375,CE.MI,2021-06-30,1282064777.8037395,yfinance_marketcap_proxy,IT,Banks,Credito Emiliano S.p.A.,9.643312,1.1027752,,0.0081,0.12091,,yfinance_generated_csv,-0.07169108473477281,0.13497665244658452,0.18817464322868682,0.19087499356981796,-0.07169108473477281
4.03849458694458,CE.MI,2021-07-31,1373459181.5397875,yfinance_marketcap_proxy,IT,Banks,Credito Emiliano S.p.A.,9.643312,1.1027752,,0.0081,0.12091,,yfinance_generated_csv,0.07128688449940301,0.13509426483485484,0.3207959143508303,0.29639343278638197,-0.005514834312494554
4.240046501159668,CE.MI,2021-08-31,1442005349.2208169,yfinance_marketcap_proxy,IT,Banks,Credito Emiliano S.p.A.,9.643312,1.1027752,,0.0081,0.12091,,yfinance_generated_csv,0.04990768462749795,0.13437637730804017,0.24599026695121284,0.38508424350630444,0.0
4.516246795654297,CE.MI,2021-09-30,1535938824.244897,yfinance_marketcap_proxy,IT,Banks,Credito Emiliano S.p.A.,9.643312,1.1027752,,0.0081,0.12091,,yfinance_generated_csv,0.06514086447379452,0.13098903655234587,0.2605310590530394,0.573294288029657,0.0
4.8969550132751465,CE.MI,2021-10-31,1665414594.4166248,yfinance_marketcap_proxy,IT,Banks,Credito Emiliano S.p.A.,9.643312,1.1027752,,0.0081,0.12091,,yfinance_generated_csv,0.08429747860262671,0.11506289674972961,0.3242445704330985,1.0167753362377563,0.0
4.2848358154296875,CE.MI,2021-11-30,1457237830.9277122,yfinance_marketcap_proxy,IT,Banks,Credito Emiliano S.p.A.,9.643312,1.1027752,,0.0081,0.12091,,yfinance_generated_csv,-0.1249999634846688,0.07582852054618984,0.055147051484664145,0.2808149823940449,-0.1249999634846688
4.344554901123047,CE.MI,2021-12-31,1477547806.536906,yfinance_marketcap_proxy,IT,Banks,Credito Emiliano S.p.A.,9.643312,1.1027752,,0.0081,0.12091,,yfinance_generated_csv,0.01393731014810684,0.07219901190346666,0.1524751573536256,0.369341758918569,-0.11280481659614994
4.546106338500977,CE.MI,2022-01-31,1546093812.0494938,yfinance_marketcap_proxy,IT,Banks,Credito Emiliano S.p.A.,9.643312,1.1027752,,0.0081,0.12091,,yfinance_generated_csv,0.04639173447338174,0.06929214440926779,0.12569330987773886,0.48681112449858066,-0.0716462932216152
4.829771518707275,CE.MI,2022-02-28,1642566034.024723,yfinance_marketcap_proxy,IT,Banks,Credito Emiliano S.p.A.,9.643312,1.1027752,,0.0081,0.12091,,yfinance_generated_csv,0.06239739220438789,0.06561977491933206,0.13908456366842104,0.41928827956522174,-0.013719442875367083
4.463992595672607,CE.MI,2022-03-31,1518167595.5868523,yfinance_marketcap_proxy,IT,Banks,Credito Emiliano S.p.A.,9.643312,1.1027752,,0.0081,0.12091,,yfinance_generated_csv,-0.07573420846470424,0.0720286926570014,-0.011570271144608513,0.24594637291359533,-0.08841462019332869
4.352019309997559,CE.MI,2022-04-30,1480086391.3196137,yfinance_marketcap_proxy,IT,Banks,Credito Emiliano S.p.A.,9.643312,1.1027752,,0.0081,0.12091,,yfinance_generated_csv,-0.025083662948633845,0.07310582534581458,-0.1112805206093016,0.17688194522126222,-0.1112805206093016
4.738228797912598,CE.MI,2022-05-31,1611433098.8005342,yfinance_marketcap_proxy,IT,Banks,Credito Emiliano S.p.A.,9.643312,1.1027752,,0.0081,0.12091,,yfinance_generated_csv,0.08874259519663208,0.07219105501147172,0.10581338515941319,0.16679573284323013,-0.03241324760637132
4.125323295593262,CE.MI,2022-06-30,1402988919.5516443,yfinance_marketcap_proxy,IT,Banks,Credito Emiliano S.p.A.,9.643312,1.1027752,,0.0081,0.12091,,yfinance_generated_csv,-0.12935329391213612,0.08000944550945054,-0.050461234929524035,0.09431983768796415,-0.1575737811742337
4.337482452392578,CE.MI,2022-07-31,1475142524.2130833,yfinance_marketcap_proxy,IT,Banks,Credito Emiliano S.p.A.,9.643312,1.1027752,,0.0081,0.12091,,yfinance_generated_csv,0.05142849216834677,0.07883638926331447,-0.04589067447489348,0.07403448463557427,-0.11424907097694281
4.533926486968994,CE.MI,2022-08-31,1541951543.5491295,yfinance_marketcap_proxy,IT,Banks,Credito Emiliano S.p.A.,9.643312,1.1027752,,0.0081,0.12091,,yfinance_generated_csv,0.04528987419143471,0.07862914356182715,-0.06125445698463727,0.06931055726132929,-0.07413352283654207
4.549642086029053,CE.MI,2022-09-30,1547296291.0429637,yfinance_marketcap_proxy,IT,Banks,Credito Emiliano S.p.A.,9.643312,1.1027752,,0.0081,0.12091,,yfinance_generated_csv,0.003466222733259361,0.07658198735978461,0.019186745614111045,0.007394478620364575,-0.07092426340543534
4.71465539932251,CE.MI,2022-10-31,1603415977.5597827,yfinance_marketcap_proxy,IT,Banks,Credito Emiliano S.p.A.,9.643312,1.1027752,,0.0081,0.12091,,yfinance_generated_csv,0.036269515309825584,0.07314768843832312,0.08332593756923257,-0.037227136753031465,-0.02383469258098103
5.303987503051758,CE.MI,2022-11-30,1803843035.567921,yfinance_marketcap_proxy,IT,Banks,Credito Emiliano S.p.A.,9.643312,1.1027752,,0.0081,0.12091,,yfinance_generated_csv,0.12500003792725423,0.07003253300201215,0.11940299408682042,0.23785081424872967,0.0
5.209693908691406,CE.MI,2022-12-31,1771774550.6049151,yfinance_marketcap_proxy,IT,Banks,Credito Emiliano S.p.A.,9.643312,1.1027752,,0.0081,0.12091,,yfinance_generated_csv,-0.017777868878103065,0.070884829335378,0.26285712304208664,0.199131793073837,-0.017777868878103065
6.1447672843933105,CE.MI,2023-01-31,2089785404.8036427,yfinance_marketcap_proxy,IT,Banks,Credito Emiliano S.p.A.,9.643312,1.1027752,,0.0081,0.12091,,yfinance_generated_csv,0.17948720060921586,0.08484058331440822,0.41666677660075013,0.3516549827163684,0.0
6.396215438842773,CE.MI,2023-02-28,2175300878.1996675,yfinance_marketcap_proxy,IT,Banks,Credito Emiliano S.p.A.,9.643312,1.1027752,,0.0081,0.12091,,yfinance_generated_csv,0.04092069606738402,0.08428933174915679,0.41074529047310393,0.3243308537615395,0.0
5.3589911460876465,CE.MI,2023-03-31,1822549327.4594584,yfinance_marketcap_proxy,IT,Banks,Credito Emiliano S.p.A.,9.643312,1.1027752,,0.0081,0.12091,,yfinance_generated_csv,-0.16216218835536678,0.09664262809839255,0.17789290778365308,0.20049283936596352,-0.16216218835536678
5.468999862670898,CE.MI,2023-04-30,1859962397.747857,yfinance_marketcap_proxy,IT,Banks,Credito Emiliano S.p.A.,9.643312,1.1027752,,0.0081,0.12091,,yfinance_generated_csv,0.020527878024871216,0.09561324786231158,0.1599999150429503,0.2566579955441344,-0.14496315595330078
5.305253982543945,CE.MI,2023-05-31,1804273754.9484546,yfinance_marketcap_proxy,IT,Banks,Credito Emiliano S.p.A.,9.643312,1.1027752,,0.0081,0.12091,,yfinance_generated_csv,-0.029940735827150733,0.09437986509106307,0.0002387787473969727,0.11967028373158084,-0.1705635882233837
5.873674392700195,CE.MI,2023-06-30,1997588915.9561043,yfinance_marketcap_proxy,IT,Banks,Credito Emiliano S.p.A.,9.643312,1.1027752,,0.0081,0.12091,,yfinance_generated_csv,0.10714292134298242,0.08614926345129961,0.12745095885596291,0.4238094742718834,-0.08169534799739608
6.409142971038818,CE.MI,2023-07-31,2179697426.8162503,yfinance_marketcap_proxy,IT,Banks,Credito Emiliano S.p.A.,9.643312,1.1027752,,0.0081,0.12091,,yfinance_generated_csv,0.09116415765301933,0.08765964575664635,0.0430245238606477,0.4776181901331962,0.0
6.359714984893799,CE.MI,2023-08-31,2162887370.5107746,yfinance_marketcap_proxy,IT,Banks,Credito Emiliano S.p.A.,9.643312,1.1027752,,0.0081,0.12091,,yfinance_generated_csv,-0.007712105404477865,0.0885139714507359,-0.0057065704396565,0.40269477310060564,-0.007712105404477865
6.409142971038818,CE.MI,2023-09-30,2179697426.8162503,yfinance_marketcap_proxy,IT,Banks,Credito Emiliano S.p.A.,9.643312,1.1027752,,0.0081,0.12091,,yfinance_generated_csv,0.00777204422877853,0.0883955546293483,0.195960731474214,0.40871366359122674,0.0
6.302049160003662,CE.MI,2023-10-31,2143275692.210533,yfinance_marketcap_proxy,IT,Banks,Credito Emiliano S.p.A.,9.643312,1.1027752,,0.0081,0.12091,,yfinance_generated_csv,-0.0167095369098621,0.08950931495845653,0.15232205490053286,0.3366934857867361,-0.0167095369098621
6.722185134887695,CE.MI,2023-11-30,2286160522.133313,yfinance_marketcap_proxy,IT,Banks,Credito Emiliano S.p.A.,9.643312,1.1027752,,0.0081,0.12091,,yfinance_generated_csv,0.06666656578156394,0.08525377690623104,0.2670807386424714,0.26738329059409516,0.0
6.623330116271973,CE.MI,2023-12-31,2252540733.8592443,yfinance_marketcap_proxy,IT,Banks,Credito Emiliano S.p.A.,9.643312,1.1027752,,0.0081,0.12091,,yfinance_generated_csv,-0.014705786382269048,0.08512378494544014,0.1276297720049735,0.2713472676815383,-0.014705786382269048
6.944611072540283,CE.MI,2024-01-31,2361805775.507955,yfinance_marketcap_proxy,IT,Banks,Credito Emiliano S.p.A.,9.643312,1.1027752,,0.0081,0.12091,,yfinance_generated_csv,0.0485074653728943,0.07044031630817871,0.08354753575027107,0.13016665255630477,0.0
7.282368183135986,CE.MI,2024-02-29,2476674223.314639,yfinance_marketcap_proxy,IT,Banks,Credito Emiliano S.p.A.,9.643312,1.1027752,,0.0081,0.12091,,yfinance_generated_csv,0.048635856935348,0.07075658124025015,0.1450777590558321,0.13854329216489591,0.0
7.636600017547607,CE.MI,2024-03-31,2597145590.7739706,yfinance_marketcap_proxy,IT,Banks,Credito Emiliano S.p.A.,9.643312,1.1027752,,0.0081,0.12091,,yfinance_generated_csv,0.048642395647054304,0.04456338626188465,0.19151656501584302,0.42500702265999046,0.0
8.17206859588623,CE.MI,2024-04-30,2779254101.634117,yfinance_marketcap_proxy,IT,Banks,Credito Emiliano S.p.A.,9.643312,1.1027752,,0.0081,0.12091,,yfinance_generated_csv,0.07011871475633225,0.045803060567440455,0.2967319658105432,0.4942528434980127,0.0
8.279842376708984,CE.MI,2024-05-31,2815907088.437365,yfinance_marketcap_proxy,IT,Banks,Credito Emiliano S.p.A.,9.643312,1.1027752,,0.0081,0.12091,,yfinance_generated_csv,0.013188066100791929,0.041760771471335466,0.2317188846432019,0.5606872741535893,0.0
8.012750625610352,CE.MI,2024-06-30,2725071354.9821672,yfinance_marketcap_proxy,IT,Banks,Credito Emiliano S.p.A.,9.643312,1.1027752,,0.0081,0.12091,,yfinance_generated_csv,-0.03225807194711294,0.0403119241081125,0.20977672635173317,0.3641802541129282,-0.03225807194711294
8.719250679016113,CE.MI,2024-07-31,2965346280.258874,yfinance_marketcap_proxy,IT,Banks,Credito Emiliano S.p.A.,9.643312,1.1027752,,0.0081,0.12091,,yfinance_generated_csv,0.08817197569429491,0.0398855688729707,0.25554197174452864,0.3604394095148207,0.0
8.891569137573242,CE.MI,2024-08-31,3023950387.298951,yfinance_marketcap_proxy,IT,Banks,Credito Emiliano S.p.A.,9.643312,1.1027752,,0.0081,0.12091,,yfinance_generated_csv,0.019762989378414586,0.03849538865877514,0.22097220491594127,0.3981081162746043,0.0
8.753714561462402,CE.MI,2024-09-30,2977067166.534266,yfinance_marketcap_proxy,IT,Banks,Credito Emiliano S.p.A.,9.643312,1.1027752,,0.0081,0.12091,,yfinance_generated_csv,-0.015503964933287873,0.04020952988653519,0.14628428113923153,0.365816709194672,-0.015503964933287873
8.903340339660645,CE.MI,2024-10-31,3027953677.444979,yfinance_marketcap_proxy,IT,Banks,Credito Emiliano S.p.A.,9.643312,1.1027752,,0.0081,0.12091,,yfinance_generated_csv,0.017092832665227542,0.037988479258900684,0.08948428848756018,0.4127691031301748,0.0
9.010826110839844,CE.MI,2024-11-30,3064508714.5095816,yfinance_marketcap_proxy,IT,Banks,Credito Emiliano S.p.A.,9.643312,1.1027752,,0.0081,0.12091,,yfinance_generated_csv,0.012072521893877974,0.03641635080731564,0.08828474032151878,0.34046086652303775,0.0
9.745306968688965,CE.MI,2024-12-31,3314299683.9315095,yfinance_marketcap_proxy,IT,Banks,Credito Emiliano S.p.A.,9.643312,1.1027752,,0.0081,0.12091,,yfinance_generated_csv,0.08151093460404879,0.0373842297874405,0.21622491751347117,0.4713605992168539,0.0
10.157332420349121,CE.MI,2025-01-31,3454426190.8333955,yfinance_marketcap_proxy,IT,Banks,Credito Emiliano S.p.A.,9.643312,1.1027752,,0.0081,0.12091,,yfinance_generated_csv,0.04227937128958237,0.037197105688445746,0.1649318036920211,0.46262077375539046,0.0
11.16052532196045,CE.MI,2025-02-28,3795603942.0746226,yfinance_marketcap_proxy,IT,Banks,Credito Emiliano S.p.A.,9.643312,1.1027752,,0.0081,0.12091,,yfinance_generated_csv,0.0987653903697725,0.041680785052791526,0.2551806266454415,0.5325406572830573,0.0
11.232182502746582,CE.MI,2025-03-31,3819973966.7843575,yfinance_marketcap_proxy,IT,Banks,Credito Emiliano S.p.A.,9.643312,1.1027752,,0.0081,0.12091,,yfinance_generated_csv,0.006420592106460621,0.04238359528864528,0.28313328289175166,0.4708355127853938,0.0
10.820157051086426,CE.MI,2025-04-30,3679847459.8824716,yfinance_marketcap_proxy,IT,Banks,Credito Emiliano S.p.A.,9.643312,1.1027752,,0.0081,0.12091,,yfinance_generated_csv,-0.03668258164069227,0.04511343485466857,0.21529186106557874,0.32404138855775466,-0.03668258164069227
11.517148971557617,CE.MI,2025-05-31,3916888746.4363475,yfinance_marketcap_proxy,IT,Banks,Credito Emiliano S.p.A.,9.643312,1.1027752,,0.0081,0.12091,,yfinance_generated_csv,0.06441606320318694,0.04634561895538329,0.2781457360166697,0.3909865004139579,0.0
11.935954093933105,CE.MI,2025-06-30,4059320964.238996,yfinance_marketcap_proxy,IT,Banks,Credito Emiliano S.p.A.,9.643312,1.1027752,,0.0081,0.12091,,yfinance_generated_csv,0.036363610769449606,0.042167053904481125,0.2247899560560327,0.4896200632755763,0.0
12.659344673156738,CE.MI,2025-07-31,4305340220.04931,yfinance_marketcap_proxy,IT,Banks,Credito Emiliano S.p.A.,9.643312,1.1027752,,0.0081,0.12091,,yfinance_generated_csv,0.060606012182245594,0.039656778781821854,0.24632572306042722,0.45188447255254593,0.0
12.792600631713867,CE.MI,2025-08-31,4350659488.364497,yfinance_marketcap_proxy,IT,Banks,Credito Emiliano S.p.A.,9.643312,1.1027752,,0.0081,0.12091,,yfinance_generated_csv,0.010526291999908066,0.040009436646621065,0.14623642370507417,0.43873375258996483,0.0
13.040077209472656,CE.MI,2025-09-30,4434824260.811552,yfinance_marketcap_proxy,IT,Banks,Credito Emiliano S.p.A.,9.643312,1.1027752,,0.0081,0.12091,,yfinance_generated_csv,0.019345290678837834,0.03747269993202294,0.16095667126882907,0.4896621449002525,0.0
13.059114456176758,CE.MI,2025-10-31,4441298673.668638,yfinance_marketcap_proxy,IT,Banks,Credito Emiliano S.p.A.,9.643312,1.1027752,,0.0081,0.12091,,yfinance_generated_csv,0.0014599029130188956,0.03838934971682561,0.20692466796177644,0.46676572589322274,0.0
13.991907119750977,CE.MI,2025-11-30,4758533876.211834,yfinance_marketcap_proxy,IT,Banks,Credito Emiliano S.p.A.,9.643312,1.1027752,,0.0081,0.12091,,yfinance_generated_csv,0.07142847753608761,0.039249366643548195,0.21487593451338904,0.5527884954875548,0.0
14.54396915435791,CE.MI,2025-12-31,4946285686.6665535,yfinance_marketcap_proxy,IT,Banks,Credito Emiliano S.p.A.,9.643312,1.1027752,,0.0081,0.12091,,yfinance_generated_csv,0.039455810411122894,0.036816809353863215,0.21850076164002896,0.4924074943033332,0.0
14.753372192382812,CE.MI,2026-01-31,5017501957.73632,yfinance_marketcap_proxy,IT,Banks,Credito Emiliano S.p.A.,9.643312,1.1027752,,0.0081,0.12091,,yfinance_generated_csv,0.014397929189925218,0.037161601454446684,0.1654135797144629,0.45248492240206906,0.0
14.848555564880371,CE.MI,2026-02-28,5049873049.011101,yfinance_marketcap_proxy,IT,Banks,Credito Emiliano S.p.A.,9.643312,1.1027752,,0.0081,0.12091,,yfinance_generated_csv,0.0064516350063141825,0.03120939104841763,0.16071438422533335,0.33045310471748346,0.0
13.820578575134277,CE.MI,2026-03-31,4700266430.85624,yfinance_marketcap_proxy,IT,Banks,Credito Emiliano S.p.A.,9.643312,1.1027752,,0.0081,0.12091,,yfinance_generated_csv,-0.06923077367723585,0.041229221711780985,0.05985404481306622,0.23044462389698173,-0.06923077367723585
14.334567070007324,CE.MI,2026-04-30,4875069739.93367,yfinance_marketcap_proxy,IT,Banks,Credito Emiliano S.p.A.,9.643312,1.1027752,,0.0081,0.12091,,yfinance_generated_csv,0.03719008521089018,0.03764716853803785,0.0976676188964174,0.32480212646895223,-0.03461538683861787
15.119999885559082,CE.MI,2026-05-31,5142189056.0,yfinance_marketcap_proxy,IT,Banks,Credito Emiliano S.p.A.,9.643312,1.1027752,,0.0081,0.12091,,yfinance_generated_csv,0.054792922012632195,0.0368097129544677,0.08062466082380504,0.3128248946765342,0.0
3.226414203643799,FBK.MI,2015-01-31,1986295843.239965,yfinance_marketcap_proxy,IT,Banks,FinecoBank Banca Fineco S.p.A.,19.78302,4.745417,0.694,0.01795,0.24597,,yfinance_generated_csv,,,,,
3.7591915130615234,FBK.MI,2015-02-28,2314292587.6982074,yfinance_marketcap_proxy,IT,Banks,FinecoBank Banca Fineco S.p.A.,19.78302,4.745417,0.694,0.01795,0.24597,,yfinance_generated_csv,0.16512985493803756,,,,
4.344029426574707,FBK.MI,2015-03-31,2674339699.8354006,yfinance_marketcap_proxy,IT,Banks,FinecoBank Banca Fineco S.p.A.,19.78302,4.745417,0.694,0.01795,0.24597,,yfinance_generated_csv,0.15557545059386602,,,,
4.698307991027832,FBK.MI,2015-04-30,2892446240.2565055,yfinance_marketcap_proxy,IT,Banks,FinecoBank Banca Fineco S.p.A.,19.78302,4.745417,0.694,0.01795,0.24597,,yfinance_generated_csv,0.08155528650101163,,,,0.0
4.764530658721924,FBK.MI,2015-05-31,2933215280.20819,yfinance_marketcap_proxy,IT,Banks,FinecoBank Banca Fineco S.p.A.,19.78302,4.745417,0.694,0.01795,0.24597,,yfinance_generated_csv,0.014095003524791094,0.07067184307750543,,,0.0
4.63208532333374,FBK.MI,2015-06-30,2851677200.304821,yfinance_marketcap_proxy,IT,Banks,FinecoBank Banca Fineco S.p.A.,19.78302,4.745417,0.694,0.01795,0.24597,,yfinance_generated_csv,-0.0277981914432075,0.08499837040943986,,,-0.0277981914432075
5.060789108276367,FBK.MI,2015-07-31,3115602565.204061,yfinance_marketcap_proxy,IT,Banks,FinecoBank Banca Fineco S.p.A.,19.78302,4.745417,0.694,0.01795,0.24597,,yfinance_generated_csv,0.09255092577484869,0.07626585014859923,0.568549104005583,,0.0
4.820296287536621,FBK.MI,2015-08-31,2967546593.461522,yfinance_marketcap_proxy,IT,Banks,FinecoBank Banca Fineco S.p.A.,19.78302,4.745417,0.694,0.01795,0.24597,,yfinance_generated_csv,-0.047520814559619984,0.08471647677061515,0.2822694110657116,,-0.047520814559619984
4.140645980834961,FBK.MI,2015-09-30,2549129585.0273147,yfinance_marketcap_proxy,IT,Banks,FinecoBank Banca Fineco S.p.A.,19.78302,4.745417,0.694,0.01795,0.24597,,yfinance_generated_csv,-0.14099762051120523,0.10629970299431354,-0.046819076430638984,,-0.18181811329316466
4.799384593963623,FBK.MI,2015-10-31,2954672607.854763,yfinance_marketcap_proxy,IT,Banks,FinecoBank Banca Fineco S.p.A.,19.78302,4.745417,0.694,0.01795,0.24597,,yfinance_generated_csv,0.15909078346172145,0.10749417979398837,0.021513405065996638,,-0.05165291592278476
5.151409149169922,FBK.MI,2015-11-30,3171391499.6619554,yfinance_marketcap_proxy,IT,Banks,FinecoBank Banca Fineco S.p.A.,19.78302,4.745417,0.694,0.01795,0.24597,,yfinance_generated_csv,0.07334785289952683,0.101610794957825,0.08119970636347573,,0.0
5.31522274017334,FBK.MI,2015-12-31,3272240998.3124466,yfinance_marketcap_proxy,IT,Banks,FinecoBank Banca Fineco S.p.A.,19.78302,4.745417,0.694,0.01795,0.24597,,yfinance_generated_csv,0.03179976318320876,0.09659836206368876,0.1474794545338689,,0.0
4.956226825714111,FBK.MI,2016-01-31,3051230288.7063527,yfinance_marketcap_proxy,IT,Banks,FinecoBank Banca Fineco S.p.A.,19.78302,4.745417,0.694,0.01795,0.24597,,yfinance_generated_csv,-0.06754108567189054,0.0982164296257745,-0.020661260591012476,0.5361409022179244,-0.06754108567189054
4.914402961730957,FBK.MI,2016-02-29,3025482023.9348454,yfinance_marketcap_proxy,IT,Banks,FinecoBank Banca Fineco S.p.A.,19.78302,4.745417,0.694,0.01795,0.24597,,yfinance_generated_csv,-0.0084386500969168,0.0907334351284274,0.019523006176541235,0.3073031646979374,-0.0754097801796565
5.158379554748535,FBK.MI,2016-03-31,3175682730.3448787,yfinance_marketcap_proxy,IT,Banks,FinecoBank Banca Fineco S.p.A.,19.78302,4.745417,0.694,0.01795,0.24597,,yfinance_generated_csv,0.049645215281989064,0.08171901425051462,0.24579101392009095,0.18746422922276285,-0.029508299669053883
5.069226264953613,FBK.MI,2016-04-30,3120796780.26109,yfinance_marketcap_proxy,IT,Banks,FinecoBank Banca Fineco S.p.A.,19.78302,4.745417,0.694,0.01795,0.24597,,yfinance_generated_csv,-0.017283196951424773,0.07962822108417233,0.0562242232742467,0.07894720283006329,-0.04628149886559674
4.743812561035156,FBK.MI,2016-05-31,2920460479.144957,yfinance_marketcap_proxy,IT,Banks,FinecoBank Banca Fineco S.p.A.,19.78302,4.745417,0.694,0.01795,0.24597,,yfinance_generated_csv,-0.06419395917839044,0.08235528052031918,-0.07912331875258716,-0.004348402638325144,-0.1075044653950944
4.230381011962891,FBK.MI,2016-06-30,2604373675.8576603,yfinance_marketcap_proxy,IT,Banks,FinecoBank Banca Fineco S.p.A.,19.78302,4.745417,0.694,0.01795,0.24597,,yfinance_generated_csv,-0.10823183725459606,0.08813544100551071,-0.20410089684690624,-0.08672213124989259,-0.20410089684690624
3.8398845195770264,FBK.MI,2016-07-31,2363970085.1625023,yfinance_marketcap_proxy,IT,Banks,FinecoBank Banca Fineco S.p.A.,19.78302,4.745417,0.694,0.01795,0.24597,,yfinance_generated_csv,-0.09230764115137569,0.08585498082445418,-0.22524035831960498,-0.2412478691717631,-0.2775684656534638
3.94112491607666,FBK.MI,2016-08-31,2426297289.9299746,yfinance_marketcap_proxy,IT,Banks,FinecoBank Banca Fineco S.p.A.,19.78302,4.745417,0.694,0.01795,0.24597,,yfinance_generated_csv,0.026365479478217768,0.08630208210649225,-0.19804604002425708,-0.18238948791034904,-0.2585212118602329
3.7277979850769043,FBK.MI,2016-09-30,2294965610.3776693,yfinance_marketcap_proxy,IT,Banks,FinecoBank Banca Fineco S.p.A.,19.78302,4.745417,0.694,0.01795,0.24597,,yfinance_generated_csv,-0.05412843681496904,0.07783875358534659,-0.27733158339515984,-0.09970618054982949,-0.2986562995936961
3.847115993499756,FBK.MI,2016-10-31,2368422038.844393,yfinance_marketcap_proxy,IT,Banks,FinecoBank Banca Fineco S.p.A.,19.78302,4.745417,0.694,0.01795,0.24597,,yfinance_generated_csv,0.03200763799446871,0.05991963524342292,-0.24108418278800992,-0.19841473043472557,-0.27620794432139006
3.528933525085449,FBK.MI,2016-11-30,2172537544.631156,yfinance_marketcap_proxy,IT,Banks,FinecoBank Banca Fineco S.p.A.,19.78302,4.745417,0.694,0.01795,0.24597,,yfinance_generated_csv,-0.08270675200641742,0.05539144000785193,-0.2560976051053345,-0.3149576314173981,-0.3360704343746159
3.8543477058410645,FBK.MI,2016-12-31,2372874139.3052773,yfinance_marketcap_proxy,IT,Banks,FinecoBank Banca Fineco S.p.A.,19.78302,4.745417,0.694,0.01795,0.24597,,yfinance_generated_csv,0.09221317954628683,0.06361304972780744,-0.08888875613294867,-0.27484737813351423,-0.25279873942332276
3.970050096511841,FBK.MI,2017-01-31,2444104664.320553,yfinance_marketcap_proxy,IT,Banks,FinecoBank Banca Fineco S.p.A.,19.78302,4.745417,0.694,0.01795,0.24597,,yfinance_generated_csv,0.03001866969485789,0.06385293419364729,0.03389830508474567,-0.19897731961857468,-0.23036875158649006
3.904967784881592,FBK.MI,2017-02-28,2404037668.2995167,yfinance_marketcap_proxy,IT,Banks,FinecoBank Banca Fineco S.p.A.,19.78302,4.745417,0.694,0.01795,0.24597,,yfinance_generated_csv,-0.016393322514350994,0.06380381476750857,-0.009174317476610794,-0.20540342025469982,-0.24298556485885536
4.613646507263184,FBK.MI,2017-03-31,2840325606.428917,yfinance_marketcap_proxy,IT,Banks,FinecoBank Banca Fineco S.p.A.,19.78302,4.745417,0.694,0.01795,0.24597,,yfinance_generated_csv,0.18148132364248948,0.08437304130407783,0.23763318874373085,-0.10560158315296875,-0.08987165572783884
4.939584255218506,FBK.MI,2017-04-30,3040984527.77494,yfinance_marketcap_proxy,IT,Banks,FinecoBank Banca Fineco S.p.A.,19.78302,4.745417,0.694,0.01795,0.24597,,yfinance_generated_csv,0.07064645014354798,0.08708770914756818,0.28397071041388644,-0.02557431902998586,0.0
5.060615539550781,FBK.MI,2017-05-31,3115495710.0960717,yfinance_marketcap_proxy,IT,Banks,FinecoBank Banca Fineco S.p.A.,19.78302,4.745417,0.694,0.01795,0.24597,,yfinance_generated_csv,0.024502322073848504,0.08476304999155991,0.4340353830916224,0.06678235584554693,0.0
5.211904048919678,FBK.MI,2017-06-30,3208634321.0500007,yfinance_marketcap_proxy,IT,Banks,FinecoBank Banca Fineco S.p.A.,19.78302,4.745417,0.694,0.01795,0.24597,,yfinance_generated_csv,0.029895278190274377,0.0764200464088441,0.35221429063633947,0.23201764431647764,0.0
5.609037399291992,FBK.MI,2017-07-31,3453123798.6147904,yfinance_marketcap_proxy,IT,Banks,FinecoBank Banca Fineco S.p.A.,19.78302,4.745417,0.694,0.01795,0.24597,,yfinance_generated_csv,0.07619736408129629,0.06900228128207302,0.4128379398084159,0.4607307513273453,0.0
5.457748889923096,FBK.MI,2017-08-31,3359985187.6608615,yfinance_marketcap_proxy,IT,Banks,FinecoBank Banca Fineco S.p.A.,19.78302,4.745417,0.694,0.01795,0.24597,,yfinance_generated_csv,-0.026972276809563267,0.07123289611016834,0.39764248787230083,0.3848200719697603,-0.026972276809563267
5.673335075378418,FBK.MI,2017-09-30,3492707744.9649587,yfinance_marketcap_proxy,IT,Banks,FinecoBank Banca Fineco S.p.A.,19.78302,4.745417,0.694,0.01795,0.24597,,yfinance_generated_csv,0.03950093523968645,0.0661596233757482,0.22968568711256587,0.5218998180936507,0.0
6.074251174926758,FBK.MI,2017-10-31,3739526018.056334,yfinance_marketcap_proxy,IT,Banks,FinecoBank Banca Fineco S.p.A.,19.78302,4.745417,0.694,0.01795,0.24597,,yfinance_generated_csv,0.07066674085376468,0.06680423106297159,0.22970899190746952,0.5789103279417778,0.0
6.4070868492126465,FBK.MI,2017-11-30,3944431549.270955,yfinance_marketcap_proxy,IT,Banks,FinecoBank Banca Fineco S.p.A.,19.78302,4.745417,0.694,0.01795,0.24597,,yfinance_generated_csv,0.054794519472583625,0.05433050647859162,0.2660686825819194,0.8155872882466682,0.0
6.456255912780762,FBK.MI,2017-12-31,3974701781.304725,yfinance_marketcap_proxy,IT,Banks,FinecoBank Banca Fineco S.p.A.,19.78302,4.745417,0.694,0.01795,0.24597,,yfinance_generated_csv,0.007674168420888083,0.054152896507949286,0.23875187497341077,0.6750579878916061,0.0
7.572011947631836,FBK.MI,2018-01-31,4661601055.301124,yfinance_marketcap_proxy,IT,Banks,FinecoBank Banca Fineco S.p.A.,19.78302,4.745417,0.694,0.01795,0.24597,,yfinance_generated_csv,0.172817814213704,0.06510387679903629,0.3499663861374187,0.9072837278010031,0.0
7.6552205085754395,FBK.MI,2018-02-28,4712827217.936287,yfinance_marketcap_proxy,IT,Banks,FinecoBank Banca Fineco S.p.A.,19.78302,4.745417,0.694,0.01795,0.24597,,yfinance_generated_csv,0.010988963239767058,0.06273168921359988,0.4026333316121673,0.9603799391670436,0.0
7.388951778411865,FBK.MI,2018-03-31,4548902675.541395,yfinance_marketcap_proxy,IT,Banks,FinecoBank Banca Fineco S.p.A.,19.78302,4.745417,0.694,0.01795,0.24597,,yfinance_generated_csv,-0.034782633611311065,0.055049619595908574,0.30240003106444635,0.601542677094911,-0.034782633611311065
7.713343143463135,FBK.MI,2018-04-30,4748609588.329152,yfinance_marketcap_proxy,IT,Banks,FinecoBank Banca Fineco S.p.A.,19.78302,4.745417,0.694,0.01795,0.24597,,yfinance_generated_csv,0.0439022170910679,0.05429087404020611,0.2698426392544,0.5615369117986488,0.0
6.661947727203369,FBK.MI,2018-05-31,4101333010.3374677,yfinance_marketcap_proxy,IT,Banks,FinecoBank Banca Fineco S.p.A.,19.78302,4.745417,0.694,0.01795,0.24597,,yfinance_generated_csv,-0.13630865329138075,0.07435919419248682,0.03977796524204158,0.31643031863170035,-0.13630865329138075
7.532658576965332,FBK.MI,2018-06-30,4637373714.470527,yfinance_marketcap_proxy,IT,Banks,FinecoBank Banca Fineco S.p.A.,19.78302,4.745417,0.694,0.01795,0.24597,,yfinance_generated_csv,0.1306991416649077,0.08033059607731646,0.1667224284052513,0.4452795957605358,-0.02342493561315606
7.827048301696777,FBK.MI,2018-07-31,4818610545.7075815,yfinance_marketcap_proxy,IT,Banks,FinecoBank Banca Fineco S.p.A.,19.78302,4.745417,0.694,0.01795,0.24597,,yfinance_generated_csv,0.03908178257696182,0.07926982114741131,0.03368145161798175,0.3954352136580077,0.0
7.9944939613342285,FBK.MI,2018-08-31,4921696075.560141,yfinance_marketcap_proxy,IT,Banks,FinecoBank Banca Fineco S.p.A.,19.78302,4.745417,0.694,0.01795,0.24597,,yfinance_generated_csv,0.021393206376553398,0.0772580181349087,0.04431922664784538,0.4647969561397094,0.0
8.96800708770752,FBK.MI,2018-09-30,5521025533.653579,yfinance_marketcap_proxy,IT,Banks,FinecoBank Banca Fineco S.p.A.,19.78302,4.745417,0.694,0.01795,0.24597,,yfinance_generated_csv,0.12177295161916901,0.08123824288371352,0.21370491466856567,0.5807293185674112,0.0
7.200884819030762,FBK.MI,2018-10-31,4433121936.897366,yfinance_marketcap_proxy,IT,Banks,FinecoBank Banca Fineco S.p.A.,19.78302,4.745417,0.694,0.01795,0.24597,,yfinance_generated_csv,-0.19704737645657744,0.10569573554955695,-0.06643790051874832,0.18547696031315142,-0.19704737645657744
7.375339508056641,FBK.MI,2018-11-30,4540522475.629955,yfinance_marketcap_proxy,IT,Banks,FinecoBank Banca Fineco S.p.A.,19.78302,4.745417,0.694,0.01795,0.24597,,yfinance_generated_csv,0.024226840646697223,0.10513682518955682,0.10708456596562743,0.1511221373506091,-0.17759437119914345
6.836401462554932,FBK.MI,2018-12-31,4208732961.9540796,yfinance_marketcap_proxy,IT,Banks,FinecoBank Banca Fineco S.p.A.,19.78302,4.745417,0.694,0.01795,0.24597,,yfinance_generated_csv,-0.07307298123876005,0.10832599459599468,-0.0924317898251138,0.058880186118650535,-0.23769000228315917
7.389357089996338,FBK.MI,2019-01-31,4549152199.832028,yfinance_marketcap_proxy,IT,Banks,FinecoBank Banca Fineco S.p.A.,19.78302,4.745417,0.694,0.01795,0.24597,,yfinance_generated_csv,0.08088401924171862,0.09860230935044427,-0.0559203412103072,-0.024122367859261473,-0.17603130575967574
8.50850772857666,FBK.MI,2019-02-28,5238141313.151982,yfinance_marketcap_proxy,IT,Banks,FinecoBank Banca Fineco S.p.A.,19.78302,4.745417,0.694,0.01795,0.24597,,yfinance_generated_csv,0.1514543992055033,0.1076091549663089,0.06429597291942235,0.11146474736362744,-0.05123762220936434
9.131556510925293,FBK.MI,2019-03-31,5621712401.178174,yfinance_marketcap_proxy,IT,Banks,FinecoBank Banca Fineco S.p.A.,19.78302,4.745417,0.694,0.01795,0.24597,,yfinance_generated_csv,0.07322656360245894,0.10764303321798045,0.01823698639154192,0.23583923468072387,0.0
9.372995376586914,FBK.MI,2019-04-30,5770350791.970851,yfinance_marketcap_proxy,IT,Banks,FinecoBank Banca Fineco S.p.A.,19.78302,4.745417,0.694,0.01795,0.24597,,yfinance_generated_csv,0.026440056015943902,0.10745782601104864,0.3016449522724789,0.21516639442266916,0.0
7.408938884735107,FBK.MI,2019-05-31,4561207452.20752,yfinance_marketcap_proxy,IT,Banks,FinecoBank Banca Fineco S.p.A.,19.78302,4.745417,0.694,0.01795,0.24597,,yfinance_generated_csv,-0.20954416522575936,0.1187464401244924,0.004555637966464188,0.11212804244642705,-0.20954416522575936
7.835456848144531,FBK.MI,2019-06-30,4823787147.285271,yfinance_marketcap_proxy,IT,Banks,FinecoBank Banca Fineco S.p.A.,19.78302,4.745417,0.694,0.01795,0.24597,,yfinance_generated_csv,0.05756802290381868,0.11409880866581767,0.14613761217238808,0.04019806129341208,-0.16403918562501874
7.182101726531982,FBK.MI,2019-07-31,4421558394.153418,yfinance_marketcap_proxy,IT,Banks,FinecoBank Banca Fineco S.p.A.,19.78302,4.745417,0.694,0.01795,0.24597,,yfinance_generated_csv,-0.08338443236622073,0.11667950287738714,-0.02804782079687773,-0.08239971829801807,-0.23374530361208012
7.490409851074219,FBK.MI,2019-08-31,4611363889.530837,yfinance_marketcap_proxy,IT,Banks,FinecoBank Banca Fineco S.p.A.,19.78302,4.745417,0.694,0.01795,0.24597,,yfinance_generated_csv,0.042927284558403,0.11721132482424076,-0.11965645563005833,-0.06305391094146018,-0.20085207021602314
7.757181644439697,FBK.MI,2019-09-30,4775598135.604104,yfinance_marketcap_proxy,IT,Banks,FinecoBank Banca Fineco S.p.A.,19.78302,4.745417,0.694,0.01795,0.24597,,yfinance_generated_csv,0.03561511301377185,0.11166773014721425,-0.15050828025224927,-0.135016111319482,-0.172390326382045
8.067086219787598,FBK.MI,2019-10-31,4966386463.128632,yfinance_marketcap_proxy,IT,Banks,FinecoBank Banca Fineco S.p.A.,19.78302,4.745417,0.694,0.01795,0.24597,,yfinance_generated_csv,0.03995066630546651,0.09441066284632375,-0.13932676848015801,0.12029096736384504,-0.13932676848015801
8.993602752685547,FBK.MI,2019-11-30,5536783139.386098,yfinance_marketcap_proxy,IT,Banks,FinecoBank Banca Fineco S.p.A.,19.78302,4.745417,0.694,0.01795,0.24597,,yfinance_generated_csv,0.11485144792742075,0.09883638342677346,0.21388540148649038,0.21941542390843916,-0.04047720164773183
8.538331031799316,FBK.MI,2019-12-31,5256501604.014807,yfinance_marketcap_proxy,IT,Banks,FinecoBank Banca Fineco S.p.A.,19.78302,4.745417,0.694,0.01795,0.24597,,yfinance_generated_csv,-0.050621728956205425,0.09708219755653062,0.08970430152023989,0.24895108611838768,-0.08904990467322016
8.446478843688965,FBK.MI,2020-01-31,5199954115.713386,yfinance_marketcap_proxy,IT,Banks,FinecoBank Banca Fineco S.p.A.,19.78302,4.745417,0.694,0.01795,0.24597,,yfinance_generated_csv,-0.010757627898036137,0.09573404560729111,0.1760455595450765,0.14306004444199227,-0.09884956683242607
7.583060264587402,FBK.MI,2020-02-29,4668402793.905812,yfinance_marketcap_proxy,IT,Banks,FinecoBank Banca Fineco S.p.A.,19.78302,4.745417,0.694,0.01795,0.24597,,yfinance_generated_csv,-0.10222231003948956,0.09090470900124471,0.012369204803912792,-0.10876730603194396,-0.19096724580390212
6.621400356292725,FBK.MI,2020-03-31,4076370600.302462,yfinance_marketcap_proxy,IT,Banks,FinecoBank Banca Fineco S.p.A.,19.78302,4.745417,0.694,0.01795,0.24597,,yfinance_generated_csv,-0.1268168621559811,0.09346223619039445,-0.14641674517975145,-0.2748880929148646,-0.29356624107246243
8.09903335571289,FBK.MI,2020-04-30,4986054261.274377,yfinance_marketcap_proxy,IT,Banks,FinecoBank Banca Fineco S.p.A.,19.78302,4.745417,0.694,0.01795,0.24597,,yfinance_generated_csv,0.22316019571537926,0.11704104221257433,0.003960182779121801,-0.13591834517024204,-0.09946730154448191
8.390567779541016,FBK.MI,2020-05-31,5165533267.273414,yfinance_marketcap_proxy,IT,Banks,FinecoBank Banca Fineco S.p.A.,19.78302,4.745417,0.694,0.01795,0.24597,,yfinance_generated_csv,0.03599619991964631,0.09811051341133237,-0.06705154649669853,0.13249250804705537,-0.06705154649669853
9.596637725830078,FBK.MI,2020-06-30,5908033011.498781,yfinance_marketcap_proxy,IT,Banks,FinecoBank Banca Fineco S.p.A.,19.78302,4.745417,0.694,0.01795,0.24597,,yfinance_generated_csv,0.14374116007141513,0.10448116941284513,0.1239477235175479,0.22477066900095322,0.0
9.804305076599121,FBK.MI,2020-07-31,6035880451.279872,yfinance_marketcap_proxy,IT,Banks,FinecoBank Banca Fineco S.p.A.,19.78302,4.745417,0.694,0.01795,0.24597,,yfinance_generated_csv,0.021639594689512043,0.09912428610763331,0.1607564830313517,0.365102507582181,0.0
10.143759727478027,FBK.MI,2020-08-31,6244860860.939538,yfinance_marketcap_proxy,IT,Banks,FinecoBank Banca Fineco S.p.A.,19.78302,4.745417,0.694,0.01795,0.24597,,yfinance_generated_csv,0.03462302001282236,0.09905953455969313,0.33768681423369307,0.35423293640244324,0.0
9.388968467712402,FBK.MI,2020-09-30,5780184397.485735,yfinance_marketcap_proxy,IT,Banks,FinecoBank Banca Fineco S.p.A.,19.78302,4.745417,0.694,0.01795,0.24597,,yfinance_generated_csv,-0.07440941820822122,0.1034787176501255,0.4179732326243477,0.21035820715148001,-0.07440941820822122
9.384976387023926,FBK.MI,2020-10-31,5777726730.0019865,yfinance_marketcap_proxy,IT,Banks,FinecoBank Banca Fineco S.p.A.,19.78302,4.745417,0.694,0.01795,0.24597,,yfinance_generated_csv,-0.000425188422157885,0.10345445694684435,0.15877734722551273,0.1633663173208315,-0.07480296860725744
10.491204261779785,FBK.MI,2020-11-30,6458760128.2625675,yfinance_marketcap_proxy,IT,Banks,FinecoBank Banca Fineco S.p.A.,19.78302,4.745417,0.694,0.01795,0.24597,,yfinance_generated_csv,0.11787220650713381,0.10371648915463771,0.2503568932916336,0.16651852992362204,0.0
10.702866554260254,FBK.MI,2020-12-31,6589066996.87534,yfinance_marketcap_proxy,IT,Banks,FinecoBank Banca Fineco S.p.A.,19.78302,4.745417,0.694,0.01795,0.24597,,yfinance_generated_csv,0.02017521413166734,0.10146926094930135,0.11527254232518103,0.2535080350480152,0.0
10.283537864685059,FBK.MI,2021-01-31,6330913275.597455,yfinance_marketcap_proxy,IT,Banks,FinecoBank Banca Fineco S.p.A.,19.78302,4.745417,0.694,0.01795,0.24597,,yfinance_generated_csv,-0.03917910098657473,0.10266743267301758,0.048879832312620275,0.2174940652777111,-0.03917910098657473
11.637370109558105,FBK.MI,2021-02-28,7164380769.448237,yfinance_marketcap_proxy,IT,Banks,FinecoBank Banca Fineco S.p.A.,19.78302,4.745417,0.694,0.01795,0.24597,,yfinance_generated_csv,0.131650436132712,0.09925374913189398,0.147244258756849,0.5346535176443439,0.0
11.146156311035156,FBK.MI,2021-03-31,6861972007.099519,yfinance_marketcap_proxy,IT,Banks,FinecoBank Banca Fineco S.p.A.,19.78302,4.745417,0.694,0.01795,0.24597,,yfinance_generated_csv,-0.042210034904664684,0.08872084702837146,0.18715451536188699,0.6833533257722859,-0.042210034904664684
11.437689781188965,FBK.MI,2021-04-30,7041450425.982577,yfinance_marketcap_proxy,IT,Banks,FinecoBank Banca Fineco S.p.A.,19.78302,4.745417,0.694,0.01795,0.24597,,yfinance_generated_csv,0.026155516037863036,0.06943709758081021,0.21872334138242588,0.4122290005289402,-0.017158544111709362
10.970437049865723,FBK.MI,2021-05-31,6753792952.580152,yfinance_marketcap_proxy,IT,Banks,FinecoBank Banca Fineco S.p.A.,19.78302,4.745417,0.694,0.01795,0.24597,,yfinance_generated_csv,-0.04085201996750354,0.0724435311058879,0.04567948312967429,0.307472549904821,-0.05730960289254805
11.741203308105469,FBK.MI,2021-06-30,7228304195.780793,yfinance_marketcap_proxy,IT,Banks,FinecoBank Banca Fineco S.p.A.,19.78302,4.745417,0.694,0.01795,0.24597,,yfinance_generated_csv,0.07025848238645871,0.06411118501320259,0.09701482762409164,0.2234705157727408,0.0
12.072672843933105,FBK.MI,2021-07-31,7432368683.356984,yfinance_marketcap_proxy,IT,Banks,FinecoBank Banca Fineco S.p.A.,19.78302,4.745417,0.694,0.01795,0.24597,,yfinance_generated_csv,0.028231308761923035,0.06416617693238366,0.17398049219930023,0.23136446179628956,0.0
12.472034454345703,FBK.MI,2021-08-31,7678229957.404282,yfinance_marketcap_proxy,IT,Banks,FinecoBank Banca Fineco S.p.A.,19.78302,4.745417,0.694,0.01795,0.24597,,yfinance_generated_csv,0.03307980060217486,0.06413426617966979,0.07172276355652407,0.2295277874692463,0.0
12.515962600708008,FBK.MI,2021-09-30,7705273693.581162,yfinance_marketcap_proxy,IT,Banks,FinecoBank Banca Fineco S.p.A.,19.78302,4.745417,0.694,0.01795,0.24597,,yfinance_generated_csv,0.0035221315754943028,0.05738458194625163,0.1228949470515397,0.33304980666928263,0.0
13.190882682800293,FBK.MI,2021-10-31,8120778606.764679,yfinance_marketcap_proxy,IT,Banks,FinecoBank Banca Fineco S.p.A.,19.78302,4.745417,0.694,0.01795,0.24597,,yfinance_generated_csv,0.053924744234542965,0.057280761580815145,0.15328208188464099,0.40553179239093007,0.0
12.76960277557373,FBK.MI,2021-11-30,7861423646.195884,yfinance_marketcap_proxy,IT,Banks,FinecoBank Banca Fineco S.p.A.,19.78302,4.745417,0.694,0.01795,0.24597,,yfinance_generated_csv,-0.03193720370024011,0.05257205442949647,0.1640012806718607,0.2171722575352304,-0.03193720370024011
12.724262237548828,FBK.MI,2021-12-31,7833510391.255642,yfinance_marketcap_proxy,IT,Banks,FinecoBank Banca Fineco S.p.A.,19.78302,4.745417,0.694,0.01795,0.24597,,yfinance_generated_csv,-0.003550661584527215,0.05291695216081989,0.08372727255005552,0.18886488708802607,-0.03537446708247172
12.204906463623047,FBK.MI,2022-01-31,7513776423.513246,yfinance_marketcap_proxy,IT,Banks,FinecoBank Banca Fineco S.p.A.,19.78302,4.745417,0.694,0.01795,0.24597,,yfinance_generated_csv,-0.04081617969120299,0.053073337582388344,0.010953135349508925,0.18683925942804236,-0.0747467961687559
12.30383014678955,FBK.MI,2022-02-28,7574677376.791254,yfinance_marketcap_proxy,IT,Banks,FinecoBank Banca Fineco S.p.A.,19.78302,4.745417,0.694,0.01795,0.24597,,yfinance_generated_csv,0.008105238943153514,0.03850190672517376,-0.013486517229556183,0.05726895604051152,-0.06724739786878542
11.397015571594238,FBK.MI,2022-03-31,7016409929.522503,yfinance_marketcap_proxy,IT,Banks,FinecoBank Banca Fineco S.p.A.,19.78302,4.745417,0.694,0.01795,0.24597,,yfinance_generated_csv,-0.07370181190545189,0.042862821924636293,-0.08940159577102547,0.022506346901911112,-0.13599295470538098
10.984827041625977,FBK.MI,2022-04-30,6762651945.571618,yfinance_marketcap_proxy,IT,Banks,FinecoBank Banca Fineco S.p.A.,19.78302,4.745417,0.694,0.01795,0.24597,,yfinance_generated_csv,-0.03616635665529799,0.04353306156606463,-0.16724094165819636,-0.039593899487271544,-0.16724094165819636
11.204402923583984,FBK.MI,2022-05-31,6897830702.569519,yfinance_marketcap_proxy,IT,Banks,FinecoBank Banca Fineco S.p.A.,19.78302,4.745417,0.694,0.01795,0.24597,,yfinance_generated_csv,0.019989015860326642,0.04218123521275827,-0.12257232112057004,0.021326941912594544,-0.1505949076331713
9.71558666229248,FBK.MI,2022-06-30,5981262226.082033,yfinance_marketcap_proxy,IT,Banks,FinecoBank Banca Fineco S.p.A.,19.78302,4.745417,0.694,0.01795,0.24597,,yfinance_generated_csv,-0.13287778665632566,0.0521369130355901,-0.23645186802091023,-0.17252206546961124,-0.26346197628148726
10.285590171813965,FBK.MI,2022-07-31,6332176749.18203,yfinance_marketcap_proxy,IT,Banks,FinecoBank Banca Fineco S.p.A.,19.78302,4.745417,0.694,0.01795,0.24597,,yfinance_generated_csv,0.058668974847781996,0.05505552724812964,-0.1572577633044252,-0.14802709352115062,-0.2202500454935108
9.200881958007812,FBK.MI,2022-08-31,5664391622.964158,yfinance_marketcap_proxy,IT,Banks,FinecoBank Banca Fineco S.p.A.,19.78302,4.745417,0.694,0.01795,0.24597,,yfinance_generated_csv,-0.10545901554376758,0.0591584337106041,-0.25219367885953736,-0.26227898169396924,-0.30248170806606267
10.834324836730957,FBK.MI,2022-09-30,6669997411.741519,yfinance_marketcap_proxy,IT,Banks,FinecoBank Banca Fineco S.p.A.,19.78302,4.745417,0.694,0.01795,0.24597,,yfinance_generated_csv,0.1775311199706795,0.08290610452973357,-0.049371761522000845,-0.13435944302693292,-0.17865050449899555
11.604256629943848,FBK.MI,2022-10-31,7143994928.461445,yfinance_marketcap_proxy,IT,Banks,FinecoBank Banca Fineco S.p.A.,19.78302,4.745417,0.694,0.01795,0.24597,,yfinance_generated_csv,0.07106412303631848,0.08422319881606623,0.05638956225442615,-0.12028202289489398,-0.09125938888710061
13.13560962677002,FBK.MI,2022-11-30,8086750538.913964,yfinance_marketcap_proxy,IT,Banks,FinecoBank Banca Fineco S.p.A.,19.78302,4.745417,0.694,0.01795,0.24597,,yfinance_generated_csv,0.131964764798,0.09274618535927232,0.17236141152341689,0.028662352120803813,0.0
13.203670501708984,FBK.MI,2022-12-31,8128651244.91317,yfinance_marketcap_proxy,IT,Banks,FinecoBank Banca Fineco S.p.A.,19.78302,4.745417,0.694,0.01795,0.24597,,yfinance_generated_csv,0.005181402072139685,0.09269671981213935,0.3590193737815375,0.03767670417428537,0.0
13.994869232177734,FBK.MI,2023-01-31,8615741447.941645,yfinance_marketcap_proxy,IT,Banks,FinecoBank Banca Fineco S.p.A.,19.78302,4.745417,0.694,0.01795,0.24597,,yfinance_generated_csv,0.05992263517681273,0.09253839423900284,0.3606287046637793,0.146659277880556,0.0
13.909793853759766,FBK.MI,2023-02-28,8563366005.779621,yfinance_marketcap_proxy,IT,Banks,FinecoBank Banca Fineco S.p.A.,19.78302,4.745417,0.694,0.01795,0.24597,,yfinance_generated_csv,-0.006079040611709274,0.09272976490324464,0.511789186867422,0.13052551017125835,-0.006079040611709274
12.029632568359375,FBK.MI,2023-03-31,7405871552.155586,yfinance_marketcap_proxy,IT,Banks,FinecoBank Banca Fineco S.p.A.,19.78302,4.745417,0.694,0.01795,0.24597,,yfinance_generated_csv,-0.13516816317821922,0.09947702841688513,0.11032600089449396,0.05550725036665405,-0.14042551103655787
11.68082332611084,FBK.MI,2023-04-30,7191132121.868093,yfinance_marketcap_proxy,IT,Banks,FinecoBank Banca Fineco S.p.A.,19.78302,4.745417,0.694,0.01795,0.24597,,yfinance_generated_csv,-0.028995835098569955,0.09920190010238754,0.006598156056754068,0.06335978544290688,-0.16534959117347947
10.9862642288208,FBK.MI,2023-05-31,6763536729.350407,yfinance_marketcap_proxy,IT,Banks,FinecoBank Banca Fineco S.p.A.,19.78302,4.745417,0.694,0.01795,0.24597,,yfinance_generated_csv,-0.059461484682971744,0.10108227594355539,-0.16362738076266448,-0.01946901555137992,-0.21497914367355375
10.9021635055542,FBK.MI,2023-06-30,6711761319.71786,yfinance_marketcap_proxy,IT,Banks,FinecoBank Banca Fineco S.p.A.,19.78302,4.745417,0.694,0.01795,0.24597,,yfinance_generated_csv,-0.00765507924395048,0.09181593960639965,-0.17430812105292204,0.12213126026315901,-0.22098854053688655
12.495659828186035,FBK.MI,2023-07-31,7692774581.526332,yfinance_marketcap_proxy,IT,Banks,FinecoBank Banca Fineco S.p.A.,19.78302,4.745417,0.694,0.01795,0.24597,,yfinance_generated_csv,0.14616331169680374,0.09893078174473924,-0.10712564577199757,0.21487047602075537,-0.10712564577199757
11.2075834274292,FBK.MI,2023-08-31,6899788734.356022,yfinance_marketcap_proxy,IT,Banks,FinecoBank Banca Fineco S.p.A.,19.78302,4.745417,0.694,0.01795,0.24597,,yfinance_generated_csv,-0.1030819035143199,0.09865709471600982,-0.1942667486477644,0.21809881689384047,-0.1991648338049392
10.193944931030273,FBK.MI,2023-09-30,6275756665.047826,yfinance_marketcap_proxy,IT,Banks,FinecoBank Banca Fineco S.p.A.,19.78302,4.745417,0.694,0.01795,0.24597,,yfinance_generated_csv,-0.09044219951271282,0.08993494976538625,-0.15259714932252966,-0.05910658166069027,-0.2715941276827494
9.83983325958252,FBK.MI,2023-10-31,6057752869.922864,yfinance_marketcap_proxy,IT,Banks,FinecoBank Banca Fineco S.p.A.,19.78302,4.745417,0.694,0.01795,0.24597,,yfinance_generated_csv,-0.03473745187398858,0.08733555988909063,-0.15760790272489145,-0.152049668206094,-0.29689709161710054
10.946427345275879,FBK.MI,2023-11-30,6739011720.718983,yfinance_marketcap_proxy,IT,Banks,FinecoBank Banca Fineco S.p.A.,19.78302,4.745417,0.694,0.01795,0.24597,,yfinance_generated_csv,0.11246065421034479,0.08458758275924115,-0.0036260627557469505,-0.16666012036720745,-0.2178256785631636
12.026463508605957,FBK.MI,2023-12-31,7403920565.760819,yfinance_marketcap_proxy,IT,Banks,FinecoBank Banca Fineco S.p.A.,19.78302,4.745417,0.694,0.01795,0.24597,,yfinance_generated_csv,0.09866563119301075,0.09040124237359709,0.10312632006289157,-0.08915755607129539,-0.14065195543563325
11.889245986938477,FBK.MI,2024-01-31,7319444557.503729,yfinance_marketcap_proxy,IT,Banks,FinecoBank Banca Fineco S.p.A.,19.78302,4.745417,0.694,0.01795,0.24597,,yfinance_generated_csv,-0.01140963189796318,0.08813014356339864,-0.048529957568122284,-0.15045680029634712,-0.1452608060237458
11.313817024230957,FBK.MI,2024-02-29,6965189931.605108,yfinance_marketcap_proxy,IT,Banks,FinecoBank Banca Fineco S.p.A.,19.78302,4.745417,0.694,0.01795,0.24597,,yfinance_generated_csv,-0.04839911322717061,0.08880409421189679,0.009478724605499256,-0.18662942505270308,-0.09458026388404361
12.292046546936035,FBK.MI,2024-03-31,7567422971.767557,yfinance_marketcap_proxy,IT,Banks,FinecoBank Banca Fineco S.p.A.,19.78302,4.745417,0.694,0.01795,0.24597,,yfinance_generated_csv,0.08646326174535002,0.08412449616646943,0.20581841770786502,0.021813964565041477,-0.016294720250843886
12.783373832702637,FBK.MI,2024-04-30,7869901600.917653,yfinance_marketcap_proxy,IT,Banks,FinecoBank Banca Fineco S.p.A.,19.78302,4.745417,0.694,0.01795,0.24597,,yfinance_generated_csv,0.03997115402146534,0.08394915915395097,0.29914537121384144,0.09438979392207747,0.0
13.74704360961914,FBK.MI,2024-05-31,8463171141.444558,yfinance_marketcap_proxy,IT,Banks,FinecoBank Banca Fineco S.p.A.,19.78302,4.745417,0.694,0.01795,0.24597,,yfinance_generated_csv,0.07538461986077793,0.0827181243216116,0.2558475177338948,0.2512937358229428,0.0
12.890458106994629,FBK.MI,2024-06-30,7935826505.6190815,yfinance_marketcap_proxy,IT,Banks,FinecoBank Banca Fineco S.p.A.,19.78302,4.745417,0.694,0.01795,0.24597,,yfinance_generated_csv,-0.06231052486260669,0.08593838013241563,0.07184111919272107,0.18237614950715764,-0.06231052486260669
14.538806915283203,FBK.MI,2024-07-31,8950608917.131987,yfinance_marketcap_proxy,IT,Banks,FinecoBank Banca Fineco S.p.A.,19.78302,4.745417,0.694,0.01795,0.24597,,yfinance_generated_csv,0.12787356311209352,0.08357673576936564,0.2228535713076787,0.16350853938009013,0.0
14.302666664123535,FBK.MI,2024-08-31,8805232542.712866,yfinance_marketcap_proxy,IT,Banks,FinecoBank Banca Fineco S.p.A.,19.78302,4.745417,0.694,0.01795,0.24597,,yfinance_generated_csv,-0.01624206529020189,0.07573218726365849,0.2641769469570985,0.2761597320899254,-0.01624206529020189
14.237844467163086,FBK.MI,2024-09-30,8765325682.57482,yfinance_marketcap_proxy,IT,Banks,FinecoBank Banca Fineco S.p.A.,19.78302,4.745417,0.694,0.01795,0.24597,,yfinance_generated_csv,-0.0045321756063188,0.06765188461438922,0.1582973114198032,0.3966962312915012,-0.02070062900441616
13.598876953125,FBK.MI,2024-10-31,8371954454.644487,yfinance_marketcap_proxy,IT,Banks,FinecoBank Banca Fineco S.p.A.,19.78302,4.745417,0.694,0.01795,0.24597,,yfinance_generated_csv,-0.04487810746294807,0.0685944367213072,0.06379404460003579,0.38202310896698743,-0.06464973141435337
14.066526412963867,FBK.MI,2024-11-30,8659856168.293745,yfinance_marketcap_proxy,IT,Banks,FinecoBank Banca Fineco S.p.A.,19.78302,4.745417,0.694,0.01795,0.24597,,yfinance_generated_csv,0.03438882941957955,0.06351682929780367,0.023240109831409672,0.2850335519775338,-0.03248413058040367
15.548188209533691,FBK.MI,2024-12-31,9572020100.714561,yfinance_marketcap_proxy,IT,Banks,FinecoBank Banca Fineco S.p.A.,19.78302,4.745417,0.694,0.01795,0.24597,,yfinance_generated_csv,0.10533245757135234,0.06426439988290124,0.20617809549351263,0.2928312798195114,0.0
17.029850006103516,FBK.MI,2025-01-31,10484184033.135376,yfinance_marketcap_proxy,IT,Banks,FinecoBank Banca Fineco S.p.A.,19.78302,4.745417,0.694,0.01795,0.24597,,yfinance_generated_csv,0.09529481998817801,0.06634784351686543,0.17133751795009577,0.4323742670319468,0.0
16.63165283203125,FBK.MI,2025-02-28,10239039627.69717,yfinance_marketcap_proxy,IT,Banks,FinecoBank Banca Fineco S.p.A.,19.78302,4.745417,0.694,0.01795,0.24597,,yfinance_generated_csv,-0.023382306592809154,0.06392844388854727,0.16283579996656772,0.4700302114141506,-0.023382306592809154
16.849271774291992,FBK.MI,2025-03-31,10373013622.708294,yfinance_marketcap_proxy,IT,Banks,FinecoBank Banca Fineco S.p.A.,19.78302,4.745417,0.694,0.01795,0.24597,,yfinance_generated_csv,0.013084625109635928,0.061980390644447214,0.18341451286054378,0.370745848541544,-0.010603630199138792
16.265869140625,FBK.MI,2025-04-30,10013850120.117933,yfinance_marketcap_proxy,IT,Banks,FinecoBank Banca Fineco S.p.A.,19.78302,4.745417,0.694,0.01795,0.24597,,yfinance_generated_csv,-0.034624798120778566,0.06440048252341828,0.19611856160571617,0.27242380247172204,-0.04486127976492482
18.315885543823242,FBK.MI,2025-05-31,11275913452.112848,yfinance_marketcap_proxy,IT,Banks,FinecoBank Banca Fineco S.p.A.,19.78302,4.745417,0.694,0.01795,0.24597,,yfinance_generated_csv,0.126031777673546,0.06965424431854783,0.30209015403711303,0.3323508722273327,0.0
18.137733459472656,FBK.MI,2025-06-30,11166236664.7337,yfinance_marketcap_proxy,IT,Banks,FinecoBank Banca Fineco S.p.A.,19.78302,4.745417,0.694,0.01795,0.24597,,yfinance_generated_csv,-0.009726643242246369,0.06507387493972741,0.16654964649521875,0.40706663090823336,-0.009726643242246369
18.02699089050293,FBK.MI,2025-07-31,11098059583.14081,yfinance_marketcap_proxy,IT,Banks,FinecoBank Banca Fineco S.p.A.,19.78302,4.745417,0.694,0.01795,0.24597,,yfinance_generated_csv,-0.006105645405870108,0.057998196197275906,0.05855253475761901,0.23992229868277182,-0.015772901213489954
18.05588150024414,FBK.MI,2025-08-31,11115845674.577187,yfinance_marketcap_proxy,IT,Banks,FinecoBank Banca Fineco S.p.A.,19.78302,4.745417,0.694,0.01795,0.24597,,yfinance_generated_csv,0.0016026307394669814,0.05722052807280273,0.08563362178111,0.2624136410544391,-0.014195548610358322
17.72365379333496,FBK.MI,2025-09-30,10911314429.798515,yfinance_marketcap_proxy,IT,Banks,FinecoBank Banca Fineco S.p.A.,19.78302,4.745417,0.694,0.01795,0.24597,,yfinance_generated_csv,-0.01839997160507989,0.05791972397008937,0.05189435073253845,0.24482704065290495,-0.032334322524089076
19.07663917541504,FBK.MI,2025-10-31,11744260564.660868,yfinance_marketcap_proxy,IT,Banks,FinecoBank Banca Fineco S.p.A.,19.78302,4.745417,0.694,0.01795,0.24597,,yfinance_generated_csv,0.07633783630939983,0.056140980282078444,0.17280171200750472,0.4028098968151379,0.0
20.367033004760742,FBK.MI,2025-11-30,12538673103.657625,yfinance_marketcap_proxy,IT,Banks,FinecoBank Banca Fineco S.p.A.,19.78302,4.745417,0.694,0.01795,0.24597,,yfinance_generated_csv,0.0676426186751331,0.05718898671697927,0.11198734868864801,0.44790777814132277,0.0
21.378164291381836,FBK.MI,2025-12-31,13161161645.05976,yfinance_marketcap_proxy,IT,Banks,FinecoBank Banca Fineco S.p.A.,19.78302,4.745417,0.694,0.01795,0.24597,,yfinance_generated_csv,0.049645487704799374,0.052860036353197935,0.17865687789213958,0.37496176424423355,0.0
21.522611618041992,FBK.MI,2026-01-31,13250088579.545778,yfinance_marketcap_proxy,IT,Banks,FinecoBank Banca Fineco S.p.A.,19.78302,4.745417,0.694,0.01795,0.24597,,yfinance_generated_csv,0.00675676941627712,0.048641654707548276,0.19391038408859695,0.26381686335042676,0.0
19.249977111816406,FBK.MI,2026-02-28,11850973590.583265,yfinance_marketcap_proxy,IT,Banks,FinecoBank Banca Fineco S.p.A.,19.78302,4.745417,0.694,0.01795,0.24597,,yfinance_generated_csv,-0.10559287815798712,0.059905894541086045,0.06613333231922902,0.15743019086728838,-0.10559287815798712
18.234031677246094,FBK.MI,2026-03-31,11225521287.724379,yfinance_marketcap_proxy,IT,Banks,FinecoBank Banca Fineco S.p.A.,19.78302,4.745417,0.694,0.01795,0.24597,,yfinance_generated_csv,-0.05277644896246059,0.06292698664226584,0.028796425943676596,0.08218514850397973,-0.1527965099755434
20.299625396728516,FBK.MI,2026-04-30,12497174572.103323,yfinance_marketcap_proxy,IT,Banks,FinecoBank Banca Fineco S.p.A.,19.78302,4.745417,0.694,0.01795,0.24597,,yfinance_generated_csv,0.11328233689864864,0.06801351368182294,0.0641091027653129,0.24798897748592874,-0.05682331879688196
20.84000015258789,FBK.MI,2026-05-31,12829848576.0,yfinance_marketcap_proxy,IT,Banks,FinecoBank Banca Fineco S.p.A.,19.78302,4.745417,0.694,0.01795,0.24597,,yfinance_generated_csv,0.026619937328816956,0.059548190223935996,0.02322219184878782,0.13781013223332073,-0.031716014653253355
1.2204208374023438,ISP.MI,2015-01-31,21354052127.917896,yfinance_marketcap_proxy,IT,Banks,Intesa Sanpaolo S.p.A.,10.403704,1.4237202,0.849,0.00997,0.14007,,yfinance_generated_csv,,,,,
1.4017456769943237,ISP.MI,2015-02-28,24526744659.926,yfinance_marketcap_proxy,IT,Banks,Intesa Sanpaolo S.p.A.,10.403704,1.4237202,0.849,0.00997,0.14007,,yfinance_generated_csv,0.1485756667166782,,,,
1.4872409105300903,ISP.MI,2015-03-31,26022679191.40876,yfinance_marketcap_proxy,IT,Banks,Intesa Sanpaolo S.p.A.,10.403704,1.4237202,0.849,0.00997,0.14007,,yfinance_generated_csv,0.06099197232345932,,,,
1.4167778491973877,ISP.MI,2015-04-30,24789766872.414036,yfinance_marketcap_proxy,IT,Banks,Intesa Sanpaolo S.p.A.,10.403704,1.4237202,0.849,0.00997,0.14007,,yfinance_generated_csv,-0.04737837752700591,,,,-0.04737837752700591
1.5748978853225708,ISP.MI,2015-05-31,27556438327.378933,yfinance_marketcap_proxy,IT,Banks,Intesa Sanpaolo S.p.A.,10.403704,1.4237202,0.849,0.00997,0.14007,,yfinance_generated_csv,0.11160538415726862,0.08515543603464015,,,0.0
1.5605021715164185,ISP.MI,2015-06-30,27304552409.32998,yfinance_marketcap_proxy,IT,Banks,Intesa Sanpaolo S.p.A.,10.403704,1.4237202,0.849,0.00997,0.14007,,yfinance_generated_csv,-0.009140728386465402,0.08150220179063085,,,-0.009140728386465402
1.6804674863815308,ISP.MI,2015-07-31,29403619803.675972,yfinance_marketcap_proxy,IT,Banks,Intesa Sanpaolo S.p.A.,10.403704,1.4237202,0.849,0.00997,0.14007,,yfinance_generated_csv,0.07687609607651869,0.0735503237027956,0.37695738623931785,,0.0
1.5614620447158813,ISP.MI,2015-08-31,27321347584.98525,yfinance_marketcap_proxy,IT,Banks,Intesa Sanpaolo S.p.A.,10.403704,1.4237202,0.849,0.00997,0.14007,,yfinance_generated_csv,-0.07081686651486374,0.08269861440899112,0.11394104532858451,,-0.07081686651486374
1.5144357681274414,ISP.MI,2015-09-30,26498515385.734318,yfinance_marketcap_proxy,IT,Banks,Intesa Sanpaolo S.p.A.,10.403704,1.4237202,0.849,0.00997,0.14007,,yfinance_generated_csv,-0.03011682336280974,0.08033406739970927,0.018285442126291462,,-0.09880091081773767
1.5201942920684814,ISP.MI,2015-10-31,26599273924.631905,yfinance_marketcap_proxy,IT,Banks,Intesa Sanpaolo S.p.A.,10.403704,1.4237202,0.849,0.00997,0.14007,,yfinance_generated_csv,0.00380242203877712,0.07565420454407383,0.07299411331824524,,-0.09537417153970518
1.5585829019546509,ISP.MI,2015-11-30,27270970401.375454,yfinance_marketcap_proxy,IT,Banks,Intesa Sanpaolo S.p.A.,10.403704,1.4237202,0.849,0.00997,0.14007,,yfinance_generated_csv,0.02525243653818432,0.07133000655786102,-0.010359391246866911,,-0.0725301652157091
1.481805443763733,ISP.MI,2015-12-31,25927573276.21035,yfinance_marketcap_proxy,IT,Banks,Intesa Sanpaolo S.p.A.,10.403704,1.4237202,0.849,0.00997,0.14007,,yfinance_generated_csv,-0.049261067919216694,0.07146603314167874,-0.050430386569864205,,-0.11821831974004282
1.2562718391418457,ISP.MI,2016-01-31,21981347349.796356,yfinance_marketcap_proxy,IT,Banks,Intesa Sanpaolo S.p.A.,10.403704,1.4237202,0.849,0.00997,0.14007,,yfinance_generated_csv,-0.15220190043912907,0.0843518100546019,-0.25242716724801684,0.0293759338096935,-0.25242716724801684
1.1238305568695068,ISP.MI,2016-02-29,19663984388.711945,yfinance_marketcap_proxy,IT,Banks,Intesa Sanpaolo S.p.A.,10.403704,1.4237202,0.849,0.00997,0.14007,,yfinance_generated_csv,-0.10542406360299295,0.07676251470307831,-0.2802703333887341,-0.19826358282105283,-0.33123933311593146
1.1679774522781372,ISP.MI,2016-03-31,20436435232.67508,yfinance_marketcap_proxy,IT,Banks,Intesa Sanpaolo S.p.A.,10.403704,1.4237202,0.849,0.00997,0.14007,,yfinance_generated_csv,0.039282519182966436,0.07503261704444898,-0.2287705580789936,-0.21466828675265504,-0.30496872939024455
1.1612595319747925,ISP.MI,2016-04-30,20318889861.478233,yfinance_marketcap_proxy,IT,Banks,Intesa Sanpaolo S.p.A.,10.403704,1.4237202,0.849,0.00997,0.14007,,yfinance_generated_csv,-0.005751755130410596,0.07447546070706486,-0.23611110893285725,-0.18035171665575356,-0.30896637906677005
1.1788363456726074,ISP.MI,2016-05-31,20626436393.332558,yfinance_marketcap_proxy,IT,Banks,Intesa Sanpaolo S.p.A.,10.403704,1.4237202,0.849,0.00997,0.14007,,yfinance_generated_csv,0.015135990890791318,0.06420355178343123,-0.24364860913448716,-0.251483949112575,-0.2985069004750942
0.8693151473999023,ISP.MI,2016-06-30,15210655541.311634,yfinance_marketcap_proxy,IT,Banks,Intesa Sanpaolo S.p.A.,10.403704,1.4237202,0.849,0.00997,0.14007,,yfinance_generated_csv,-0.262565028138916,0.09427539457591054,-0.4133405629878961,-0.44292602518127544,-0.4826944558911065
1.0061990022659302,ISP.MI,2016-07-31,17605751464.53525,yfinance_marketcap_proxy,IT,Banks,Intesa Sanpaolo S.p.A.,10.403704,1.4237202,0.849,0.00997,0.14007,,yfinance_generated_csv,0.1574617160133971,0.10576000035619655,-0.19905949419891422,-0.4012386372124761,-0.35560457222063635
1.0879207849502563,ISP.MI,2016-08-31,19035660848.204815,yfinance_marketcap_proxy,IT,Banks,Intesa Sanpaolo S.p.A.,10.403704,1.4237202,0.849,0.00997,0.14007,,yfinance_generated_csv,0.08121831019538983,0.11025581603287692,-0.03195301257805194,-0.3032678644787611,-0.30198080346841194
1.0082422494888306,ISP.MI,2016-09-30,17641502745.053295,yfinance_marketcap_proxy,IT,Banks,Intesa Sanpaolo S.p.A.,10.403704,1.4237202,0.849,0.00997,0.14007,,yfinance_generated_csv,-0.07323928043627637,0.11118643518682553,-0.13676223156341205,-0.33424561760351534,-0.35310322715309317
1.0777055025100708,ISP.MI,2016-10-31,18856921132.32662,yfinance_marketcap_proxy,IT,Banks,Intesa Sanpaolo S.p.A.,10.403704,1.4237202,0.849,0.00997,0.14007,,yfinance_generated_csv,0.06889539994625049,0.11437797978318087,-0.07195121087413847,-0.291073839618441,-0.30853501526386684
1.0705548524856567,ISP.MI,2016-11-30,18731804165.54748,yfinance_marketcap_proxy,IT,Banks,Intesa Sanpaolo S.p.A.,10.403704,1.4237202,0.849,0.00997,0.14007,,yfinance_generated_csv,-0.006635068678557898,0.11355375060627089,-0.09185455944282805,-0.313122932926409,-0.2775334596109421
1.239106297492981,ISP.MI,2016-12-31,21680996962.503716,yfinance_marketcap_proxy,IT,Banks,Intesa Sanpaolo S.p.A.,10.403704,1.4237202,0.849,0.00997,0.14007,,yfinance_generated_csv,0.1574430722685296,0.12458551973428716,0.4253821542154348,-0.16378610788087322,-0.013663875217158727
1.1083513498306274,ISP.MI,2017-01-31,19393140279.961212,yfinance_marketcap_proxy,IT,Banks,Intesa Sanpaolo S.p.A.,10.403704,1.4237202,0.849,0.00997,0.14007,,yfinance_generated_csv,-0.10552359222683572,0.12030163594107508,0.10152300621910104,-0.11774560624734065,-0.10552359222683572
1.1236742734909058,ISP.MI,2017-02-28,19661249853.778507,yfinance_marketcap_proxy,IT,Banks,Intesa Sanpaolo S.p.A.,10.403704,1.4237202,0.849,0.00997,0.14007,,yfinance_generated_csv,0.013824969548347443,0.11594601217135474,0.032864055026105676,-0.00013906311556111106,-0.09315748312765637
1.3003973960876465,ISP.MI,2017-03-31,22753424828.577885,yfinance_marketcap_proxy,IT,Banks,Intesa Sanpaolo S.p.A.,10.403704,1.4237202,0.849,0.00997,0.14007,,yfinance_generated_csv,0.1572725537692672,0.12370983661415595,0.2897668162060614,0.11337542822528346,0.0
1.3657751083374023,ISP.MI,2017-04-30,23897357341.52714,yfinance_marketcap_proxy,IT,Banks,Intesa Sanpaolo S.p.A.,10.403704,1.4237202,0.849,0.00997,0.14007,,yfinance_generated_csv,0.05027517930015102,0.1238524483176229,0.2672990025163573,0.17611530474571757,0.0
1.3897687196731567,ISP.MI,2017-05-31,24317180415.255756,yfinance_marketcap_proxy,IT,Banks,Intesa Sanpaolo S.p.A.,10.403704,1.4237202,0.849,0.00997,0.14007,,yfinance_generated_csv,0.01756776147792194,0.12384373782801783,0.29817609667205436,0.17893270323303256,0.0
1.5141277313232422,ISP.MI,2017-06-30,26493125577.749565,yfinance_marketcap_proxy,IT,Banks,Intesa Sanpaolo S.p.A.,10.403704,1.4237202,0.849,0.00997,0.14007,,yfinance_generated_csv,0.08948180361933322,0.08656478072106426,0.22195144547864687,0.7417477837030177,0.0
1.5883070230484009,ISP.MI,2017-07-31,27791061841.83586,yfinance_marketcap_proxy,IT,Banks,Intesa Sanpaolo S.p.A.,10.403704,1.4237202,0.849,0.00997,0.14007,,yfinance_generated_csv,0.04899143592088562,0.07979860356390014,0.43303567347224137,0.5785217630623571,0.0
1.54685378074646,ISP.MI,2017-08-31,27065742615.99325,yfinance_marketcap_proxy,IT,Banks,Intesa Sanpaolo S.p.A.,10.403704,1.4237202,0.849,0.00997,0.14007,,yfinance_generated_csv,-0.026099010896760144,0.08096376676205563,0.37660336027883545,0.4218441288601611,-0.026099010896760144
1.6319416761398315,ISP.MI,2017-09-30,28554549835.601444,yfinance_marketcap_proxy,IT,Banks,Intesa Sanpaolo S.p.A.,10.403704,1.4237202,0.849,0.00997,0.14007,,yfinance_generated_csv,0.05500707077323819,0.07386315461253287,0.25495612421992186,0.6186007648134273,0.0
1.5741254091262817,ISP.MI,2017-10-31,27542922090.63699,yfinance_marketcap_proxy,IT,Banks,Intesa Sanpaolo S.p.A.,10.403704,1.4237202,0.849,0.00997,0.14007,,yfinance_generated_csv,-0.03542790030971421,0.07667233082371108,0.15255095770672678,0.4606266790510074,-0.03542790030971421
1.5392175912857056,ISP.MI,2017-11-30,26932130026.953323,yfinance_marketcap_proxy,IT,Banks,Intesa Sanpaolo S.p.A.,10.403704,1.4237202,0.849,0.00997,0.14007,,yfinance_generated_csv,-0.02217600811103848,0.07755977214822955,0.10753506644450583,0.43777554948435293,-0.05681825901612736
1.5108551979064941,ISP.MI,2017-12-31,26435865125.4286,yfinance_marketcap_proxy,IT,Banks,Intesa Sanpaolo S.p.A.,10.403704,1.4237202,0.849,0.00997,0.14007,,yfinance_generated_csv,-0.01842650028156212,0.06801585799069619,-0.0021613324616200913,0.21931040215301012,-0.0741977976319309
1.723847508430481,ISP.MI,2018-01-31,30162652445.33032,yfinance_marketcap_proxy,IT,Banks,Intesa Sanpaolo S.p.A.,10.403704,1.4237202,0.849,0.00997,0.14007,,yfinance_generated_csv,0.14097466839914108,0.06419343056604383,0.08533645158978165,0.5553258528479352,0.0
1.6886674165725708,ISP.MI,2018-02-28,29547096325.362915,yfinance_marketcap_proxy,IT,Banks,Intesa Sanpaolo S.p.A.,10.403704,1.4237202,0.849,0.00997,0.14007,,yfinance_generated_csv,-0.020407890887019775,0.06615770000715174,0.09167875955132376,0.5028086487433832,-0.020407890887019775
1.6109426021575928,ISP.MI,2018-03-31,28187123037.637897,yfinance_marketcap_proxy,IT,Banks,Intesa Sanpaolo S.p.A.,10.403704,1.4237202,0.849,0.00997,0.14007,,yfinance_generated_csv,-0.046027307480553725,0.05791294794067079,-0.012867539501723924,0.23880792671859186,-0.06549587809868707
1.7219387292861938,ISP.MI,2018-04-30,30129253991.20809,yfinance_marketcap_proxy,IT,Banks,Intesa Sanpaolo S.p.A.,10.403704,1.4237202,0.849,0.00997,0.14007,,yfinance_generated_csv,0.06890135438713951,0.05905182917202468,0.0939018703992307,0.2607776483658131,-0.0011072784193220109
1.471036434173584,ISP.MI,2018-05-31,25739144838.161423,yfinance_marketcap_proxy,IT,Banks,Intesa Sanpaolo S.p.A.,10.403704,1.4237202,0.849,0.00997,0.14007,,yfinance_generated_csv,-0.14570918862869064,0.0762332819013252,-0.044295983555625806,0.05847571135400109,-0.1466551264079472
1.4546557664871216,ISP.MI,2018-06-30,25452527614.867077,yfinance_marketcap_proxy,IT,Banks,Intesa Sanpaolo S.p.A.,10.403704,1.4237202,0.849,0.00997,0.14007,,yfinance_generated_csv,-0.011135460214256931,0.07179128320687891,-0.037197099693766056,-0.039278036856339904,-0.15615751429687164
1.54094660282135,ISP.MI,2018-07-31,26962383035.85844,yfinance_marketcap_proxy,IT,Banks,Intesa Sanpaolo S.p.A.,10.403704,1.4237202,0.849,0.00997,0.14007,,yfinance_generated_csv,0.05932045114880613,0.07250303647993787,-0.10610039734643206,-0.029818177178460803,-0.10610039734643206
1.2446331977844238,ISP.MI,2018-08-31,21777702716.217724,yfinance_marketcap_proxy,IT,Banks,Intesa Sanpaolo S.p.A.,10.403704,1.4237202,0.849,0.00997,0.14007,,yfinance_generated_csv,-0.1922931037937331,0.09134548254365071,-0.26294947982675454,-0.19537760241061353,-0.27799112642067136
1.2876324653625488,ISP.MI,2018-09-30,22530073188.095257,yfinance_marketcap_proxy,IT,Banks,Intesa Sanpaolo S.p.A.,10.403704,1.4237202,0.849,0.00997,0.14007,,yfinance_generated_csv,0.034547742784515334,0.0901241774948624,-0.20069624849577083,-0.21098132109212764,-0.25304734956811503
1.1425470113754272,ISP.MI,2018-10-31,19991471541.438644,yfinance_marketcap_proxy,IT,Banks,Intesa Sanpaolo S.p.A.,10.403704,1.4237202,0.849,0.00997,0.14007,,yfinance_generated_csv,-0.11267613848666902,0.09432579500133652,-0.33647638447097683,-0.27417027591874144,-0.33721108985116266
1.1981241703033447,ISP.MI,2018-11-30,20963920972.40249,yfinance_marketcap_proxy,IT,Banks,Intesa Sanpaolo S.p.A.,10.403704,1.4237202,0.849,0.00997,0.14007,,yfinance_generated_csv,0.048643214129992174,0.09651022938950332,-0.18552379637256167,-0.22160182089489122,-0.3049709069718086
1.1348247528076172,ISP.MI,2018-12-31,19856352976.63827,yfinance_marketcap_proxy,IT,Banks,Intesa Sanpaolo S.p.A.,10.403704,1.4237202,0.849,0.00997,0.14007,,yfinance_generated_csv,-0.05283210126685045,0.0970919983422455,-0.21986714729895918,-0.24888582679526194,-0.3416907543980813
1.1670011281967163,ISP.MI,2019-01-31,20419352211.237343,yfinance_marketcap_proxy,IT,Banks,Intesa Sanpaolo S.p.A.,10.403704,1.4237202,0.849,0.00997,0.14007,,yfinance_generated_csv,0.028353607294424155,0.08489346614978849,-0.24267257148298937,-0.3230253125699959,-0.3222748821727933
1.2689117193222046,ISP.MI,2019-02-28,22202510945.164433,yfinance_marketcap_proxy,IT,Banks,Intesa Sanpaolo S.p.A.,10.403704,1.4237202,0.849,0.00997,0.14007,,yfinance_generated_csv,0.08732690026012535,0.09127718031077607,0.0195065675421473,-0.24857215407302025,-0.26309124840451514
1.2700817584991455,ISP.MI,2019-03-31,22222983454.982674,yfinance_marketcap_proxy,IT,Banks,Intesa Sanpaolo S.p.A.,10.403704,1.4237202,0.849,0.00997,0.14007,,yfinance_generated_csv,0.0009220808344065912,0.091041024784386,-0.013630214626859205,-0.2115909301808272,-0.26241175896796254
1.3671952486038208,ISP.MI,2019-04-30,23922205941.574486,yfinance_marketcap_proxy,IT,Banks,Intesa Sanpaolo S.p.A.,10.403704,1.4237202,0.849,0.00997,0.14007,,yfinance_generated_csv,0.07646239264111165,0.09170242079623603,0.1966205635232079,-0.20601399727470393,-0.11275624599801481
1.179903507232666,ISP.MI,2019-05-31,20645108824.090874,yfinance_marketcap_proxy,IT,Banks,Intesa Sanpaolo S.p.A.,10.403704,1.4237202,0.849,0.00997,0.14007,,yfinance_generated_csv,-0.13698975443515993,0.0905998164628435,-0.015207658373226463,-0.1979100722304502,-0.23429954998287617
1.21091628074646,ISP.MI,2019-06-30,21187748184.17789,yfinance_marketcap_proxy,IT,Banks,Intesa Sanpaolo S.p.A.,10.403704,1.4237202,0.849,0.00997,0.14007,,yfinance_generated_csv,0.026284160801022693,0.09135553603192607,0.06705134669523938,-0.16755818892415564,-0.21417375622921064
1.2613604068756104,ISP.MI,2019-07-31,22070383473.494915,yfinance_marketcap_proxy,IT,Banks,Intesa Sanpaolo S.p.A.,10.403704,1.4237202,0.849,0.00997,0.14007,,yfinance_generated_csv,0.041657814773168766,0.09025384227110379,0.08085620176280428,-0.18143795212231217,-0.0774101883665036
1.2824645042419434,ISP.MI,2019-08-31,22439647895.62044,yfinance_marketcap_proxy,IT,Banks,Intesa Sanpaolo S.p.A.,10.403704,1.4237202,0.849,0.00997,0.14007,,yfinance_generated_csv,0.01673121912761455,0.07039625174508131,0.01068063657492102,0.030395546675810348,-0.061974136063158825
1.3997598886489868,ISP.MI,2019-09-30,24491998753.807587,yfinance_marketcap_proxy,IT,Banks,Intesa Sanpaolo S.p.A.,10.403704,1.4237202,0.849,0.00997,0.14007,,yfinance_generated_csv,0.09146092076550372,0.0743818967693022,0.10210219088815342,0.08708030148561607,0.0
1.4451210498809814,ISP.MI,2019-10-31,25285695953.859215,yfinance_marketcap_proxy,IT,Banks,Intesa Sanpaolo S.p.A.,10.403704,1.4237202,0.849,0.00997,0.14007,,yfinance_generated_csv,0.0324063874096121,0.06372557756185405,0.0569968344731584,0.2648241477095177,0.0
1.4801874160766602,ISP.MI,2019-11-30,25899262183.417385,yfinance_marketcap_proxy,IT,Banks,Intesa Sanpaolo S.p.A.,10.403704,1.4237202,0.849,0.00997,0.14007,,yfinance_generated_csv,0.024265348704571643,0.0631748450495722,0.25449870010834785,0.23542071244744345,0.0
1.511071801185608,ISP.MI,2019-12-31,26439655094.897755,yfinance_marketcap_proxy,IT,Banks,Intesa Sanpaolo S.p.A.,10.403704,1.4237202,0.849,0.00997,0.14007,,yfinance_generated_csv,0.020865185566034006,0.05892508921450949,0.24787470877352424,0.33154638850371865,0.0
1.444799542427063,ISP.MI,2020-01-31,25280070446.06708,yfinance_marketcap_proxy,IT,Banks,Intesa Sanpaolo S.p.A.,10.403704,1.4237202,0.849,0.00997,0.14007,,yfinance_generated_csv,-0.043857782738415785,0.06223615817480611,0.14542959692688573,0.23804468352109365,-0.043857782738415785
1.4145586490631104,ISP.MI,2020-02-29,24750936893.526993,yfinance_marketcap_proxy,IT,Banks,Intesa Sanpaolo S.p.A.,10.403704,1.4237202,0.849,0.00997,0.14007,,yfinance_generated_csv,-0.02093085751754331,0.059335742314171866,0.10300023461409324,0.1147809792620591,-0.06387065925442592
0.9576662182807922,ISP.MI,2020-03-31,16756559474.879025,yfinance_marketcap_proxy,IT,Banks,Intesa Sanpaolo S.p.A.,10.403704,1.4237202,0.849,0.00997,0.14007,,yfinance_generated_csv,-0.3229929215624441,0.11333270922247571,-0.3158353614453778,-0.24598065292074933,-0.3662338099821636
0.9155864715576172,ISP.MI,2020-04-30,16020278122.154118,yfinance_marketcap_proxy,IT,Banks,Intesa Sanpaolo S.p.A.,10.403704,1.4237202,0.849,0.00997,0.14007,,yfinance_generated_csv,-0.04393988836602891,0.10965138244311251,-0.36642921945326046,-0.3303176905474081,-0.3940814256217108
0.9988450407981873,ISP.MI,2020-05-31,17477077099.33584,yfinance_marketcap_proxy,IT,Banks,Intesa Sanpaolo S.p.A.,10.403704,1.4237202,0.849,0.00997,0.14007,,yfinance_generated_csv,0.09093468703062935,0.10845989483227017,-0.3251901550104408,-0.15345192664028218,-0.33898240969457605
1.0961300134658813,ISP.MI,2020-06-30,19179300065.334026,yfinance_marketcap_proxy,IT,Banks,Intesa Sanpaolo S.p.A.,10.403704,1.4237202,0.849,0.00997,0.14007,,yfinance_generated_csv,0.0973974627635461,0.11233292023196624,-0.2746009735567545,-0.09479290113253702,-0.2746009735567545
1.0984466075897217,ISP.MI,2020-07-31,19219834174.686836,yfinance_marketcap_proxy,IT,Banks,Intesa Sanpaolo S.p.A.,10.403704,1.4237202,0.849,0.00997,0.14007,,yfinance_generated_csv,0.0021134300633876,0.11153427799054448,-0.23972386802913603,-0.12915721660348145,-0.2730678934463172
1.1615016460418701,ISP.MI,2020-08-31,20323126200.494114,yfinance_marketcap_proxy,IT,Banks,Intesa Sanpaolo S.p.A.,10.403704,1.4237202,0.849,0.00997,0.14007,,yfinance_generated_csv,0.05740382647319353,0.1128525974555569,-0.1788946702131048,-0.09432062860217216,-0.23133920894391657
1.0314021110534668,ISP.MI,2020-09-30,18046737460.792225,yfinance_marketcap_proxy,IT,Banks,Intesa Sanpaolo S.p.A.,10.403704,1.4237202,0.849,0.00997,0.14007,,yfinance_generated_csv,-0.11200977237677845,0.11294385079859326,0.0769953991956045,-0.26315783198434817,-0.31743672918506294
0.9133989214897156,ISP.MI,2020-10-31,15982001933.522472,yfinance_marketcap_proxy,IT,Banks,Intesa Sanpaolo S.p.A.,10.403704,1.4237202,0.849,0.00997,0.14007,,yfinance_generated_csv,-0.11441045960553986,0.11489915606554932,-0.0023892337161558475,-0.36794296812371385,-0.39552910670886055
1.2388405799865723,ISP.MI,2020-11-30,21676347627.36517,yfinance_marketcap_proxy,IT,Banks,Intesa Sanpaolo S.p.A.,10.403704,1.4237202,0.849,0.00997,0.14007,,yfinance_generated_csv,0.35629739738040733,0.16028368743120036,0.24027304475236932,-0.16305153892592494,-0.18015770063701753
1.230604887008667,ISP.MI,2020-12-31,21532245353.977207,yfinance_marketcap_proxy,IT,Banks,Intesa Sanpaolo S.p.A.,10.403704,1.4237202,0.849,0.00997,0.14007,,yfinance_generated_csv,-0.006647903782740605,0.16011169571084247,0.12268149935753159,-0.18560793336020343,-0.14825216172105005
1.1615016460418701,ISP.MI,2021-01-31,20323126200.494114,yfinance_marketcap_proxy,IT,Banks,Intesa Sanpaolo S.p.A.,10.403704,1.4237202,0.849,0.00997,0.14007,,yfinance_generated_csv,-0.05615388147431455,0.16042165509529063,0.05740382647319353,-0.19608110887776975,-0.1788946702131048
1.3730580806732178,ISP.MI,2021-02-28,24024789589.60004,yfinance_marketcap_proxy,IT,Banks,Intesa Sanpaolo S.p.A.,10.403704,1.4237202,0.849,0.00997,0.14007,,yfinance_generated_csv,0.18214045184721273,0.16918396684582188,0.18214045184721273,-0.029338174431565056,0.0
1.4866217374801636,ISP.MI,2021-03-31,26011845343.62517,yfinance_marketcap_proxy,IT,Banks,Intesa Sanpaolo S.p.A.,10.403704,1.4237202,0.849,0.00997,0.14007,,yfinance_generated_csv,0.08270856011514449,0.13309475276970154,0.44135999097552614,0.5523380788652599,0.0
1.4933778047561646,ISP.MI,2021-04-30,26130058183.3031,yfinance_marketcap_proxy,IT,Banks,Intesa Sanpaolo S.p.A.,10.403704,1.4237202,0.849,0.00997,0.14007,,yfinance_generated_csv,0.004544577215353174,0.1308783101264091,0.6349677776283418,0.6310614574892037,0.0
1.5785627365112305,ISP.MI,2021-05-31,27620563275.860046,yfinance_marketcap_proxy,IT,Banks,Intesa Sanpaolo S.p.A.,10.403704,1.4237202,0.849,0.00997,0.14007,,yfinance_generated_csv,0.05704178238337665,0.13024804333733214,0.2742258866983034,0.5803880201975924,0.0
1.5217303037643433,ISP.MI,2021-06-30,26626149960.19054,yfinance_marketcap_proxy,IT,Banks,Intesa Sanpaolo S.p.A.,10.403704,1.4237202,0.849,0.00997,0.14007,,yfinance_generated_csv,-0.03600264432473055,0.1311400509006727,0.23657099027400985,0.388275373422853,-0.03600264432473055
1.5230368375778198,ISP.MI,2021-07-31,26649010755.667656,yfinance_marketcap_proxy,IT,Banks,Intesa Sanpaolo S.p.A.,10.403704,1.4237202,0.849,0.00997,0.14007,,yfinance_generated_csv,0.0008585843432602491,0.13116893995404616,0.3112653286097169,0.386536975993544,-0.03517497128820357
1.5661509037017822,ISP.MI,2021-08-31,27403389890.505447,yfinance_marketcap_proxy,IT,Banks,Intesa Sanpaolo S.p.A.,10.403704,1.4237202,0.849,0.00997,0.14007,,yfinance_generated_csv,0.0283079601623617,0.13097883011665384,0.14062975612356476,0.3483845752942869,-0.007862742811780454
1.6027326583862305,ISP.MI,2021-09-30,28043471305.47467,yfinance_marketcap_proxy,IT,Banks,Intesa Sanpaolo S.p.A.,10.403704,1.4237202,0.849,0.00997,0.14007,,yfinance_generated_csv,0.023357745794471585,0.12301459389814905,0.07810387671505192,0.553935794012687,0.0
1.669938087463379,ISP.MI,2021-10-31,29219383902.02385,yfinance_marketcap_proxy,IT,Banks,Intesa Sanpaolo S.p.A.,10.403704,1.4237202,0.849,0.00997,0.14007,,yfinance_generated_csv,0.04193177740872689,0.11260842562970128,0.11822881131947893,0.8282680745229909,0.0
1.4823715686798096,ISP.MI,2021-11-30,25937478925.637432,yfinance_marketcap_proxy,IT,Banks,Intesa Sanpaolo S.p.A.,10.403704,1.4237202,0.849,0.00997,0.14007,,yfinance_generated_csv,-0.11231944476964484,0.07375551509893409,-0.06093591696204126,0.1965797638755722,-0.11231944476964484
1.5934351682662964,ISP.MI,2021-12-31,27880790464.083546,yfinance_marketcap_proxy,IT,Banks,Intesa Sanpaolo S.p.A.,10.403704,1.4237202,0.849,0.00997,0.14007,,yfinance_generated_csv,0.07492291536959206,0.07507667765829182,0.04712061284747704,0.29483897316513263,-0.04581182965488839
1.8355337381362915,ISP.MI,2022-01-31,32116858320.891117,yfinance_marketcap_proxy,IT,Banks,Intesa Sanpaolo S.p.A.,10.403704,1.4237202,0.849,0.00997,0.14007,,yfinance_generated_csv,0.15193499848092684,0.07875168492709207,0.2051801327769951,0.5803109228397285,0.0
1.6070995330810547,ISP.MI,2022-02-28,28119879759.84672,yfinance_marketcap_proxy,IT,Banks,Intesa Sanpaolo S.p.A.,10.403704,1.4237202,0.849,0.00997,0.14007,,yfinance_generated_csv,-0.12445110667765624,0.07875154966227246,0.026146030553304556,0.17045269657717976,-0.12445110667765624
1.4599483013153076,ISP.MI,2022-03-31,25545132609.10043,yfinance_marketcap_proxy,IT,Banks,Intesa Sanpaolo S.p.A.,10.403704,1.4237202,0.849,0.00997,0.14007,,yfinance_generated_csv,-0.09156323471990302,0.0813706865339656,-0.0890880686331621,-0.017942315447416757,-0.2046191955056813
1.3697658777236938,ISP.MI,2022-04-30,23967184973.843513,yfinance_marketcap_proxy,IT,Banks,Intesa Sanpaolo S.p.A.,10.403704,1.4237202,0.849,0.00997,0.14007,,yfinance_generated_csv,-0.06177097059557923,0.0833758055801084,-0.17975050212528776,-0.082773379006161,-0.2537506397923881
1.4817670583724976,ISP.MI,2022-05-31,25926901636.051258,yfinance_marketcap_proxy,IT,Banks,Intesa Sanpaolo S.p.A.,10.403704,1.4237202,0.849,0.00997,0.14007,,yfinance_generated_csv,0.08176665988711118,0.08530407030411563,-0.0004077994479146918,-0.06131886677666054,-0.19273232216531788
1.2989635467529297,ISP.MI,2022-06-30,22728336357.04515,yfinance_marketcap_proxy,IT,Banks,Intesa Sanpaolo S.p.A.,10.403704,1.4237202,0.849,0.00997,0.14007,,yfinance_generated_csv,-0.12336858927094152,0.09194706339572056,-0.1848030138770944,-0.14639043229956694,-0.2923237967438115
1.2614541053771973,ISP.MI,2022-07-31,22072022942.951576,yfinance_marketcap_proxy,IT,Banks,Intesa Sanpaolo S.p.A.,10.403704,1.4237202,0.849,0.00997,0.14007,,yfinance_generated_csv,-0.028876438811155425,0.09205197615349849,-0.3127589653252496,-0.17175075858088495,-0.3127589653252496
1.257367730140686,ISP.MI,2022-08-31,22000522467.75449,yfinance_marketcap_proxy,IT,Banks,Intesa Sanpaolo S.p.A.,10.403704,1.4237202,0.849,0.00997,0.14007,,yfinance_generated_csv,-0.0032394164948944537,0.09125322869159805,-0.21761676594472001,-0.19716055000271737,-0.31498522526894335
1.242626428604126,ISP.MI,2022-09-30,21742589702.434715,yfinance_marketcap_proxy,IT,Banks,Intesa Sanpaolo S.p.A.,10.403704,1.4237202,0.849,0.00997,0.14007,,yfinance_generated_csv,-0.011723938179096338,0.09049570556288569,-0.1488558687423318,-0.22468265552452804,-0.3230162961396579
1.4076969623565674,ISP.MI,2022-10-31,24630876000.492065,yfinance_marketcap_proxy,IT,Banks,Intesa Sanpaolo S.p.A.,10.403704,1.4237202,0.849,0.00997,0.14007,,yfinance_generated_csv,0.13284003136636113,0.09927755270086368,0.027691655376835822,-0.15703643570711856,-0.23308575968433465
1.6018753051757812,ISP.MI,2022-11-30,28028469951.362312,yfinance_marketcap_proxy,IT,Banks,Intesa Sanpaolo S.p.A.,10.403704,1.4237202,0.849,0.00997,0.14007,,yfinance_generated_csv,0.1379404431577005,0.10199872456389171,0.08105744160300388,0.08061658697515428,-0.12729726951124054
1.5686602592468262,ISP.MI,2022-12-31,27447296801.526733,yfinance_marketcap_proxy,IT,Banks,Intesa Sanpaolo S.p.A.,10.403704,1.4237202,0.849,0.00997,0.14007,,yfinance_generated_csv,-0.02073510080443508,0.10028959053373823,0.20762454278880105,-0.015548112350517562,-0.14539284860023072
1.8192834854125977,ISP.MI,2023-01-31,31832523005.466476,yfinance_marketcap_proxy,IT,Banks,Intesa Sanpaolo S.p.A.,10.403704,1.4237202,0.849,0.00997,0.14007,,yfinance_generated_csv,0.15976896506966098,0.10136531015096308,0.44221139529178477,-0.00885314847995855,0.0
1.9336495399475098,ISP.MI,2023-02-28,33833618541.823406,yfinance_marketcap_proxy,IT,Banks,Intesa Sanpaolo S.p.A.,10.403704,1.4237202,0.849,0.00997,0.14007,,yfinance_generated_csv,0.0628632400898066,0.0939582091245243,0.5378552300933912,0.20319214842929423,0.0
1.787200927734375,ISP.MI,2023-03-31,31271165326.16307,yfinance_marketcap_proxy,IT,Banks,Intesa Sanpaolo S.p.A.,10.403704,1.4237202,0.849,0.00997,0.14007,,yfinance_generated_csv,-0.07573689502034076,0.09235504928526887,0.4382447424218907,0.22415357182458884,-0.07573689502034076
1.800033688545227,ISP.MI,2023-04-30,31495703809.038624,yfinance_marketcap_proxy,IT,Banks,Intesa Sanpaolo S.p.A.,10.403704,1.4237202,0.849,0.00997,0.14007,,yfinance_generated_csv,0.007180368257261316,0.08882765445277659,0.2787082281770823,0.31411777575928634,-0.0691003455599869
1.690183162689209,ISP.MI,2023-05-31,29573617768.290974,yfinance_marketcap_proxy,IT,Banks,Intesa Sanpaolo S.p.A.,10.403704,1.4237202,0.849,0.00997,0.14007,,yfinance_generated_csv,-0.061026927748668025,0.09031129671527925,0.055127797543353285,0.14065375737642993,-0.12591029151275768
1.8819020986557007,ISP.MI,2023-06-30,32928178774.682354,yfinance_marketcap_proxy,IT,Banks,Intesa Sanpaolo S.p.A.,10.403704,1.4237202,0.849,0.00997,0.14007,,yfinance_generated_csv,0.11343086370677868,0.08298397755354364,0.19968749610529035,0.44877206397359304,-0.026761540921843463
2.061466693878174,ISP.MI,2023-07-31,36070071807.96645,yfinance_marketcap_proxy,IT,Banks,Intesa Sanpaolo S.p.A.,10.403704,1.4237202,0.849,0.00997,0.14007,,yfinance_generated_csv,0.09541654443700431,0.08212177188925138,0.13312010492452253,0.6341987275563692,0.0
1.9383591413497925,ISP.MI,2023-08-31,33916023783.330196,yfinance_marketcap_proxy,IT,Banks,Intesa Sanpaolo S.p.A.,10.403704,1.4237202,0.849,0.00997,0.14007,,yfinance_generated_csv,-0.059718429065076406,0.0866174869612087,0.002435602370019163,0.5416008339365532,-0.059718429065076406
1.913266897201538,ISP.MI,2023-09-30,33476977617.34637,yfinance_marketcap_proxy,IT,Banks,Intesa Sanpaolo S.p.A.,10.403704,1.4237202,0.849,0.00997,0.14007,,yfinance_generated_csv,-0.012945095474299562,0.08668452425617364,0.07053821845704622,0.5396959642575441,-0.07189046377355335
1.9262053966522217,ISP.MI,2023-10-31,33703366239.41793,yfinance_marketcap_proxy,IT,Banks,Intesa Sanpaolo S.p.A.,10.403704,1.4237202,0.849,0.00997,0.14007,,yfinance_generated_csv,0.00676251675582118,0.08191011348445447,0.07009408152186625,0.36833810696560776,-0.06561410748358454
2.188671350479126,ISP.MI,2023-11-30,38295808033.310104,yfinance_marketcap_proxy,IT,Banks,Intesa Sanpaolo S.p.A.,10.403704,1.4237202,0.849,0.00997,0.14007,,yfinance_generated_csv,0.13626062635016734,0.08170900486798631,0.2949314599707553,0.36631817932854194,0.0
2.190328598022461,ISP.MI,2023-12-31,38324805367.135185,yfinance_marketcap_proxy,IT,Banks,Intesa Sanpaolo S.p.A.,10.403704,1.4237202,0.849,0.00997,0.14007,,yfinance_generated_csv,0.0007571934191819008,0.08074254688443726,0.16389083129620752,0.3963052771376523,0.0
2.3722002506256104,ISP.MI,2024-01-31,41507065642.65182,yfinance_marketcap_proxy,IT,Banks,Intesa Sanpaolo S.p.A.,10.403704,1.4237202,0.849,0.00997,0.14007,,yfinance_generated_csv,0.08303395790355483,0.07221262837860758,0.15073421155442635,0.30392007053678927,0.0
2.434343099594116,ISP.MI,2024-02-29,42594396828.40518,yfinance_marketcap_proxy,IT,Banks,Intesa Sanpaolo S.p.A.,10.403704,1.4237202,0.849,0.00997,0.14007,,yfinance_generated_csv,0.026196291376378245,0.0712194573261954,0.2558782568533411,0.2589370769121886,0.0
2.7864856719970703,ISP.MI,2024-03-31,48755936042.6629,yfinance_marketcap_proxy,IT,Banks,Intesa Sanpaolo S.p.A.,10.403704,1.4237202,0.849,0.00997,0.14007,,yfinance_generated_csv,0.14465609735195817,0.07223685831560912,0.4564019667474286,0.5591339668391304,0.0
2.9215431213378906,ISP.MI,2024-04-30,51119074826.51563,yfinance_marketcap_proxy,IT,Banks,Intesa Sanpaolo S.p.A.,10.403704,1.4237202,0.849,0.00997,0.14007,,yfinance_generated_csv,0.04846873992501988,0.0715111584694483,0.5167349891219197,0.6230491350964984,0.0
3.1133885383605957,ISP.MI,2024-05-31,54475848908.08961,yfinance_marketcap_proxy,IT,Banks,Intesa Sanpaolo S.p.A.,10.403704,1.4237202,0.849,0.00997,0.14007,,yfinance_generated_csv,0.0656657831341032,0.06360038720721155,0.4225016184723387,0.8420420976191476,0.0
2.996830701828003,ISP.MI,2024-06-30,52436403135.816414,yfinance_marketcap_proxy,IT,Banks,Intesa Sanpaolo S.p.A.,10.403704,1.4237202,0.849,0.00997,0.14007,,yfinance_generated_csv,-0.037437613422309335,0.06566219451524223,0.368210552760756,0.5924477176409597,-0.037437613422309335
3.2381484508514404,ISP.MI,2024-07-31,56658808747.1518,yfinance_marketcap_proxy,IT,Banks,Intesa Sanpaolo S.p.A.,10.403704,1.4237202,0.849,0.00997,0.14007,,yfinance_generated_csv,0.08052431819930272,0.0646824348693399,0.36504009305178053,0.5707983352181216,0.0
3.2502357959747314,ISP.MI,2024-08-31,56870304478.73918,yfinance_marketcap_proxy,IT,Banks,Intesa Sanpaolo S.p.A.,10.403704,1.4237202,0.849,0.00997,0.14007,,yfinance_generated_csv,0.0037327952398578113,0.05802390421981378,0.335159286510045,0.6767975173637857,0.0
3.3132636547088623,ISP.MI,2024-09-30,57973120933.253685,yfinance_marketcap_proxy,IT,Banks,Intesa Sanpaolo S.p.A.,10.403704,1.4237202,0.849,0.00997,0.14007,,yfinance_generated_csv,0.019391780378576806,0.055771389573259667,0.1890474399368618,0.7317310300800404,0.0
3.3991711139678955,ISP.MI,2024-10-31,59476268296.01016,yfinance_marketcap_proxy,IT,Banks,Intesa Sanpaolo S.p.A.,10.403704,1.4237202,0.849,0.00997,0.14007,,yfinance_generated_csv,0.025928349872470946,0.054742799691705,0.16348483414178738,0.7646981572555624,0.0
3.274243116378784,ISP.MI,2024-11-30,57290367423.953186,yfinance_marketcap_proxy,IT,Banks,Intesa Sanpaolo S.p.A.,10.403704,1.4237202,0.849,0.00997,0.14007,,yfinance_generated_csv,-0.03675248859222069,0.05263406070291934,0.0516654365609277,0.495995785599338,-0.03675248859222069
3.4872899055480957,ISP.MI,2024-12-31,61018107972.27945,yfinance_marketcap_proxy,IT,Banks,Intesa Sanpaolo S.p.A.,10.403704,1.4237202,0.849,0.00997,0.14007,,yfinance_generated_csv,0.06506749242400023,0.05206287861890963,0.1636592962762038,0.592130928983257,0.0
3.7851943969726562,ISP.MI,2025-01-31,66230627985.098366,yfinance_marketcap_proxy,IT,Banks,Intesa Sanpaolo S.p.A.,10.403704,1.4237202,0.849,0.00997,0.14007,,yfinance_generated_csv,0.08542578893444164,0.0522439226550864,0.16893788361598294,0.5956470774229128,0.0
4.272675037384033,ISP.MI,2025-02-28,74760216048.2228,yfinance_marketcap_proxy,IT,Banks,Intesa Sanpaolo S.p.A.,10.403704,1.4237202,0.849,0.00997,0.14007,,yfinance_generated_csv,0.1287861571393154,0.0577244800306536,0.31457386651009944,0.7551655056743753,0.0
4.273577690124512,ISP.MI,2025-03-31,74776010021.15643,yfinance_marketcap_proxy,IT,Banks,Intesa Sanpaolo S.p.A.,10.403704,1.4237202,0.849,0.00997,0.14007,,yfinance_generated_csv,0.00021126173476360144,0.05070073374580753,0.28983930513674516,0.5336801237027875,0.0
4.226635456085205,ISP.MI,2025-04-30,73954648338.4029,yfinance_marketcap_proxy,IT,Banks,Intesa Sanpaolo S.p.A.,10.403704,1.4237202,0.849,0.00997,0.14007,,yfinance_generated_csv,-0.010984294060637279,0.052399063448988814,0.2434312114259527,0.44671335679264623,-0.010984294060637279
4.590185642242432,ISP.MI,2025-05-31,80315789830.25067,yfinance_marketcap_proxy,IT,Banks,Intesa Sanpaolo S.p.A.,10.403704,1.4237202,0.849,0.00997,0.14007,,yfinance_generated_csv,0.08601408612938521,0.05387954462746499,0.4019073963325732,0.4743375539820889,0.0
4.5728912353515625,ISP.MI,2025-06-30,80013184650.99538,yfinance_marketcap_proxy,IT,Banks,Intesa Sanpaolo S.p.A.,10.403704,1.4237202,0.849,0.00997,0.14007,,yfinance_generated_csv,-0.003767692254472821,0.0505883095027042,0.3113022889425774,0.5259090987562949,-0.003767692254472821
4.950109004974365,ISP.MI,2025-07-31,86613471756.25943,yfinance_marketcap_proxy,IT,Banks,Intesa Sanpaolo S.p.A.,10.403704,1.4237202,0.849,0.00997,0.14007,,yfinance_generated_csv,0.08248999379356592,0.05074511826999326,0.3077555564737682,0.5286850124714884,0.0
5.024898052215576,ISP.MI,2025-08-31,87922077086.84805,yfinance_marketcap_proxy,IT,Banks,Intesa Sanpaolo S.p.A.,10.403704,1.4237202,0.849,0.00997,0.14007,,yfinance_generated_csv,0.01510856572371555,0.050167497059551334,0.17605434727657054,0.5460103105253726,0.0
5.248330593109131,ISP.MI,2025-09-30,91831540100.82736,yfinance_marketcap_proxy,IT,Banks,Intesa Sanpaolo S.p.A.,10.403704,1.4237202,0.849,0.00997,0.14007,,yfinance_generated_csv,0.04446508935540283,0.04983961301541779,0.22808826085860145,0.5840365090324524,0.0
5.212806224822998,ISP.MI,2025-10-31,91209960077.81818,yfinance_marketcap_proxy,IT,Banks,Intesa Sanpaolo S.p.A.,10.403704,1.4237202,0.849,0.00997,0.14007,,yfinance_generated_csv,-0.006768698666348327,0.05155308192331567,0.23332288270046453,0.5335521661155866,-0.006768698666348327
5.400936126708984,ISP.MI,2025-11-30,94501722729.3346,yfinance_marketcap_proxy,IT,Banks,Intesa Sanpaolo S.p.A.,10.403704,1.4237202,0.849,0.00997,0.14007,,yfinance_generated_csv,0.036089947289835056,0.04601369997340167,0.17662694881126395,0.6495220222627389,0.0
5.724837779998779,ISP.MI,2025-12-31,100169122512.01204,yfinance_marketcap_proxy,IT,Banks,Intesa Sanpaolo S.p.A.,10.403704,1.4237202,0.849,0.00997,0.14007,,yfinance_generated_csv,0.05997139119791095,0.04581977461387284,0.25190770682273955,0.6416294415015116,0.0
5.768346786499023,ISP.MI,2026-01-31,100930412031.46806,yfinance_marketcap_proxy,IT,Banks,Intesa Sanpaolo S.p.A.,10.403704,1.4237202,0.849,0.00997,0.14007,,yfinance_generated_csv,0.007600041812932057,0.044778192677677964,0.1652969218864495,0.523923524538783,0.0
5.641686916351318,ISP.MI,2026-02-28,98714208090.36989,yfinance_marketcap_proxy,IT,Banks,Intesa Sanpaolo S.p.A.,10.403704,1.4237202,0.849,0.00997,0.14007,,yfinance_generated_csv,-0.021957741938150477,0.037042270828617344,0.12274654286046416,0.32041095262078945,-0.021957741938150477
4.990015983581543,ISP.MI,2026-03-31,87311735564.38911,yfinance_marketcap_proxy,IT,Banks,Intesa Sanpaolo S.p.A.,10.403704,1.4237202,0.849,0.00997,0.14007,,yfinance_generated_csv,-0.11550994275861637,0.05467565591329694,-0.04921843335607434,0.1676436806361552,-0.13493134718238253
5.583674907684326,ISP.MI,2026-04-30,97699155397.76187,yfinance_marketcap_proxy,IT,Banks,Intesa Sanpaolo S.p.A.,10.403704,1.4237202,0.849,0.00997,0.14007,,yfinance_generated_csv,0.1189693431957084,0.06162040970007874,0.07114568753683548,0.32106848714510106,-0.03201469773747423
5.5960001945495605,ISP.MI,2026-05-31,97914814464.00002,yfinance_marketcap_proxy,IT,Banks,Intesa Sanpaolo S.p.A.,10.403704,1.4237202,0.849,0.00997,0.14007,,yfinance_generated_csv,0.002207379023494438,0.0587885934334935,0.03611671444806297,0.21912284833337603,-0.02987798728620905
4.234920501708984,MB.MI,2015-01-31,3473500336.636467,yfinance_marketcap_proxy,IT,Banks,Mediobanca Banca di Credito Finanziario S.p.A.,14.285714,1.481377,0.72,,,,yfinance_generated_csv,,,,,
4.5350542068481445,MB.MI,2015-02-28,3719671315.623232,yfinance_marketcap_proxy,IT,Banks,Mediobanca Banca di Credito Finanziario S.p.A.,14.285714,1.481377,0.72,,,,yfinance_generated_csv,0.07087115449228443,,,,
4.920548439025879,MB.MI,2015-03-31,4035855372.608581,yfinance_marketcap_proxy,IT,Banks,Mediobanca Banca di Credito Finanziario S.p.A.,14.285714,1.481377,0.72,,,,yfinance_generated_csv,0.08500322478959998,,,,
4.802145957946777,MB.MI,2015-04-30,3938741139.2431884,yfinance_marketcap_proxy,IT,Banks,Mediobanca Banca di Credito Finanziario S.p.A.,14.285714,1.481377,0.72,,,,yfinance_generated_csv,-0.024062862615075065,,,,-0.024062862615075065
5.160104274749756,MB.MI,2015-05-31,4232340117.8816805,yfinance_marketcap_proxy,IT,Banks,Mediobanca Banca di Credito Finanziario S.p.A.,14.285714,1.481377,0.72,,,,yfinance_generated_csv,0.07454132380349976,0.05078820526713356,,,0.0
4.843449115753174,MB.MI,2015-06-30,3972618170.1075864,yfinance_marketcap_proxy,IT,Banks,Mediobanca Banca di Credito Finanziario S.p.A.,14.285714,1.481377,0.72,,,,yfinance_generated_csv,-0.0613660387729158,0.06697995083736223,,,-0.0613660387729158
5.460239410400391,MB.MI,2015-07-31,4478512270.18022,yfinance_marketcap_proxy,IT,Banks,Mediobanca Banca di Credito Finanziario S.p.A.,14.285714,1.481377,0.72,,,,yfinance_generated_csv,0.1273452615907793,0.07211867070851324,0.28933693281773154,,0.0
4.928808212280273,MB.MI,2015-08-31,4042630074.794396,yfinance_marketcap_proxy,IT,Banks,Mediobanca Banca di Credito Finanziario S.p.A.,14.285714,1.481377,0.72,,,,yfinance_generated_csv,-0.09732745364752204,0.08511140560862587,0.08682454221551361,,-0.09732745364752204
4.840695858001709,MB.MI,2015-09-30,3970359936.045648,yfinance_marketcap_proxy,IT,Banks,Mediobanca Banca di Credito Finanziario S.p.A.,14.285714,1.481377,0.72,,,,yfinance_generated_csv,-0.017877010117583803,0.08024283755075971,-0.016228390394624093,,-0.11346453989153038
5.038949012756348,MB.MI,2015-10-31,4132968041.5582743,yfinance_marketcap_proxy,IT,Banks,Mediobanca Banca di Credito Finanziario S.p.A.,14.285714,1.481377,0.72,,,,yfinance_generated_csv,0.0409555073423844,0.07539580747299872,0.04931192364482362,,-0.0771560303457739
5.134336471557617,MB.MI,2015-11-30,4211205252.888074,yfinance_marketcap_proxy,IT,Banks,Mediobanca Banca di Credito Finanziario S.p.A.,14.285714,1.481377,0.72,,,,yfinance_generated_csv,0.018930030559902722,0.07109051790266316,-0.0049936593952625286,,-0.05968656579819742
5.0296125411987305,MB.MI,2015-12-31,4125310226.710205,yfinance_marketcap_proxy,IT,Banks,Mediobanca Banca di Credito Finanziario S.p.A.,14.285714,1.481377,0.72,,,,yfinance_generated_csv,-0.02039677978625276,0.06862644644071292,0.038436127023625755,,-0.07886593184566659
4.169172286987305,MB.MI,2016-01-31,3419573363.065926,yfinance_marketcap_proxy,IT,Banks,Mediobanca Banca di Credito Finanziario S.p.A.,14.285714,1.481377,0.72,,,,yfinance_generated_csv,-0.17107485858271565,0.08518562493582657,-0.23644881229089076,-0.015525253589801058,-0.23644881229089076
3.5436551570892334,MB.MI,2016-02-29,2906521474.5131116,yfinance_marketcap_proxy,IT,Banks,Mediobanca Banca di Credito Finanziario S.p.A.,14.285714,1.481377,0.72,,,,yfinance_generated_csv,-0.1500338884652036,0.0925319269843156,-0.2810320457874359,-0.21860798229530576,-0.35100736602511307
3.583280563354492,MB.MI,2016-03-31,2939022406.218014,yfinance_marketcap_proxy,IT,Banks,Mediobanca Banca di Credito Finanziario S.p.A.,14.285714,1.481377,0.72,,,,yfinance_generated_csv,0.01118207176169106,0.08750347139368142,-0.25975920229912797,-0.27177211895024567,-0.3437502838191968
4.061617851257324,MB.MI,2016-04-30,3331356743.9902973,yfinance_marketcap_proxy,IT,Banks,Mediobanca Banca di Credito Finanziario S.p.A.,14.285714,1.481377,0.72,,,,yfinance_generated_csv,0.13349144155629156,0.09838066030832976,-0.19395535835446265,-0.15420774653131863,-0.25614656318531415
3.945570707321167,MB.MI,2016-05-31,3236174368.461577,yfinance_marketcap_proxy,IT,Banks,Mediobanca Banca di Credito Finanziario S.p.A.,14.285714,1.481377,0.72,,,,yfinance_generated_csv,-0.028571654987244455,0.09483084484667198,-0.2315325010002337,-0.23536996594656778,-0.2773996869430594
2.918137550354004,MB.MI,2016-06-30,2393469194.8563724,yfinance_marketcap_proxy,IT,Banks,Mediobanca Banca di Credito Finanziario S.p.A.,14.285714,1.481377,0.72,,,,yfinance_generated_csv,-0.2604016587665554,0.11775944360248417,-0.41980867781546627,-0.39750837045797616,-0.46556600708831897
3.546485185623169,MB.MI,2016-07-31,2908842676.3069468,yfinance_marketcap_proxy,IT,Banks,Mediobanca Banca di Credito Finanziario S.p.A.,14.285714,1.481377,0.72,,,,yfinance_generated_csv,0.21532488596808586,0.1307706047906706,-0.14935508981186696,-0.35048906850714245,-0.30926124431668534
3.7644259929656982,MB.MI,2016-08-31,3087598680.667739,yfinance_marketcap_proxy,IT,Banks,Mediobanca Banca di Credito Finanziario S.p.A.,14.285714,1.481377,0.72,,,,yfinance_generated_csv,0.06145262025230602,0.13105691630658775,0.06230031594208696,-0.23624011508775733,-0.2668135378701283
3.2775979042053223,MB.MI,2016-09-30,2688300150.8580627,yfinance_marketcap_proxy,IT,Banks,Mediobanca Banca di Credito Finanziario S.p.A.,14.285714,1.481377,0.72,,,,yfinance_generated_csv,-0.1293233256996087,0.13524479464356895,-0.08530804488917965,-0.32290769749819614,-0.3616316495106935
3.778578042984009,MB.MI,2016-10-31,3099206254.0526137,yfinance_marketcap_proxy,IT,Banks,Mediobanca Banca di Credito Finanziario S.p.A.,14.285714,1.481377,0.72,,,,yfinance_generated_csv,0.15284978616074407,0.14366569783690775,-0.06968646944116053,-0.25012576364270556,-0.264057183646616
3.8441202640533447,MB.MI,2016-11-30,3152964270.72763,yfinance_marketcap_proxy,IT,Banks,Mediobanca Banca di Credito Finanziario S.p.A.,14.285714,1.481377,0.72,,,,yfinance_generated_csv,0.017345737026930985,0.14363352877595817,-0.02571248896378331,-0.25129171308729137,-0.2357025053987244
4.579285621643066,MB.MI,2016-12-31,3755950115.689979,yfinance_marketcap_proxy,IT,Banks,Mediobanca Banca di Credito Finanziario S.p.A.,14.285714,1.481377,0.72,,,,yfinance_generated_csv,0.19124410972890415,0.155298409561902,0.5692494074131447,-0.08953511147567161,0.0
4.697384834289551,MB.MI,2017-01-31,3852815606.959183,yfinance_marketcap_proxy,IT,Banks,Mediobanca Banca di Credito Finanziario S.p.A.,14.285714,1.481377,0.72,,,,yfinance_generated_csv,0.025789876938077994,0.1452382484932516,0.32451838607191363,0.12669482356267392,0.0
4.4670915603637695,MB.MI,2017-02-28,3663928055.425805,yfinance_marketcap_proxy,IT,Banks,Mediobanca Banca di Credito Finanziario S.p.A.,14.285714,1.481377,0.72,,,,yfinance_generated_csv,-0.049025847796141164,0.1371901701574499,0.18665941865003854,0.260588675347589,-0.049025847796141164
4.989679336547852,MB.MI,2017-03-31,4092556837.4218287,yfinance_marketcap_proxy,IT,Banks,Mediobanca Banca di Credito Finanziario S.p.A.,14.285714,1.481377,0.72,,,,yfinance_generated_csv,0.11698613496552679,0.13936247747832667,0.5223585938183091,0.39248915855942834,0.0
5.211115837097168,MB.MI,2017-04-30,4274180024.6555114,yfinance_marketcap_proxy,IT,Banks,Mediobanca Banca di Credito Finanziario S.p.A.,14.285714,1.481377,0.72,,,,yfinance_generated_csv,0.0443789040564917,0.13610489321450536,0.3791208697602708,0.2830148054140549,0.0
4.983774662017822,MB.MI,2017-05-31,4087713797.5207233,yfinance_marketcap_proxy,IT,Banks,Mediobanca Banca di Credito Finanziario S.p.A.,14.285714,1.481377,0.72,,,,yfinance_generated_csv,-0.043626198723301646,0.13676002854318714,0.29646689481114064,0.26313150408639885,-0.043626198723301646
5.101874351501465,MB.MI,2017-06-30,4184579679.893852,yfinance_marketcap_proxy,IT,Banks,Mediobanca Banca di Credito Finanziario S.p.A.,14.285714,1.481377,0.72,,,,yfinance_generated_csv,0.023696835730495636,0.10247933320287572,0.1141201429734997,0.7483323741482126,-0.020963165857498134
5.205209255218506,MB.MI,2017-07-31,4269335420.3387065,yfinance_marketcap_proxy,IT,Banks,Mediobanca Banca di Credito Finanziario S.p.A.,14.285714,1.481377,0.72,,,,yfinance_generated_csv,0.020254301967791433,0.08882283356597367,0.10810790234216783,0.46770929040378184,-0.001133458181185265
5.090063571929932,MB.MI,2017-08-31,4174892426.779867,yfinance_marketcap_proxy,IT,Banks,Mediobanca Banca di Credito Finanziario S.p.A.,14.285714,1.481377,0.72,,,,yfinance_generated_csv,-0.022121240019915556,0.08991559998748833,0.13945807985978043,0.35214866262249633,-0.023229624700622287
5.361691474914551,MB.MI,2017-09-30,4397682822.036682,yfinance_marketcap_proxy,IT,Banks,Mediobanca Banca di Credito Finanziario S.p.A.,14.285714,1.481377,0.72,,,,yfinance_generated_csv,0.053364343911647794,0.07487286599349834,0.07455632181447536,0.635860051056059,0.0
5.556554794311523,MB.MI,2017-10-31,4557510569.747728,yfinance_marketcap_proxy,IT,Banks,Mediobanca Banca di Credito Finanziario S.p.A.,14.285714,1.481377,0.72,,,,yfinance_generated_csv,0.03634362781011724,0.06660979909537593,0.06628886557370817,0.47054122770570483,0.0
5.947695732116699,MB.MI,2017-11-30,4878326079.410853,yfinance_marketcap_proxy,IT,Banks,Mediobanca Banca di Credito Finanziario S.p.A.,14.285714,1.481377,0.72,,,,yfinance_generated_csv,0.07039270776301954,0.06712231906856454,0.19341184854224647,0.5472189535103897,0.0
5.80352783203125,MB.MI,2017-12-31,4760078936.571478,yfinance_marketcap_proxy,IT,Banks,Mediobanca Banca di Credito Finanziario S.p.A.,14.285714,1.481377,0.72,,,,yfinance_generated_csv,-0.02423928636883077,0.049081932032950706,0.1375285693430084,0.26734349231287324,-0.02423928636883077
6.007203102111816,MB.MI,2018-01-31,4927134284.813287,yfinance_marketcap_proxy,IT,Banks,Mediobanca Banca di Credito Finanziario S.p.A.,14.285714,1.481377,0.72,,,,yfinance_generated_csv,0.03509507940263967,0.049237465624583254,0.15407523647378207,0.27883988943400406,0.0
6.0452399253845215,MB.MI,2018-02-28,4958332253.792635,yfinance_marketcap_proxy,IT,Banks,Mediobanca Banca di Credito Finanziario S.p.A.,14.285714,1.481377,0.72,,,,yfinance_generated_csv,0.006331869028921799,0.044349977998359776,0.18765509309590578,0.35328319191474966,0.0
5.85751485824585,MB.MI,2018-03-31,4804359331.836215,yfinance_marketcap_proxy,IT,Banks,Mediobanca Banca di Credito Finanziario S.p.A.,14.285714,1.481377,0.72,,,,yfinance_generated_csv,-0.03105336917239576,0.03681189068383921,0.09247517982917897,0.17392611091085008,-0.03105336917239576
6.174683570861816,MB.MI,2018-04-30,5064502498.537346,yfinance_marketcap_proxy,IT,Banks,Mediobanca Banca di Credito Finanziario S.p.A.,14.285714,1.481377,0.72,,,,yfinance_generated_csv,0.05414731678733631,0.0376417497824715,0.11124317125120364,0.18490622044997562,0.0
4.949562072753906,MB.MI,2018-05-31,4059652482.01847,yfinance_marketcap_proxy,IT,Banks,Mediobanca Banca di Credito Finanziario S.p.A.,14.285714,1.481377,0.72,,,,yfinance_generated_csv,-0.19841040986929748,0.07113361052108205,-0.16781854760542225,-0.006864794575215383,-0.19841040986929748
4.884532928466797,MB.MI,2018-06-30,4006315293.166565,yfinance_marketcap_proxy,IT,Banks,Mediobanca Banca di Credito Finanziario S.p.A.,14.285714,1.481377,0.72,,,,yfinance_generated_csv,-0.013138363219057037,0.07090584480934632,-0.15835108061208392,-0.042600308839574885,-0.20894198505704964
5.450162410736084,MB.MI,2018-07-31,4470247070.936898,yfinance_marketcap_proxy,IT,Banks,Mediobanca Banca di Credito Finanziario S.p.A.,14.285714,1.481377,0.72,,,,yfinance_generated_csv,0.1158001165214444,0.078480023675726,-0.09272879273549217,0.04705923306964066,-0.11733737475143347
4.917662143707275,MB.MI,2018-08-31,4033488020.5516167,yfinance_marketcap_proxy,IT,Banks,Mediobanca Banca di Credito Finanziario S.p.A.,14.285714,1.481377,0.72,,,,yfinance_generated_csv,-0.09770355943519315,0.08386691150272636,-0.18652324731437753,-0.03387019155780191,-0.20357665501863043
5.278388500213623,MB.MI,2018-09-30,4329357357.473717,yfinance_marketcap_proxy,IT,Banks,Mediobanca Banca di Credito Finanziario S.p.A.,14.285714,1.481377,0.72,,,,yfinance_generated_csv,0.07335322069002626,0.08519859442763814,-0.09886895245634209,-0.015536696785085957,-0.14515643763152308
4.755703449249268,MB.MI,2018-10-31,3900648790.2770286,yfinance_marketcap_proxy,IT,Banks,Mediobanca Banca di Credito Finanziario S.p.A.,14.285714,1.481377,0.72,,,,yfinance_generated_csv,-0.09902360368949759,0.08914335759165096,-0.22980612776801745,-0.14412731894268738,-0.22980612776801745
5.096731185913086,MB.MI,2018-11-30,4180361232.9606924,yfinance_marketcap_proxy,IT,Banks,Mediobanca Banca di Credito Finanziario S.p.A.,14.285714,1.481377,0.72,,,,yfinance_generated_csv,0.07170920985782936,0.08925074416236503,0.02973376452218046,-0.14307466026019577,-0.17457613375292003
4.815972805023193,MB.MI,2018-12-31,3950081979.7513328,yfinance_marketcap_proxy,IT,Banks,Mediobanca Banca di Credito Finanziario S.p.A.,14.285714,1.481377,0.72,,,,yfinance_generated_csv,-0.05508596993812109,0.09017130157670733,-0.014036167725278048,-0.17016460601041172,-0.22004540803521444
4.959616661071777,MB.MI,2019-01-31,4067899299.3773255,yfinance_marketcap_proxy,IT,Banks,Mediobanca Banca di Credito Finanziario S.p.A.,14.285714,1.481377,0.72,,,,yfinance_generated_csv,0.029826550494379767,0.08993633508543063,-0.09000571225143639,-0.17438838395055478,-0.19678205301465335
5.760102272033691,MB.MI,2019-02-28,4724461102.137685,yfinance_marketcap_proxy,IT,Banks,Mediobanca Banca di Credito Finanziario S.p.A.,14.285714,1.481377,0.72,,,,yfinance_generated_csv,0.16140070204315515,0.10299267883973284,0.17130906998245443,-0.04716730135945646,-0.06714211247755664
6.047389507293701,MB.MI,2019-03-31,4960095350.285746,yfinance_marketcap_proxy,IT,Banks,Mediobanca Banca di Credito Finanziario S.p.A.,14.285714,1.481377,0.72,,,,yfinance_generated_csv,0.04987537055632507,0.10335306163044052,0.1456885954963254,0.03241556421842584,-0.020615479660984204
6.170139789581299,MB.MI,2019-04-30,5060775669.23769,yfinance_marketcap_proxy,IT,Banks,Mediobanca Banca di Credito Finanziario S.p.A.,14.285714,1.481377,0.72,,,,yfinance_generated_csv,0.020298061194760075,0.10242880611749026,0.29741895293225507,-0.0007358727339421556,0.0
5.400993824005127,MB.MI,2019-05-31,4429918780.832515,yfinance_marketcap_proxy,IT,Banks,Mediobanca Banca di Credito Finanziario S.p.A.,14.285714,1.481377,0.72,,,,yfinance_generated_csv,-0.1246561653068099,0.09065588676019673,0.059697603619550454,0.091206402630293,-0.1246561653068099
5.919416904449463,MB.MI,2019-06-30,4855131661.149119,yfinance_marketcap_proxy,IT,Banks,Mediobanca Banca di Credito Finanziario S.p.A.,14.285714,1.481377,0.72,,,,yfinance_generated_csv,0.09598660863861119,0.0934389313387658,0.22912174634278393,0.21186958735632988,-0.04063487922189357
5.911581516265869,MB.MI,2019-07-31,4848705041.456398,yfinance_marketcap_proxy,IT,Banks,Mediobanca Banca di Credito Finanziario S.p.A.,14.285714,1.481377,0.72,,,,yfinance_generated_csv,-0.001323675677870284,0.08852724371571564,0.19194323276355219,0.08466153313538904,-0.04190476749846461
5.882852554321289,MB.MI,2019-08-31,4825141421.08963,yfinance_marketcap_proxy,IT,Banks,Mediobanca Banca di Credito Finanziario S.p.A.,14.285714,1.481377,0.72,,,,yfinance_generated_csv,-0.004859775994889293,0.08204110325540405,0.021310434518423627,0.19627017521915113,-0.046560895710193395
6.542306900024414,MB.MI,2019-09-30,5366028762.628112,yfinance_marketcap_proxy,IT,Banks,Mediobanca Banca di Credito Finanziario S.p.A.,14.285714,1.481377,0.72,,,,yfinance_generated_csv,0.11209771783566436,0.08511691749443494,0.08183984050205417,0.2394515674167672,0.0
6.953649044036865,MB.MI,2019-10-31,5703413390.066438,yfinance_marketcap_proxy,IT,Banks,Mediobanca Banca di Credito Finanziario S.p.A.,14.285714,1.481377,0.72,,,,yfinance_generated_csv,0.06287417424745323,0.07671836496075642,0.12698403620912702,0.4621704482298121,0.0
6.933308124542236,MB.MI,2019-11-30,5686729678.841262,yfinance_marketcap_proxy,IT,Banks,Mediobanca Banca di Credito Finanziario S.p.A.,14.285714,1.481377,0.72,,,,yfinance_generated_csv,-0.002925215144712001,0.07648306134936562,0.2837096931543639,0.360344085578868,-0.002925215144712001
6.703791618347168,MB.MI,2019-12-31,5498479235.601423,yfinance_marketcap_proxy,IT,Banks,Mediobanca Banca di Credito Finanziario S.p.A.,14.285714,1.481377,0.72,,,,yfinance_generated_csv,-0.03310346260000119,0.07453420330288242,0.1325087802665348,0.39199116974973935,-0.035931842994573304
6.155957221984863,MB.MI,2020-01-31,5049143065.201627,yfinance_marketcap_proxy,IT,Banks,Mediobanca Banca di Credito Finanziario S.p.A.,14.285714,1.481377,0.72,,,,yfinance_generated_csv,-0.08172008134366415,0.08127135395062916,0.041338465019316484,0.24121633639615925,-0.11471557120589315
5.594461917877197,MB.MI,2020-02-29,4588602158.459525,yfinance_marketcap_proxy,IT,Banks,Mediobanca Banca di Credito Finanziario S.p.A.,14.285714,1.481377,0.72,,,,yfinance_generated_csv,-0.09121169687508379,0.07403842723097742,-0.049022244528677206,-0.028756495342228017,-0.19546386617329292
3.4345486164093018,MB.MI,2020-03-31,2817031812.162178,yfinance_marketcap_proxy,IT,Banks,Mediobanca Banca di Credito Finanziario S.p.A.,14.285714,1.481377,0.72,,,,yfinance_generated_csv,-0.38608061564703056,0.13181526392129608,-0.475024839266332,-0.43206095584434834,-0.5060796720313897
3.6121509075164795,MB.MI,2020-04-30,2962701988.898493,yfinance_marketcap_proxy,IT,Banks,Mediobanca Banca di Credito Finanziario S.p.A.,14.285714,1.481377,0.72,,,,yfinance_generated_csv,0.05171051888991873,0.1333427146645347,-0.480538795581854,-0.4145755151907835,-0.480538795581854
3.9864814281463623,MB.MI,2020-05-31,3269729520.795844,yfinance_marketcap_proxy,IT,Banks,Mediobanca Banca di Credito Finanziario S.p.A.,14.285714,1.481377,0.72,,,,yfinance_generated_csv,0.10363091969688831,0.13543925275557578,-0.42502462655089845,-0.261898539778338,-0.42670655322114814
4.364910125732422,MB.MI,2020-06-30,3580118395.375102,yfinance_marketcap_proxy,IT,Banks,Mediobanca Banca di Credito Finanziario S.p.A.,14.285714,1.481377,0.72,,,,yfinance_generated_csv,0.09492799713405953,0.13536101305491707,-0.34888934885947454,-0.26261147065829427,-0.3722849545483502
4.629946708679199,MB.MI,2020-07-31,3797502561.0790634,yfinance_marketcap_proxy,IT,Banks,Mediobanca Banca di Credito Finanziario S.p.A.,14.285714,1.481377,0.72,,,,yfinance_generated_csv,0.06071982590988734,0.13709080384457356,-0.24789166952879393,-0.21680066561887346,-0.33417020626750904
4.974221706390381,MB.MI,2020-08-31,4079878421.4907837,yfinance_marketcap_proxy,IT,Banks,Mediobanca Banca di Credito Finanziario S.p.A.,14.285714,1.481377,0.72,,,,yfinance_generated_csv,0.07435830677398747,0.1392250312134564,-0.11086682161600359,-0.1544541257053038,-0.2846602302058876
4.575300216674805,MB.MI,2020-09-30,3752681269.086293,yfinance_marketcap_proxy,IT,Banks,Mediobanca Banca di Credito Finanziario S.p.A.,14.285714,1.481377,0.72,,,,yfinance_generated_csv,-0.08019777027692232,0.13581110614362596,0.3321401813371674,-0.30065949418274296,-0.34202888473378235
4.158617973327637,MB.MI,2020-10-31,3410916668.793854,yfinance_marketcap_proxy,IT,Banks,Mediobanca Banca di Credito Finanziario S.p.A.,14.285714,1.481377,0.72,,,,yfinance_generated_csv,-0.09107210972267099,0.13464853062258705,0.15128577952654765,-0.4019517023376554,-0.40019714995686784
5.105373382568359,MB.MI,2020-11-30,4187449600.4942164,yfinance_marketcap_proxy,IT,Banks,Mediobanca Banca di Credito Finanziario S.p.A.,14.285714,1.481377,0.72,,,,yfinance_generated_csv,0.22766106800696329,0.15417330431074427,0.28067155826240997,-0.263645392522428,-0.23843495245350443
5.150457382202148,MB.MI,2020-12-31,4224427694.3785505,yfinance_marketcap_proxy,IT,Banks,Mediobanca Banca di Credito Finanziario S.p.A.,14.285714,1.481377,0.72,,,,yfinance_generated_csv,0.008830695867950045,0.15413986487774622,0.17996871272072612,-0.23170980313496037,-0.163337691202882
5.030234336853027,MB.MI,2021-01-31,4125820226.2281766,yfinance_marketcap_proxy,IT,Banks,Mediobanca Banca di Credito Finanziario S.p.A.,14.285714,1.481377,0.72,,,,yfinance_generated_csv,-0.023342207580352436,0.15255040232062977,0.0864562063799692,-0.18286723648948122,-0.10085466472140447
5.88682222366333,MB.MI,2021-02-28,4828397361.263796,yfinance_marketcap_proxy,IT,Banks,Mediobanca Banca di Credito Finanziario S.p.A.,14.285714,1.481377,0.72,,,,yfinance_generated_csv,0.1702878692021721,0.15758107854735137,0.18346599149381126,0.0522588785262601,0.0
6.45924711227417,MB.MI,2021-03-31,5297902761.066807,yfinance_marketcap_proxy,IT,Banks,Mediobanca Banca di Credito Finanziario S.p.A.,14.285714,1.481377,0.72,,,,yfinance_generated_csv,0.09723835150140192,0.09392872643601023,0.41176465070713175,0.8806684177984012,0.0
6.422360420227051,MB.MI,2021-04-30,5267648134.754136,yfinance_marketcap_proxy,IT,Banks,Mediobanca Banca di Credito Finanziario S.p.A.,14.285714,1.481377,0.72,,,,yfinance_generated_csv,-0.005710679806168906,0.09571808014864254,0.5443497001692645,0.7779878484209621,-0.005710679806168906
6.666903495788574,MB.MI,2021-05-31,5468223435.976978,yfinance_marketcap_proxy,IT,Banks,Mediobanca Banca di Credito Finanziario S.p.A.,14.285714,1.481377,0.72,,,,yfinance_generated_csv,0.03807682215892805,0.09443473697836142,0.30586011956576153,0.6723779141970208,0.0
6.728382110595703,MB.MI,2021-06-30,5518648465.004638,yfinance_marketcap_proxy,IT,Banks,Mediobanca Banca di Credito Finanziario S.p.A.,14.285714,1.481377,0.72,,,,yfinance_generated_csv,0.009221464634363574,0.09377255479649292,0.3063659421484022,0.5414709390990486,0.0
6.752972602844238,MB.MI,2021-07-31,5538817694.407852,yfinance_marketcap_proxy,IT,Banks,Mediobanca Banca di Credito Finanziario S.p.A.,14.285714,1.481377,0.72,,,,yfinance_generated_csv,0.0036547407451503755,0.09410065056135598,0.3424767417632826,0.45854218800947755,0.0
6.817183017730713,MB.MI,2021-08-31,5591483357.820832,yfinance_marketcap_proxy,IT,Banks,Mediobanca Banca di Credito Finanziario S.p.A.,14.285714,1.481377,0.72,,,,yfinance_generated_csv,0.009508466665395732,0.09354235105364105,0.15804125871639196,0.37050244643753616,0.0
7.131401538848877,MB.MI,2021-09-30,5849206764.539072,yfinance_marketcap_proxy,IT,Banks,Mediobanca Banca di Credito Finanziario S.p.A.,14.285714,1.481377,0.72,,,,yfinance_generated_csv,0.046092135167989046,0.08683877814542289,0.1040608007235777,0.558674010692958,0.0
7.04601526260376,MB.MI,2021-10-31,5779172566.928548,yfinance_marketcap_proxy,IT,Banks,Mediobanca Banca di Credito Finanziario S.p.A.,14.285714,1.481377,0.72,,,,yfinance_generated_csv,-0.011973281237912192,0.07851631371997421,0.09710679587718629,0.6943165512665954,-0.011973281237912192
7.118650913238525,MB.MI,2021-11-30,5838748645.589257,yfinance_marketcap_proxy,IT,Banks,Mediobanca Banca di Credito Finanziario S.p.A.,14.285714,1.481377,0.72,,,,yfinance_generated_csv,0.010308755789995905,0.054593375296275115,0.06775970549675958,0.394344816687501,-0.0017879550802029076
7.366383075714111,MB.MI,2021-12-31,6041939649.861327,yfinance_marketcap_proxy,IT,Banks,Mediobanca Banca di Credito Finanziario S.p.A.,14.285714,1.481377,0.72,,,,yfinance_generated_csv,0.03480043697814694,0.05421949979980223,0.09482234430676861,0.4302386233054343,0.0
7.366383075714111,MB.MI,2022-01-31,6041939649.861327,yfinance_marketcap_proxy,IT,Banks,Mediobanca Banca di Credito Finanziario S.p.A.,14.285714,1.481377,0.72,,,,yfinance_generated_csv,0.0,0.05246283488261821,0.09083562290945979,0.46442145284281233,0.0
6.795143127441406,MB.MI,2022-02-28,5573406143.311506,yfinance_marketcap_proxy,IT,Banks,Mediobanca Banca di Credito Finanziario S.p.A.,14.285714,1.481377,0.72,,,,yfinance_generated_csv,-0.07754686966470692,0.04129426306363587,-0.0032329908456298906,0.1542973219281003,-0.07754686966470692
6.717907428741455,MB.MI,2022-03-31,5510057085.088012,yfinance_marketcap_proxy,IT,Banks,Mediobanca Banca di Credito Finanziario S.p.A.,14.285714,1.481377,0.72,,,,yfinance_generated_csv,-0.01136630932585414,0.03195154283193934,-0.05798216631820263,0.04004496375061528,-0.0880317572827003
7.003528594970703,MB.MI,2022-04-30,5744324816.122734,yfinance_marketcap_proxy,IT,Banks,Mediobanca Banca di Credito Finanziario S.p.A.,14.285714,1.481377,0.72,,,,yfinance_generated_csv,0.04251638910760591,0.033641008057307464,-0.0060298858361195196,0.09049136714801609,-0.04925816062155208
6.961268424987793,MB.MI,2022-05-31,5709662839.681212,yfinance_marketcap_proxy,IT,Banks,Mediobanca Banca di Credito Finanziario S.p.A.,14.285714,1.481377,0.72,,,,yfinance_generated_csv,-0.006034125428324488,0.03241658092169966,-0.022108471137143204,0.04415317086638004,-0.05499505613031752
6.016972541809082,MB.MI,2022-06-30,4935147222.025097,yfinance_marketcap_proxy,IT,Banks,Mediobanca Banca di Credito Finanziario S.p.A.,14.285714,1.481377,0.72,,,,yfinance_generated_csv,-0.13564997433357362,0.05162239705246176,-0.18318495251134015,-0.10573263484342088,-0.18318495251134015
6.091292381286621,MB.MI,2022-07-31,4996104679.748288,yfinance_marketcap_proxy,IT,Banks,Mediobanca Banca di Credito Finanziario S.p.A.,14.285714,1.481377,0.72,,,,yfinance_generated_csv,0.012351699955604811,0.05186099988369455,-0.17309589812553705,-0.09798354894538275,-0.17309589812553705
5.761953830718994,MB.MI,2022-08-31,4725979758.677779,yfinance_marketcap_proxy,IT,Banks,Mediobanca Banca di Credito Finanziario S.p.A.,14.285714,1.481377,0.72,,,,yfinance_generated_csv,-0.054067105952655514,0.05322290013344825,-0.1520482022740618,-0.15478962267364516,-0.21780420981426907
5.872705459594727,MB.MI,2022-09-30,4816818729.569358,yfinance_marketcap_proxy,IT,Banks,Mediobanca Banca di Credito Finanziario S.p.A.,14.285714,1.481377,0.72,,,,yfinance_generated_csv,0.019221193388478275,0.05105249381124584,-0.12581328011914417,-0.17650051990444005,-0.20276947326345562
6.682934284210205,MB.MI,2022-10-31,5481371958.825663,yfinance_marketcap_proxy,IT,Banks,Mediobanca Banca di Credito Finanziario S.p.A.,14.285714,1.481377,0.72,,,,yfinance_generated_csv,0.13796517298372946,0.06750195677433968,-0.04577611220017286,-0.05152997330570397,-0.09277942573433862
7.247769832611084,MB.MI,2022-11-30,5944652548.561162,yfinance_marketcap_proxy,IT,Banks,Mediobanca Banca di Credito Finanziario S.p.A.,14.285714,1.481377,0.72,,,,yfinance_generated_csv,0.08451909361661958,0.07201014526347338,0.04115649478403682,0.01813811646985486,-0.016101965087055747
7.066851615905762,MB.MI,2022-12-31,5796262635.131616,yfinance_marketcap_proxy,IT,Banks,Mediobanca Banca di Credito Finanziario S.p.A.,14.285714,1.481377,0.72,,,,yfinance_generated_csv,-0.02496191530411007,0.07174431605213684,0.17448626644073406,-0.0406619445024331,-0.0406619445024331
7.752770900726318,MB.MI,2023-01-31,6358856635.601798,yfinance_marketcap_proxy,IT,Banks,Mediobanca Banca di Credito Finanziario S.p.A.,14.285714,1.481377,0.72,,,,yfinance_generated_csv,0.09706150943890202,0.07714609964338731,0.27276289093329553,0.05245285522634191,0.0
7.944701194763184,MB.MI,2023-02-28,6516278703.071248,yfinance_marketcap_proxy,IT,Banks,Mediobanca Banca di Credito Finanziario S.p.A.,14.285714,1.481377,0.72,,,,yfinance_generated_csv,0.02475634795539805,0.07246411689843991,0.37882069661981643,0.16917348844050384,0.0
7.29024600982666,MB.MI,2023-03-31,5979491695.080629,yfinance_marketcap_proxy,IT,Banks,Mediobanca Banca di Credito Finanziario S.p.A.,14.285714,1.481377,0.72,,,,yfinance_generated_csv,-0.08237631207173823,0.07757869613516828,0.2413777704304887,0.085195961265639,-0.08237631207173823
7.653658390045166,MB.MI,2023-04-30,6277564120.411267,yfinance_marketcap_proxy,IT,Banks,Mediobanca Banca di Credito Finanziario S.p.A.,14.285714,1.481377,0.72,,,,yfinance_generated_csv,0.04984912439561784,0.07788971982733403,0.14525417497049076,0.09282889135932515,-0.03663357470383666
8.098089218139648,MB.MI,2023-05-31,6642088231.401035,yfinance_marketcap_proxy,IT,Banks,Mediobanca Banca di Credito Finanziario S.p.A.,14.285714,1.481377,0.72,,,,yfinance_generated_csv,0.058067763864734,0.07886567431076631,0.11732152167727272,0.16330655905627567,0.0
8.62118148803711,MB.MI,2023-06-30,7071130801.349524,yfinance_marketcap_proxy,IT,Banks,Mediobanca Banca di Credito Finanziario S.p.A.,14.285714,1.481377,0.72,,,,yfinance_generated_csv,0.06459453036473572,0.06368646698459021,0.21994658394028388,0.4328105086291516,0.0
9.53364086151123,MB.MI,2023-07-31,7819533974.360787,yfinance_marketcap_proxy,IT,Banks,Mediobanca Banca di Credito Finanziario S.p.A.,14.285714,1.481377,0.72,,,,yfinance_generated_csv,0.10583924891736296,0.06667903424443898,0.22970754374001578,0.5651261283730245,0.0
9.494312286376953,MB.MI,2023-08-31,7787276504.849089,yfinance_marketcap_proxy,IT,Banks,Mediobanca Banca di Credito Finanziario S.p.A.,14.285714,1.481377,0.72,,,,yfinance_generated_csv,-0.00412524194120345,0.06163949162234818,0.195049637944245,0.6477591742855433,-0.00412524194120345
9.856148719787598,MB.MI,2023-09-30,8084056331.708181,yfinance_marketcap_proxy,IT,Banks,Mediobanca Banca di Credito Finanziario S.p.A.,14.285714,1.481377,0.72,,,,yfinance_generated_csv,0.03811086285099674,0.06118308213862465,0.3519638029364591,0.6782978113919862,0.0
8.865028381347656,MB.MI,2023-10-31,7271135090.842121,yfinance_marketcap_proxy,IT,Banks,Mediobanca Banca di Credito Finanziario S.p.A.,14.285714,1.481377,0.72,,,,yfinance_generated_csv,-0.10055858191852651,0.06698061435632104,0.1582733288538296,0.32651736562681655,-0.10055858191852651
9.135696411132812,MB.MI,2023-11-30,7493138193.898263,yfinance_marketcap_proxy,IT,Banks,Mediobanca Banca di Credito Finanziario S.p.A.,14.285714,1.481377,0.72,,,,yfinance_generated_csv,0.030532110912882215,0.06445053993308496,0.1281298791656844,0.2604837932390003,-0.07309673678202278
9.500277519226074,MB.MI,2023-12-31,7792169214.9486475,yfinance_marketcap_proxy,IT,Banks,Mediobanca Banca di Credito Finanziario S.p.A.,14.285714,1.481377,0.72,,,,yfinance_generated_csv,0.03990731430709338,0.06291056608498329,0.10196932200172482,0.3443437099829949,-0.0361065169245125
10.42868423461914,MB.MI,2024-01-31,8553652467.621752,yfinance_marketcap_proxy,IT,Banks,Mediobanca Banca di Credito Finanziario S.p.A.,14.285714,1.481377,0.72,,,,yfinance_generated_csv,0.0977241679008023,0.06297809676008954,0.09388264002279945,0.3451557344022804,0.0
10.678804397583008,MB.MI,2024-02-29,8758802120.349344,yfinance_marketcap_proxy,IT,Banks,Mediobanca Banca di Credito Finanziario S.p.A.,14.285714,1.481377,0.72,,,,yfinance_generated_csv,0.023983865781798785,0.06298083736519008,0.12475807362115532,0.3441417286558279,0.0
11.708953857421875,MB.MI,2024-03-31,9603735217.462313,yfinance_marketcap_proxy,IT,Banks,Mediobanca Banca di Credito Finanziario S.p.A.,14.285714,1.481377,0.72,,,,yfinance_generated_csv,0.09646674117113951,0.05551621690255333,0.18798469770596204,0.6061123097408723,0.0
11.318938255310059,MB.MI,2024-04-30,9283842713.061775,yfinance_marketcap_proxy,IT,Banks,Mediobanca Banca di Credito Finanziario S.p.A.,14.285714,1.481377,0.72,,,,yfinance_generated_csv,-0.033309175769328014,0.059456733344056406,0.2768078982268707,0.47889253458609904,-0.033309175769328014
12.737035751342773,MB.MI,2024-05-31,10446972487.957241,yfinance_marketcap_proxy,IT,Banks,Mediobanca Banca di Credito Finanziario S.p.A.,14.285714,1.481377,0.72,,,,yfinance_generated_csv,0.125285381371123,0.06477930175025214,0.39420523385840056,0.572844582004842,0.0
12.008952140808105,MB.MI,2024-06-30,9849795122.934427,yfinance_marketcap_proxy,IT,Banks,Mediobanca Banca di Credito Finanziario S.p.A.,14.285714,1.481377,0.72,,,,yfinance_generated_csv,-0.057162720176702875,0.06996789286349703,0.2640632988357583,0.3929589763853041,-0.057162720176702875
13.153707504272461,MB.MI,2024-07-31,10788728483.963335,yfinance_marketcap_proxy,IT,Banks,Mediobanca Banca di Credito Finanziario S.p.A.,14.285714,1.481377,0.72,,,,yfinance_generated_csv,0.09532516659586943,0.06899397910459519,0.2613007747043785,0.37971502129642776,0.0
13.408097267150879,MB.MI,2024-08-31,10997380081.233809,yfinance_marketcap_proxy,IT,Banks,Mediobanca Banca di Credito Finanziario S.p.A.,14.285714,1.481377,0.72,,,,yfinance_generated_csv,0.01933977646954599,0.06828793860640558,0.25558037847248216,0.41222416776723003,0.0
13.443184852600098,MB.MI,2024-09-30,11026159072.438114,yfinance_marketcap_proxy,IT,Banks,Mediobanca Banca di Credito Finanziario S.p.A.,14.285714,1.481377,0.72,,,,yfinance_generated_csv,0.002616895205196812,0.06873353113329149,0.1481115235652719,0.3639389212554214,0.0
13.307217597961426,MB.MI,2024-10-31,10914638134.897877,yfinance_marketcap_proxy,IT,Banks,Mediobanca Banca di Credito Finanziario S.p.A.,14.285714,1.481377,0.72,,,,yfinance_generated_csv,-0.010114214461045212,0.057325555274558626,0.1756595272280601,0.5010913699904558,-0.010114214461045212
12.586228370666504,MB.MI,2024-11-30,10323279614.068605,yfinance_marketcap_proxy,IT,Banks,Mediobanca Banca di Credito Finanziario S.p.A.,14.285714,1.481377,0.72,,,,yfinance_generated_csv,-0.054180313952735926,0.06298134981769642,-0.011840068884188426,0.377697747850821,-0.06374653709889633
12.832390785217285,MB.MI,2024-12-31,10525183104.220154,yfinance_marketcap_proxy,IT,Banks,Mediobanca Banca di Credito Finanziario S.p.A.,14.285714,1.481377,0.72,,,,yfinance_generated_csv,0.01955807627998296,0.062929720674709,0.06856873395398244,0.3507385188746208,-0.04543522045407833
14.432451248168945,MB.MI,2025-01-31,11837559701.244457,yfinance_marketcap_proxy,IT,Banks,Mediobanca Banca di Credito Finanziario S.p.A.,14.285714,1.481377,0.72,,,,yfinance_generated_csv,0.12468919391037447,0.06608220271996024,0.09721546138084158,0.3839187114572775,0.0
15.635913848876953,MB.MI,2025-02-28,12824644995.28994,yfinance_marketcap_proxy,IT,Banks,Mediobanca Banca di Credito Finanziario S.p.A.,14.285714,1.481377,0.72,,,,yfinance_generated_csv,0.0833858767311404,0.06784307185861736,0.16615456595650646,0.4642007912810835,0.0
15.740762710571289,MB.MI,2025-03-31,12910642490.696114,yfinance_marketcap_proxy,IT,Banks,Mediobanca Banca di Credito Finanziario S.p.A.,14.285714,1.481377,0.72,,,,yfinance_generated_csv,0.006705643348237533,0.06526820767021294,0.17091023318977938,0.3443355317856853,0.0
16.397197723388672,MB.MI,2025-04-30,13449053362.182606,yfinance_marketcap_proxy,IT,Banks,Mediobanca Banca di Credito Finanziario S.p.A.,14.285714,1.481377,0.72,,,,yfinance_generated_csv,0.04170287202007872,0.06251738981911965,0.2322033214441921,0.448651574337924,0.0
19.595632553100586,MB.MI,2025-05-31,16072423612.75303,yfinance_marketcap_proxy,IT,Banks,Mediobanca Banca di Credito Finanziario S.p.A.,14.285714,1.481377,0.72,,,,yfinance_generated_csv,0.19505984398478793,0.07405180435444848,0.5569106149996625,0.5384766860715422,0.0
18.48565101623535,MB.MI,2025-06-30,15162011896.545897,yfinance_marketcap_proxy,IT,Banks,Mediobanca Banca di Credito Finanziario S.p.A.,14.285714,1.481377,0.72,,,,yfinance_generated_csv,-0.05664433306030758,0.07399079002493211,0.44054614028202255,0.5393225653234568,-0.05664433306030758
18.11565589904785,MB.MI,2025-07-31,14858540281.533052,yfinance_marketcap_proxy,IT,Banks,Mediobanca Banca di Credito Finanziario S.p.A.,14.285714,1.481377,0.72,,,,yfinance_generated_csv,-0.020015260315286998,0.0734921064933025,0.25520298579537526,0.37722812318608256,-0.07552584230400672
19.389558792114258,MB.MI,2025-08-31,15903401011.769354,yfinance_marketcap_proxy,IT,Banks,Mediobanca Banca di Credito Finanziario S.p.A.,14.285714,1.481377,0.72,,,,yfinance_generated_csv,0.07032055036623674,0.07433009724044362,0.24006559383204262,0.44610815433280293,-0.010516310735461332
16.1439151763916,MB.MI,2025-09-30,13241309908.225574,yfinance_marketcap_proxy,IT,Banks,Mediobanca Banca di Credito Finanziario S.p.A.,14.285714,1.481377,0.72,,,,yfinance_generated_csv,-0.16739130841092997,0.0942917720824467,0.025612003257603266,0.20089958989659706,-0.1761472801327265
15.488229751586914,MB.MI,2025-10-31,12703513852.108908,yfinance_marketcap_proxy,IT,Banks,Mediobanca Banca di Credito Finanziario S.p.A.,14.285714,1.481377,0.72,,,,yfinance_generated_csv,-0.040615019197049684,0.09556288556769961,-0.05543434842559847,0.163896933192075,-0.2096080741656775
16.215240478515625,MB.MI,2025-11-30,13299811233.300865,yfinance_marketcap_proxy,IT,Banks,Mediobanca Banca di Credito Finanziario S.p.A.,14.285714,1.481377,0.72,,,,yfinance_generated_csv,0.046939562402489754,0.09315507893897985,-0.17250742304055333,0.2883319769015875,-0.17250742304055333
17.242931365966797,MB.MI,2025-12-31,14142727798.577438,yfinance_marketcap_proxy,IT,Banks,Mediobanca Banca di Credito Finanziario S.p.A.,14.285714,1.481377,0.72,,,,yfinance_generated_csv,0.06337808488334229,0.09376605894102343,-0.06722617716720469,0.34370373023789025,-0.12006252825768182
17.092655181884766,MB.MI,2026-01-31,14019470614.461058,yfinance_marketcap_proxy,IT,Banks,Mediobanca Banca di Credito Finanziario S.p.A.,14.285714,1.481377,0.72,,,,yfinance_generated_csv,-0.008715234138125694,0.08918061313968642,-0.056470531504015486,0.18432100604208324,-0.1277313893508264
17.907052993774414,MB.MI,2026-02-28,14687443265.332104,yfinance_marketcap_proxy,IT,Banks,Mediobanca Banca di Credito Finanziario S.p.A.,14.285714,1.481377,0.72,,,,yfinance_generated_csv,0.04764606804639504,0.08737114195782346,-0.07645897538126445,0.14525144912208532,-0.08617121977310149
16.064964294433594,MB.MI,2026-03-31,13176554049.184484,yfinance_marketcap_proxy,IT,Banks,Mediobanca Banca di Credito Finanziario S.p.A.,14.285714,1.481377,0.72,,,,yfinance_generated_csv,-0.10286945037696837,0.09379135083733145,-0.004890442070301759,0.020596307169065797,-0.1801762841336979
19.844999313354492,MB.MI,2026-04-30,16276955321.2794,yfinance_marketcap_proxy,IT,Banks,Mediobanca Banca di Credito Finanziario S.p.A.,14.285714,1.481377,0.72,,,,yfinance_generated_csv,0.2352968204374195,0.11483089470292339,0.28129551482932946,0.2102677328241238,0.0
20.649999618530273,MB.MI,2026-05-31,16937220096.000002,yfinance_marketcap_proxy,IT,Banks,Mediobanca Banca di Credito Finanziario S.p.A.,14.285714,1.481377,0.72,,,,yfinance_generated_csv,0.040564390679220796,0.10153901481102248,0.273493269858716,0.053806227615900815,0.0
18.108755111694336,UCG.MI,2015-01-31,27680872264.84551,yfinance_marketcap_proxy,IT,Banks,UniCredit S.p.A.,9.918844,1.5773816,1.092,0.01345,0.16984,,yfinance_generated_csv,,,,,
20.56476402282715,UCG.MI,2015-02-28,31435104321.71873,yfinance_marketcap_proxy,IT,Banks,UniCredit S.p.A.,9.918844,1.5773816,1.092,0.01345,0.16984,,yfinance_generated_csv,0.13562549694797976,,,,
21.896541595458984,UCG.MI,2015-03-31,33470846958.130066,yfinance_marketcap_proxy,IT,Banks,UniCredit S.p.A.,9.918844,1.5773816,1.092,0.01345,0.16984,,yfinance_generated_csv,0.06476016798216344,,,,
22.311643600463867,UCG.MI,2015-04-30,34105367967.804615,yfinance_marketcap_proxy,IT,Banks,UniCredit S.p.A.,9.918844,1.5773816,1.092,0.01345,0.16984,,yfinance_generated_csv,0.018957423170925303,,,,0.0
22.461048126220703,UCG.MI,2015-05-31,34333746316.71685,yfinance_marketcap_proxy,IT,Banks,UniCredit S.p.A.,9.918844,1.5773816,1.092,0.01345,0.16984,,yfinance_generated_csv,0.00669625817049746,0.05836360746936044,,,0.0
21.24455451965332,UCG.MI,2015-06-30,32474225663.491657,yfinance_marketcap_proxy,IT,Banks,UniCredit S.p.A.,9.918844,1.5773816,1.092,0.01345,0.16984,,yfinance_generated_csv,-0.05416014425200688,0.07074109087767536,,,-0.05416014425200688
21.279817581176758,UCG.MI,2015-07-31,32528128446.74081,yfinance_marketcap_proxy,IT,Banks,UniCredit S.p.A.,9.918844,1.5773816,1.092,0.01345,0.16984,,yfinance_generated_csv,0.0016598635424815988,0.06466707617624101,0.17511211841583751,,-0.05259017915842468
20.55697250366211,UCG.MI,2015-08-31,31423194279.011417,yfinance_marketcap_proxy,IT,Banks,UniCredit S.p.A.,9.918844,1.5773816,1.092,0.01345,0.16984,,yfinance_generated_csv,-0.03396857490705407,0.06363892024485603,-0.0003788771491075593,,-0.08477234062536032
19.640195846557617,UCG.MI,2015-09-30,30021818127.852726,yfinance_marketcap_proxy,IT,Banks,UniCredit S.p.A.,9.918844,1.5773816,1.092,0.01345,0.16984,,yfinance_generated_csv,-0.04459687130199608,0.06318193840368232,-0.10304575903298352,,-0.12558863076251836
20.733274459838867,UCG.MI,2015-10-31,31692687786.371273,yfinance_marketcap_proxy,IT,Banks,UniCredit S.p.A.,9.918844,1.5773816,1.092,0.01345,0.16984,,yfinance_generated_csv,0.05565517889032856,0.06087661188185159,-0.07074194841442272,,-0.07692310958386928
19.587305068969727,UCG.MI,2015-11-30,29940969784.089256,yfinance_marketcap_proxy,IT,Banks,UniCredit S.p.A.,9.918844,1.5773816,1.092,0.01345,0.16984,,yfinance_generated_csv,-0.055271992520473656,0.06174715466632549,-0.12794340856677167,,-0.12794340856677167
18.106355667114258,UCG.MI,2015-12-31,27677204496.49158,yfinance_marketcap_proxy,IT,Banks,UniCredit S.p.A.,9.918844,1.5773816,1.092,0.01345,0.16984,,yfinance_generated_csv,-0.07560761404597682,0.06395681824579666,-0.1477177998548248,,-0.19387752675810532
12.510485649108887,UCG.MI,2016-01-31,19123410366.32222,yfinance_marketcap_proxy,IT,Banks,UniCredit S.p.A.,9.918844,1.5773816,1.092,0.01345,0.16984,,yfinance_generated_csv,-0.30905556705532367,0.10849411321175041,-0.41209619859828395,-0.30914711851010557,-0.44301416484191913
12.115568161010742,UCG.MI,2016-02-29,18519743218.814167,yfinance_marketcap_proxy,IT,Banks,UniCredit S.p.A.,9.918844,1.5773816,1.092,0.01345,0.16984,,yfinance_generated_csv,-0.03156691907690046,0.09614941636096325,-0.4106346078513059,-0.4108579049308658,-0.46059649162733407
11.177632331848145,UCG.MI,2016-03-31,17086023356.81739,yfinance_marketcap_proxy,IT,Banks,UniCredit S.p.A.,9.918844,1.5773816,1.092,0.01345,0.16984,,yfinance_generated_csv,-0.07741575274868084,0.09094925840517935,-0.430879792687644,-0.48952521643115465,-0.5023548202632834
12.327479362487793,UCG.MI,2016-04-30,18843668682.67933,yfinance_marketcap_proxy,IT,Banks,UniCredit S.p.A.,9.918844,1.5773816,1.092,0.01345,0.16984,,yfinance_generated_csv,0.10287035720108806,0.09954366197913632,-0.40542535206551267,-0.44748672113821775,-0.45116188286436765
10.507953643798828,UCG.MI,2016-05-31,16062358830.567799,yfinance_marketcap_proxy,IT,Banks,UniCredit S.p.A.,9.918844,1.5773816,1.092,0.01345,0.16984,,yfinance_generated_csv,-0.14759916972367726,0.10247728529402969,-0.46353244579594755,-0.5321699332662934,-0.506200952911658
7.197726726531982,UCG.MI,2016-06-30,11002377186.366108,yfinance_marketcap_proxy,IT,Banks,UniCredit S.p.A.,9.918844,1.5773816,1.092,0.01345,0.16984,,yfinance_generated_csv,-0.31502108112366345,0.12687263132721194,-0.6024751275815883,-0.6611966271228059,-0.6617580625832624
8.008843421936035,UCG.MI,2016-07-31,12242242516.637419,yfinance_marketcap_proxy,IT,Banks,UniCredit S.p.A.,9.918844,1.5773816,1.092,0.01345,0.16984,,yfinance_generated_csv,0.11269067668464627,0.1368279227819176,-0.3598295344748268,-0.6236413497726444,-0.6137202814996991
8.425360679626465,UCG.MI,2016-08-31,12878926868.218657,yfinance_marketcap_proxy,IT,Banks,UniCredit S.p.A.,9.918844,1.5773816,1.092,0.01345,0.16984,,yfinance_generated_csv,0.052007167046068004,0.14097377413475268,-0.3045839396339479,-0.5901458408758617,-0.5936309676531459
7.570403099060059,UCG.MI,2016-09-30,11572046774.38841,yfinance_marketcap_proxy,IT,Banks,UniCredit S.p.A.,9.918844,1.5773816,1.092,0.01345,0.16984,,yfinance_generated_csv,-0.10147430039805849,0.14132507112183354,-0.32271854411511636,-0.6145454374179806,-0.6348669809139789
8.257292747497559,UCG.MI,2016-10-31,12622019812.356344,yfinance_marketcap_proxy,IT,Banks,UniCredit S.p.A.,9.918844,1.5773816,1.092,0.01345,0.16984,,yfinance_generated_csv,0.09073356325276571,0.14439544595220996,-0.33017184578509284,-0.601737161031064,-0.5784365067873074
7.387718677520752,UCG.MI,2016-11-30,11292797090.673758,yfinance_marketcap_proxy,IT,Banks,UniCredit S.p.A.,9.918844,1.5773816,1.092,0.01345,0.16984,,yfinance_generated_csv,-0.10530982690910873,0.14487706274408851,-0.29694030560550233,-0.6228312852887352,-0.5919820192785274
9.989131927490234,UCG.MI,2016-12-31,15269292848.462175,yfinance_marketcap_proxy,IT,Banks,UniCredit S.p.A.,9.918844,1.5773816,1.092,0.01345,0.16984,,yfinance_generated_csv,0.3521267340464691,0.18860326149152665,0.3878176133957243,-0.44830798029484,-0.20153923615253466
9.192630767822266,UCG.MI,2017-01-31,14051768688.26564,yfinance_marketcap_proxy,IT,Banks,UniCredit S.p.A.,9.918844,1.5773816,1.092,0.01345,0.16984,,yfinance_generated_csv,-0.07973677447146199,0.16845631941844008,0.14781002493367068,-0.26520592200375126,-0.2542976144989374
9.223020553588867,UCG.MI,2017-02-28,14098222228.156855,yfinance_marketcap_proxy,IT,Banks,UniCredit S.p.A.,9.918844,1.5773816,1.092,0.01345,0.16984,,yfinance_generated_csv,0.003305885609261816,0.16839466303001208,0.09467367680664873,-0.23874634428869934,-0.25183240771391724
10.53538703918457,UCG.MI,2017-03-31,16104293260.007034,yfinance_marketcap_proxy,IT,Banks,UniCredit S.p.A.,9.918844,1.5773816,1.092,0.01345,0.16984,,yfinance_generated_csv,0.14229248194454414,0.17222792421984817,0.3916546980824105,-0.05745807999370678,-0.1453737840970567
10.892643928527832,UCG.MI,2017-04-30,16650392771.467134,yfinance_marketcap_proxy,IT,Banks,UniCredit S.p.A.,9.918844,1.5773816,1.092,0.01345,0.16984,,yfinance_generated_csv,0.03391018175359917,0.16994298798910162,0.31915438408417085,-0.11639325378439724,0.0
11.351970672607422,UCG.MI,2017-05-31,17352515300.170593,yfinance_marketcap_proxy,IT,Banks,UniCredit S.p.A.,9.918844,1.5773816,1.092,0.01345,0.16984,,yfinance_generated_csv,0.04216852649305958,0.16333985541203921,0.5366002913929357,0.0803217312732134,0.0
11.920662879943848,UCG.MI,2017-06-30,18221812844.49084,yfinance_marketcap_proxy,IT,Banks,UniCredit S.p.A.,9.918844,1.5773816,1.092,0.01345,0.16984,,yfinance_generated_csv,0.05009634218917536,0.1249673891138344,0.19336324382081815,0.6561705289535875,0.0
12.132102012634277,UCG.MI,2017-07-31,18545016708.46125,yfinance_marketcap_proxy,IT,Banks,UniCredit S.p.A.,9.918844,1.5773816,1.092,0.01345,0.16984,,yfinance_generated_csv,0.0177371958942123,0.12359426908873207,0.31976387598436884,0.5148382074001763,0.0
12.46019172668457,UCG.MI,2017-08-31,19046531550.868668,yfinance_marketcap_proxy,IT,Banks,UniCredit S.p.A.,9.918844,1.5773816,1.092,0.01345,0.16984,,yfinance_generated_csv,0.027043105449379157,0.12361121240986564,0.3509881772773511,0.47889119534251057,0.0
13.138249397277832,UCG.MI,2017-09-30,20083004110.805706,yfinance_marketcap_proxy,IT,Banks,UniCredit S.p.A.,9.918844,1.5773816,1.092,0.01345,0.16984,,yfinance_generated_csv,0.05441791631032,0.11537661711639327,0.24705901628600446,0.7354755388004475,0.0
11.978992462158203,UCG.MI,2017-10-31,18310974893.70839,yfinance_marketcap_proxy,IT,Banks,UniCredit S.p.A.,9.918844,1.5773816,1.092,0.01345,0.16984,,yfinance_generated_csv,-0.08823526636355528,0.12138167698810898,0.09973230932347144,0.4507166971630667,-0.08823526636355528
12.32166576385498,UCG.MI,2017-11-30,18834782070.642147,yfinance_marketcap_proxy,IT,Banks,UniCredit S.p.A.,9.918844,1.5773816,1.092,0.01345,0.16984,,yfinance_generated_csv,0.028606187271532857,0.11292101710840947,0.08542085944491173,0.6678580089070223,-0.062153153645571946
11.359261512756348,UCG.MI,2017-12-31,17363660009.6562,yfinance_marketcap_proxy,IT,Banks,UniCredit S.p.A.,9.918844,1.5773816,1.092,0.01345,0.16984,,yfinance_generated_csv,-0.07810666751907847,0.06660735548460546,-0.04709481115618497,0.13716202721234438,-0.13540524545759347
12.940871238708496,UCG.MI,2018-01-31,19781293719.255936,yfinance_marketcap_proxy,IT,Banks,UniCredit S.p.A.,9.918844,1.5773816,1.092,0.01345,0.16984,,yfinance_generated_csv,0.13923525963162442,0.06890884007023294,0.06666356953081776,0.4077440468953142,-0.01502317033274092
12.722101211547852,UCG.MI,2018-02-28,19446883919.14218,yfinance_marketcap_proxy,IT,Banks,UniCredit S.p.A.,9.918844,1.5773816,1.092,0.01345,0.16984,,yfinance_generated_csv,-0.01690535537563065,0.06988836269010372,0.021019699424237537,0.3793855426894197,-0.03167455367502792
12.388116836547852,UCG.MI,2018-03-31,18936358553.60455,yfinance_marketcap_proxy,IT,Banks,UniCredit S.p.A.,9.918844,1.5773816,1.092,0.01345,0.16984,,yfinance_generated_csv,-0.026252296648673235,0.06156905297098677,-0.05709532054441013,0.17585778201335844,-0.05709532054441013
13.344635963439941,UCG.MI,2018-04-30,20398484669.235924,yfinance_marketcap_proxy,IT,Banks,UniCredit S.p.A.,9.918844,1.5773816,1.092,0.01345,0.16984,,yfinance_generated_csv,0.07721263364825015,0.06398009423244731,0.11400320232238426,0.22510531428373803,0.0
10.49366283416748,UCG.MI,2018-05-31,16040514033.75396,yfinance_marketcap_proxy,IT,Banks,UniCredit S.p.A.,9.918844,1.5773816,1.092,0.01345,0.16984,,yfinance_generated_csv,-0.2136418810586681,0.09200706923826946,-0.1483568021338364,-0.07560870823169574,-0.2136418810586681
10.613938331604004,UCG.MI,2018-06-30,16224366024.716118,yfinance_marketcap_proxy,IT,Banks,UniCredit S.p.A.,9.918844,1.5773816,1.092,0.01345,0.16984,,yfinance_generated_csv,0.011461726885764412,0.09066935449124992,-0.06561370035502334,-0.10961844668373,-0.2046288590649592
11.258377075195312,UCG.MI,2018-07-31,17209449009.92633,yfinance_marketcap_proxy,IT,Banks,UniCredit S.p.A.,9.918844,1.5773816,1.092,0.01345,0.16984,,yfinance_generated_csv,0.060716269819698354,0.09250610251137031,-0.13001397915779722,-0.07201760556654357,-0.15633689026514586
9.231512069702148,UCG.MI,2018-08-31,14111202279.59699,yfinance_marketcap_proxy,IT,Banks,UniCredit S.p.A.,9.918844,1.5773816,1.092,0.01345,0.16984,,yfinance_generated_csv,-0.18003172144223123,0.10505156941650214,-0.274372061957603,-0.2591195808061225,-0.3082230122280176
9.625005722045898,UCG.MI,2018-09-30,14712692965.200268,yfinance_marketcap_proxy,IT,Banks,UniCredit S.p.A.,9.918844,1.5773816,1.092,0.01345,0.16984,,yfinance_generated_csv,0.04262504878644924,0.10435215585006373,-0.22304529017276675,-0.2674057683788418,-0.2787359843748939
8.40146255493164,UCG.MI,2018-10-31,12842396420.21345,yfinance_marketcap_proxy,IT,Banks,UniCredit S.p.A.,9.918844,1.5773816,1.092,0.01345,0.16984,,yfinance_generated_csv,-0.1271212924384818,0.10721877158726968,-0.37042399823052674,-0.29865031792348373,-0.37042399823052674
8.453434944152832,UCG.MI,2018-11-30,12921840924.181675,yfinance_marketcap_proxy,IT,Banks,UniCredit S.p.A.,9.918844,1.5773816,1.092,0.01345,0.16984,,yfinance_generated_csv,0.00618611210624076,0.10642029959878806,-0.19442476113980378,-0.3139373274553039,-0.366529370504182
7.345712184906006,UCG.MI,2018-12-31,11228586362.261396,yfinance_marketcap_proxy,IT,Banks,UniCredit S.p.A.,9.918844,1.5773816,1.092,0.01345,0.16984,,yfinance_generated_csv,-0.1310381834798443,0.10984600994868618,-0.3079183282011867,-0.35332836763579767,-0.44953821108114744
7.48974609375,UCG.MI,2019-01-31,11448755236.815466,yfinance_marketcap_proxy,IT,Banks,UniCredit S.p.A.,9.918844,1.5773816,1.092,0.01345,0.16984,,yfinance_generated_csv,0.01960788895867105,0.0978887076587913,-0.3347401633711876,-0.42123324190516565,-0.4387448174480352
8.884049415588379,UCG.MI,2019-02-28,13580074143.731028,yfinance_marketcap_proxy,IT,Banks,UniCredit S.p.A.,9.918844,1.5773816,1.092,0.01345,0.16984,,yfinance_generated_csv,0.18616162742845033,0.11773937055789499,-0.03763875857933863,-0.301683796736004,-0.3342606392615094
8.484617233276367,UCG.MI,2019-03-31,12969505877.229532,yfinance_marketcap_proxy,IT,Banks,UniCredit S.p.A.,9.918844,1.5773816,1.092,0.01345,0.16984,,yfinance_generated_csv,-0.044960598892116566,0.11791235472379497,-0.11848185047386439,-0.3151003219274817,-0.3641926796263667
9.352190017700195,UCG.MI,2019-04-30,14295669452.691645,yfinance_marketcap_proxy,IT,Banks,UniCredit S.p.A.,9.918844,1.5773816,1.092,0.01345,0.16984,,yfinance_generated_csv,0.10225243644713156,0.12007577673653647,0.11316213772927908,-0.29917983200724085,-0.16931277436912884
7.727502822875977,UCG.MI,2019-05-31,11812187930.473879,yfinance_marketcap_proxy,IT,Banks,UniCredit S.p.A.,9.918844,1.5773816,1.092,0.01345,0.16984,,yfinance_generated_csv,-0.1737226458989064,0.11472720023130281,-0.08587421871377576,-0.2636029053920864,-0.31362195712014573
8.211420059204102,UCG.MI,2019-06-30,12551899253.694847,yfinance_marketcap_proxy,IT,Banks,UniCredit S.p.A.,9.918844,1.5773816,1.092,0.01345,0.16984,,yfinance_generated_csv,0.06262271880322956,0.11689183060473347,0.11785213639011816,-0.22635502462325197,-0.27063909794816954
8.082477569580078,UCG.MI,2019-07-31,12354798980.220566,yfinance_marketcap_proxy,IT,Banks,UniCredit S.p.A.,9.918844,1.5773816,1.092,0.01345,0.16984,,yfinance_generated_csv,-0.0157028246873685,0.11446459767549096,0.07913906137949023,-0.28209212432691044,-0.16026256991543264
7.630416393280029,UCG.MI,2019-08-31,11663782529.897236,yfinance_marketcap_proxy,IT,Banks,UniCredit S.p.A.,9.918844,1.5773816,1.092,0.01345,0.16984,,yfinance_generated_csv,-0.055931015262135175,0.10391974719402554,-0.14111054133812728,-0.17343807431904035,-0.20722993693367875
8.206868171691895,UCG.MI,2019-09-30,12544941281.376366,yfinance_marketcap_proxy,IT,Banks,UniCredit S.p.A.,9.918844,1.5773816,1.092,0.01345,0.16984,,yfinance_generated_csv,0.07554656898141698,0.1058731871240461,-0.032735603026987525,-0.14733887867783657,-0.1224656303861058
8.622522354125977,UCG.MI,2019-10-31,13180306344.261137,yfinance_marketcap_proxy,IT,Banks,UniCredit S.p.A.,9.918844,1.5773816,1.092,0.01345,0.16984,,yfinance_generated_csv,0.05064711333707117,0.0999634128639213,-0.07802104771109553,0.026312061471317705,-0.07802104771109553
9.528159141540527,UCG.MI,2019-11-30,14564654195.681261,yfinance_marketcap_proxy,IT,Banks,UniCredit S.p.A.,9.918844,1.5773816,1.092,0.01345,0.16984,,yfinance_generated_csv,0.10503153836199597,0.10390259415347826,0.23301917319706567,0.12713461503966172,0.0
9.875550270080566,UCG.MI,2019-12-31,15095672998.229837,yfinance_marketcap_proxy,IT,Banks,UniCredit S.p.A.,9.918844,1.5773816,1.092,0.01345,0.16984,,yfinance_generated_csv,0.036459417121351034,0.09319299383778923,0.20266046541014027,0.3443965706106591,0.0
9.164085388183594,UCG.MI,2020-01-31,14008134490.185436,yfinance_marketcap_proxy,IT,Banks,UniCredit S.p.A.,9.918844,1.5773816,1.092,0.01345,0.16984,,yfinance_generated_csv,-0.07204306215244127,0.09768035025958911,0.1338213201697398,0.22355087522002748,-0.07204306215244127
8.751466751098633,UCG.MI,2020-02-29,13377409533.29055,yfinance_marketcap_proxy,IT,Banks,UniCredit S.p.A.,9.918844,1.5773816,1.092,0.01345,0.16984,,yfinance_generated_csv,-0.04502562117295439,0.08407305357888276,0.14691863458538013,-0.01492367481174861,-0.11382489970078025
5.420932292938232,UCG.MI,2020-03-31,8286385973.616459,yfinance_marketcap_proxy,IT,Banks,UniCredit S.p.A.,9.918844,1.5773816,1.092,0.01345,0.16984,,yfinance_generated_csv,-0.38056871526619185,0.1390173917096608,-0.33946394903274346,-0.36108699498222163,-0.451075419122543
5.331430435180664,UCG.MI,2020-04-30,8149574278.01549,yfinance_marketcap_proxy,IT,Banks,UniCredit S.p.A.,9.918844,1.5773816,1.092,0.01345,0.16984,,yfinance_generated_csv,-0.016510417935704735,0.13317151024585397,-0.3816855188981316,-0.42992706252864177,-0.4601383933680113
5.814589977264404,UCG.MI,2020-05-31,8888127396.960941,yfinance_marketcap_proxy,IT,Banks,UniCredit S.p.A.,9.918844,1.5773816,1.092,0.01345,0.16984,,yfinance_generated_csv,0.0906247484531546,0.1301050869634793,-0.3897467610596298,-0.24754605588091338,-0.4112135710674715
6.210521697998047,UCG.MI,2020-06-30,9493344890.909536,yfinance_marketcap_proxy,IT,Banks,UniCredit S.p.A.,9.918844,1.5773816,1.092,0.01345,0.16984,,yfinance_generated_csv,0.06809280143256413,0.1304061806663248,-0.37112145367598026,-0.24367263479150203,-0.37112145367598026
5.856306552886963,UCG.MI,2020-07-31,8951894960.993496,yfinance_marketcap_proxy,IT,Banks,UniCredit S.p.A.,9.918844,1.5773816,1.092,0.01345,0.16984,,yfinance_generated_csv,-0.05703468441713433,0.13102033135500646,-0.3609502416424192,-0.27543175932485453,-0.40698934310227697
6.2575483322143555,UCG.MI,2020-08-31,9565229360.424871,yfinance_marketcap_proxy,IT,Banks,UniCredit S.p.A.,9.918844,1.5773816,1.092,0.01345,0.16984,,yfinance_generated_csv,0.06851447677881439,0.13255116834893152,-0.2849714784748737,-0.17992046440279907,-0.3663595282206684
5.343567371368408,UCG.MI,2020-09-30,8168126684.198428,yfinance_marketcap_proxy,IT,Banks,UniCredit S.p.A.,9.918844,1.5773816,1.092,0.01345,0.16984,,yfinance_generated_csv,-0.146060551564692,0.1355074693624384,-0.014271515929207612,-0.3488907998059386,-0.45890940502246924
4.855099201202393,UCG.MI,2020-10-31,7421458846.436543,yfinance_marketcap_proxy,IT,Banks,UniCredit S.p.A.,9.918844,1.5773816,1.092,0.01345,0.16984,,yfinance_generated_csv,-0.09141237233824306,0.13451655993892528,-0.08934398371496899,-0.4369281978284264,-0.5083717799592767
6.555634021759033,UCG.MI,2020-11-30,10020880333.966177,yfinance_marketcap_proxy,IT,Banks,UniCredit S.p.A.,9.918844,1.5773816,1.092,0.01345,0.16984,,yfinance_generated_csv,0.35025748189357153,0.17153308574512136,0.12744562340460486,-0.31197265658819506,-0.3361753175799943
5.800936222076416,UCG.MI,2020-12-31,8867256395.560625,yfinance_marketcap_proxy,IT,Banks,UniCredit S.p.A.,9.918844,1.5773816,1.092,0.01345,0.16984,,yfinance_generated_csv,-0.11512201522807308,0.17287663966478262,-0.06595025278692135,-0.41259615277832096,-0.3669923427867344
5.731914520263672,UCG.MI,2021-01-31,8761750473.171349,yfinance_marketcap_proxy,IT,Banks,UniCredit S.p.A.,9.918844,1.5773816,1.092,0.01345,0.16984,,yfinance_generated_csv,-0.011898372809214908,0.17238192475472613,-0.021240696930725056,-0.37452410388334556,-0.34503384594998265
6.477510452270508,UCG.MI,2021-02-28,9901461382.495066,yfinance_marketcap_proxy,IT,Banks,UniCredit S.p.A.,9.918844,1.5773816,1.092,0.01345,0.16984,,yfinance_generated_csv,0.13007799215619453,0.17775352315664986,0.03515148559440928,-0.2598371637008916,-0.011917012028008656
6.836276531219482,UCG.MI,2021-03-31,10449867826.952024,yfinance_marketcap_proxy,IT,Banks,UniCredit S.p.A.,9.918844,1.5773816,1.092,0.01345,0.16984,,yfinance_generated_csv,0.05538641451720383,0.13417239561067837,0.279346933632618,0.2610887134902973,0.0
6.5869832038879395,UCG.MI,2021-04-30,10068800398.087936,yfinance_marketcap_proxy,IT,Banks,UniCredit S.p.A.,9.918844,1.5773816,1.092,0.01345,0.16984,,yfinance_generated_csv,-0.03646624389652553,0.13488352399850342,0.35671444205643343,0.23550016903948,-0.03646624389652553
8.077939987182617,UCG.MI,2021-05-31,12347862874.56556,yfinance_marketcap_proxy,IT,Banks,UniCredit S.p.A.,9.918844,1.5773816,1.092,0.01345,0.16984,,yfinance_generated_csv,0.22634895780736874,0.14607492814704554,0.23221338475742326,0.38925358774533114,0.0
7.654809474945068,UCG.MI,2021-06-30,11701069564.45876,yfinance_marketcap_proxy,IT,Banks,UniCredit S.p.A.,9.918844,1.5773816,1.092,0.01345,0.16984,,yfinance_generated_csv,-0.05238099229617155,0.14785215333198484,0.3195817333439097,0.23255498445687506,-0.05238099229617155
7.776362419128418,UCG.MI,2021-07-31,11886874248.46944,yfinance_marketcap_proxy,IT,Banks,UniCredit S.p.A.,9.918844,1.5773816,1.092,0.01345,0.16984,,yfinance_generated_csv,0.015879290605625762,0.14557962913190556,0.3566780159817702,0.327861229411724,-0.037333474689427826
8.130254745483398,UCG.MI,2021-08-31,12427830720.679676,yfinance_marketcap_proxy,IT,Banks,UniCredit S.p.A.,9.918844,1.5773816,1.092,0.01345,0.16984,,yfinance_generated_csv,0.04550872339546186,0.14521700693556766,0.2551511580554173,0.2992715859066084,0.0
8.847267150878906,UCG.MI,2021-09-30,13523849120.820581,yfinance_marketcap_proxy,IT,Banks,UniCredit S.p.A.,9.918844,1.5773816,1.092,0.01345,0.16984,,yfinance_generated_csv,0.08819064443138513,0.134633767115833,0.2941646100001598,0.6556855254195575,0.0
8.788797378540039,UCG.MI,2021-10-31,13434472778.300959,yfinance_marketcap_proxy,IT,Banks,UniCredit S.p.A.,9.918844,1.5773816,1.092,0.01345,0.16984,,yfinance_generated_csv,-0.0066087947093423915,0.12860609277728816,0.3342674645583563,0.8102199387323423,-0.0066087947093423915
8.22411060333252,UCG.MI,2021-11-30,12571297899.754358,yfinance_marketcap_proxy,IT,Banks,UniCredit S.p.A.,9.918844,1.5773816,1.092,0.01345,0.16984,,yfinance_generated_csv,-0.0642507445428584,0.09374815509403298,0.018095036157960154,0.25451033050893135,-0.07043491927159462
10.41977310180664,UCG.MI,2021-12-31,15927566885.783352,yfinance_marketcap_proxy,IT,Banks,UniCredit S.p.A.,9.918844,1.5773816,1.092,0.01345,0.16984,,yfinance_generated_csv,0.2669787171374385,0.10661830161684342,0.3612060673634747,0.7962226618097406,0.0
10.762893676757812,UCG.MI,2022-01-31,16452057760.395166,yfinance_marketcap_proxy,IT,Banks,UniCredit S.p.A.,9.918844,1.5773816,1.092,0.01345,0.16984,,yfinance_generated_csv,0.03292975495710926,0.10484208473993545,0.38405247809478094,0.8777135699962797,0.0
8.761102676391602,UCG.MI,2022-02-28,13392138917.808872,yfinance_marketcap_proxy,IT,Banks,UniCredit S.p.A.,9.918844,1.5773816,1.092,0.01345,0.16984,,yfinance_generated_csv,-0.18599003766886835,0.12329423084305131,0.07759264016403145,0.35254165021387895,-0.18599003766886835
7.581724166870117,UCG.MI,2022-03-31,11589352051.864359,yfinance_marketcap_proxy,IT,Banks,UniCredit S.p.A.,9.918844,1.5773816,1.092,0.01345,0.16984,,yfinance_generated_csv,-0.13461530506879416,0.13193311067240235,-0.14304337852882254,0.10904293181330083,-0.29556823707711133
7.2573652267456055,UCG.MI,2022-04-30,11093540035.29183,yfinance_marketcap_proxy,IT,Banks,UniCredit S.p.A.,9.918844,1.5773816,1.092,0.01345,0.16984,,yfinance_generated_csv,-0.04278168566747176,0.13217507946049814,-0.17424820323356105,0.10177375622606344,-0.3257050153326614
8.883243560791016,UCG.MI,2022-05-31,13578842321.68847,yfinance_marketcap_proxy,IT,Banks,UniCredit S.p.A.,9.918844,1.5773816,1.092,0.01345,0.16984,,yfinance_generated_csv,0.224031488459965,0.1318406953063574,0.08014641208636064,0.09969170046895437,-0.17464170625654807
7.38776159286499,UCG.MI,2022-06-30,11292862690.66419,yfinance_marketcap_proxy,IT,Banks,UniCredit S.p.A.,9.918844,1.5773816,1.092,0.01345,0.16984,,yfinance_generated_csv,-0.16834863951347734,0.14119318354217775,-0.2909863275636917,-0.03488628723603793,-0.31358965211942325
7.807474136352539,UCG.MI,2022-07-31,11934431325.977476,yfinance_marketcap_proxy,IT,Banks,UniCredit S.p.A.,9.918844,1.5773816,1.092,0.01345,0.16984,,yfinance_generated_csv,0.05681186895539536,0.1419483366648937,-0.2745933973860045,0.004000805974216481,-0.2745933973860045
7.985138893127441,UCG.MI,2022-08-31,12206007997.47794,yfinance_marketcap_proxy,IT,Banks,UniCredit S.p.A.,9.918844,1.5773816,1.092,0.01345,0.16984,,yfinance_generated_csv,0.022755727866926145,0.14157248296248254,-0.0885691917930761,-0.017848869057463856,-0.25808624214404907
8.523024559020996,UCG.MI,2022-09-30,13028214953.111002,yfinance_marketcap_proxy,IT,Banks,UniCredit S.p.A.,9.918844,1.5773816,1.092,0.01345,0.16984,,yfinance_generated_csv,0.0673608403175674,0.140616666720667,0.12415386941456963,-0.0366488980527393,-0.20811030797170793
10.226325035095215,UCG.MI,2022-10-31,15631863995.579582,yfinance_marketcap_proxy,IT,Banks,UniCredit S.p.A.,9.918844,1.5773816,1.092,0.01345,0.16984,,yfinance_generated_csv,0.19984695154625598,0.15120648567663655,0.40909609969856375,0.16356363614267,-0.04985356705895028
10.614253044128418,UCG.MI,2022-11-30,16224847091.312618,yfinance_marketcap_proxy,IT,Banks,UniCredit S.p.A.,9.918844,1.5773816,1.092,0.01345,0.16984,,yfinance_generated_csv,0.03793425377170112,0.14870937286962113,0.19486232382254576,0.29062625201409387,-0.013810471151487813
10.816368103027344,UCG.MI,2022-12-31,16533798264.028511,yfinance_marketcap_proxy,IT,Banks,UniCredit S.p.A.,9.918844,1.5773816,1.092,0.01345,0.16984,,yfinance_generated_csv,0.019041854199126185,0.1289103385689343,0.46409273865492073,0.038061769421057656,0.0
14.575040817260742,UCG.MI,2023-01-31,22279269923.80403,yfinance_marketcap_proxy,IT,Banks,UniCredit S.p.A.,9.918844,1.5773816,1.092,0.01345,0.16984,,yfinance_generated_csv,0.347498594577361,0.16165602544853025,0.8668061607015256,0.35419351477337013,0.0
15.76816177368164,UCG.MI,2023-02-28,24103063364.462418,yfinance_marketcap_proxy,IT,Banks,UniCredit S.p.A.,9.918844,1.5773816,1.092,0.01345,0.16984,,yfinance_generated_csv,0.08186055678196968,0.1457859259985172,0.9746884787755918,0.7997919161673388,0.0
14.188740730285645,UCG.MI,2023-03-31,21688775254.374714,yfinance_marketcap_proxy,IT,Banks,UniCredit S.p.A.,9.918844,1.5773816,1.092,0.01345,0.16984,,yfinance_generated_csv,-0.1001651978249094,0.14190815524072115,0.6647541764112253,0.8714398490367439,-0.1001651978249094
15.399153709411621,UCG.MI,2023-04-30,23539001117.844486,yfinance_marketcap_proxy,IT,Banks,UniCredit S.p.A.,9.918844,1.5773816,1.092,0.01345,0.16984,,yfinance_generated_csv,0.0853079918884112,0.13806275300853754,0.5058345648670499,1.1218656121454438,-0.023402097820046763
15.376835823059082,UCG.MI,2023-05-31,23504886207.26474,yfinance_marketcap_proxy,IT,Banks,UniCredit S.p.A.,9.918844,1.5773816,1.092,0.01345,0.16984,,yfinance_generated_csv,-0.0014492930438702034,0.13076432483968456,0.44869693224105167,0.7309933829721358,-0.024817474366334413
18.253231048583984,UCG.MI,2023-06-30,27901716819.30103,yfinance_marketcap_proxy,IT,Banks,UniCredit S.p.A.,9.918844,1.5773816,1.092,0.01345,0.16984,,yfinance_generated_csv,0.1870602807120736,0.11513045653005183,0.6875563844277055,1.4707390485113558,0.0
19.742502212524414,UCG.MI,2023-07-31,30178202673.932243,yfinance_marketcap_proxy,IT,Banks,UniCredit S.p.A.,9.918844,1.5773816,1.092,0.01345,0.16984,,yfinance_generated_csv,0.08158945449035793,0.11482705414553282,0.3545418129562983,1.528667001354631,0.0
19.369112014770508,UCG.MI,2023-08-31,29607441939.402424,yfinance_marketcap_proxy,IT,Banks,UniCredit S.p.A.,9.918844,1.5773816,1.092,0.01345,0.16984,,yfinance_generated_csv,-0.018913012835679588,0.11750306281400096,0.22836842320448225,1.4256449729936311,-0.018913012835679588
19.510744094848633,UCG.MI,2023-09-30,29823939401.15865,yfinance_marketcap_proxy,IT,Banks,UniCredit S.p.A.,9.918844,1.5773816,1.092,0.01345,0.16984,,yfinance_generated_csv,0.007312265010916308,0.11945706383709129,0.3750863776940583,1.2891807901923666,-0.011739044786772568
20.27898406982422,UCG.MI,2023-10-31,30998263780.9894,yfinance_marketcap_proxy,IT,Banks,UniCredit S.p.A.,9.918844,1.5773816,1.092,0.01345,0.16984,,yfinance_generated_csv,0.039375226861717794,0.11330828096059796,0.31688951565112,0.9830177507784845,0.0
21.446367263793945,UCG.MI,2023-11-30,32782714720.719395,yfinance_marketcap_proxy,IT,Banks,UniCredit S.p.A.,9.918844,1.5773816,1.092,0.01345,0.16984,,yfinance_generated_csv,0.05756615765120254,0.11304116196505236,0.39471914186877144,1.020525342163161,0.0
21.085851669311523,UCG.MI,2023-12-31,32231633983.31916,yfinance_marketcap_proxy,IT,Banks,UniCredit S.p.A.,9.918844,1.5773816,1.092,0.01345,0.16984,,yfinance_generated_csv,-0.01681010075263656,0.1148403374957462,0.15518461433967778,0.9494391711215802,-0.01681010075263656
23.313322067260742,UCG.MI,2024-01-31,35636524224.47875,yfinance_marketcap_proxy,IT,Banks,UniCredit S.p.A.,9.918844,1.5773816,1.092,0.01345,0.16984,,yfinance_generated_csv,0.1056381517276388,0.07437174348181964,0.1808696697256056,0.5995373432952271,0.0
26.532207489013672,UCG.MI,2024-02-29,40556882120.156296,yfinance_marketcap_proxy,IT,Banks,UniCredit S.p.A.,9.918844,1.5773816,1.092,0.01345,0.16984,,yfinance_generated_csv,0.13807064529311597,0.07872804897841601,0.3698205404966799,0.682644297403018,0.0
30.193153381347656,UCG.MI,2024-03-31,46152969481.72017,yfinance_marketcap_proxy,IT,Banks,UniCredit S.p.A.,9.918844,1.5773816,1.092,0.01345,0.16984,,yfinance_generated_csv,0.1379812024253877,0.06745360781366948,0.5475141919020643,1.1279656845727573,0.0
31.281198501586914,UCG.MI,2024-04-30,47816144990.24983,yfinance_marketcap_proxy,IT,Banks,UniCredit S.p.A.,9.918844,1.5773816,1.092,0.01345,0.16984,,yfinance_generated_csv,0.03603615384246073,0.06772988551389986,0.5425426832961688,1.031358287077071,0.0
32.91400909423828,UCG.MI,2024-05-31,50312043861.76758,yfinance_marketcap_proxy,IT,Banks,UniCredit S.p.A.,9.918844,1.5773816,1.092,0.01345,0.16984,,yfinance_generated_csv,0.05219782715705512,0.064812027978469,0.5347125547833067,1.1404929774226034,0.0
31.303817749023438,UCG.MI,2024-06-30,47850720558.54017,yfinance_marketcap_proxy,IT,Banks,UniCredit S.p.A.,9.918844,1.5773816,1.092,0.01345,0.16984,,yfinance_generated_csv,-0.04892115514110107,0.06083608354158573,0.48458872991993984,0.7149740594255978,-0.04892115514110107
34.3342399597168,UCG.MI,2024-07-31,52482995367.347,yfinance_marketcap_proxy,IT,Banks,UniCredit S.p.A.,9.918844,1.5773816,1.092,0.01345,0.16984,,yfinance_generated_csv,0.09680679318380903,0.061760713917654156,0.4727304783359425,0.7391027535473975,0.0
33.8140983581543,UCG.MI,2024-08-31,51687911821.0912,yfinance_marketcap_proxy,IT,Banks,UniCredit S.p.A.,9.918844,1.5773816,1.092,0.01345,0.16984,,yfinance_generated_csv,-0.015149355342444326,0.0613937121843057,0.2744547686865435,0.745774320080772,-0.015149355342444326
35.60973358154297,UCG.MI,2024-09-30,54432702887.418045,yfinance_marketcap_proxy,IT,Banks,UniCredit S.p.A.,9.918844,1.5773816,1.092,0.01345,0.16984,,yfinance_generated_csv,0.05310315254807474,0.05996153750644604,0.17939763136968323,0.8251345724402641,0.0
36.799285888671875,UCG.MI,2024-10-31,56251041324.42762,yfinance_marketcap_proxy,IT,Banks,UniCredit S.p.A.,9.918844,1.5773816,1.092,0.01345,0.16984,,yfinance_generated_csv,0.03340525714422826,0.06010936280695526,0.17640268440497975,0.8146513534388735,0.0
33.67903518676758,UCG.MI,2024-11-30,51481455531.20376,yfinance_marketcap_proxy,IT,Banks,UniCredit S.p.A.,9.918844,1.5773816,1.092,0.01345,0.16984,,yfinance_generated_csv,-0.08479106663493219,0.07190718597222719,0.023243175583348208,0.5703841481641039,-0.08479106663493219
35.659889221191406,UCG.MI,2024-12-31,54509370325.12465,yfinance_marketcap_proxy,IT,Banks,UniCredit S.p.A.,9.918844,1.5773816,1.092,0.01345,0.16984,,yfinance_generated_csv,0.058815640752146736,0.06969526571564937,0.139154639446617,0.6911761393584603,-0.030962466796977006
41.11647415161133,UCG.MI,2025-01-31,62850254584.125626,yfinance_marketcap_proxy,IT,Banks,UniCredit S.p.A.,9.918844,1.5773816,1.092,0.01345,0.16984,,yfinance_generated_csv,0.15301743918983535,0.07449972509200505,0.19753558546372063,0.7636471556042983,0.0
46.84611892700195,UCG.MI,2025-02-28,71608535546.69191,yfinance_marketcap_proxy,IT,Banks,UniCredit S.p.A.,9.918844,1.5773816,1.092,0.01345,0.16984,,yfinance_generated_csv,0.139351559043301,0.07463679823305273,0.38540198324421615,0.7656321640933861,0.0
47.69770050048828,UCG.MI,2025-03-31,72910255107.94151,yfinance_marketcap_proxy,IT,Banks,UniCredit S.p.A.,9.918844,1.5773816,1.092,0.01345,0.16984,,yfinance_generated_csv,0.018178273739459794,0.06979822624823048,0.33945681989630727,0.5797522007076732,0.0
48.61811065673828,UCG.MI,2025-04-30,74317185391.62344,yfinance_marketcap_proxy,IT,Banks,UniCredit S.p.A.,9.918844,1.5773816,1.092,0.01345,0.16984,,yfinance_generated_csv,0.019296740651901567,0.07007327219718541,0.32116994889035766,0.5542278744298066,0.0
53.950172424316406,UCG.MI,2025-05-31,82467724718.38707,yfinance_marketcap_proxy,IT,Banks,UniCredit S.p.A.,9.918844,1.5773816,1.092,0.01345,0.16984,,yfinance_generated_csv,0.1096723359989129,0.07291837551804055,0.60189186314676,0.6391249169874169,0.0
54.28402328491211,UCG.MI,2025-06-30,82978045995.06558,yfinance_marketcap_proxy,IT,Banks,UniCredit S.p.A.,9.918844,1.5773816,1.092,0.01345,0.16984,,yfinance_generated_csv,0.0061881333384807835,0.06808172836615137,0.5222712260321056,0.7341023296305631,0.0
61.647796630859375,UCG.MI,2025-07-31,94234240477.74464,yfinance_marketcap_proxy,IT,Banks,UniCredit S.p.A.,9.918844,1.5773816,1.092,0.01345,0.16984,,yfinance_generated_csv,0.1356526819557602,0.07140439704887108,0.4993454060175886,0.795519478607613,0.0
62.99273681640625,UCG.MI,2025-08-31,96290103360.11024,yfinance_marketcap_proxy,IT,Banks,UniCredit S.p.A.,9.918844,1.5773816,1.092,0.01345,0.16984,,yfinance_generated_csv,0.021816516713488276,0.06898993002886648,0.34467354519943894,0.8629133963353337,0.0
61.495182037353516,UCG.MI,2025-09-30,94000955249.5481,yfinance_marketcap_proxy,IT,Banks,UniCredit S.p.A.,9.918844,1.5773816,1.092,0.01345,0.16984,,yfinance_generated_csv,-0.023773451587242422,0.07268385162104746,0.2892693230929233,0.7269205874999116,-0.023773451587242422
61.07548522949219,UCG.MI,2025-10-31,93359410667.56464,yfinance_marketcap_proxy,IT,Banks,UniCredit S.p.A.,9.918844,1.5773816,1.092,0.01345,0.16984,,yfinance_generated_csv,-0.0068248730056021945,0.07437183556222575,0.2562290966160232,0.6596921313707718,-0.0304360738048568
62.554195404052734,UCG.MI,2025-11-30,95619753093.43933,yfinance_marketcap_proxy,IT,Banks,UniCredit S.p.A.,9.918844,1.5773816,1.092,0.01345,0.16984,,yfinance_generated_csv,0.0242111899562365,0.06275442561486277,0.15948091717049495,0.8573630466893585,-0.006961777413031833
69.22052764892578,UCG.MI,2025-12-31,105809845687.1696,yfinance_marketcap_proxy,IT,Banks,UniCredit S.p.A.,9.918844,1.5773816,1.092,0.01345,0.16984,,yfinance_generated_csv,0.10656890719820766,0.06453262797387116,0.2751547040944029,0.9411313147823936,0.0
71.68989562988281,UCG.MI,2026-01-31,109584498292.1755,yfinance_marketcap_proxy,IT,Banks,UniCredit S.p.A.,9.918844,1.5773816,1.092,0.01345,0.16984,,yfinance_generated_csv,0.03567392599896424,0.05742631226815816,0.16289469450391691,0.743580817886675,0.0
70.6748275756836,UCG.MI,2026-02-28,108032874838.4866,yfinance_marketcap_proxy,IT,Banks,UniCredit S.p.A.,9.918844,1.5773816,1.092,0.01345,0.16984,,yfinance_generated_csv,-0.014159150955383781,0.05229862616403999,0.12195200823972718,0.5086591844633441,-0.014159150955383781
59.4015998840332,UCG.MI,2026-03-31,90800725316.31569,yfinance_marketcap_proxy,IT,Banks,UniCredit S.p.A.,9.918844,1.5773816,1.092,0.01345,0.16984,,yfinance_generated_csv,-0.15950838620127117,0.07709281438079729,-0.03404465332013529,0.24537659595193917,-0.1714090338377815
65.62000274658203,UCG.MI,2026-04-30,100306117281.02365,yfinance_marketcap_proxy,IT,Banks,UniCredit S.p.A.,9.918844,1.5773816,1.092,0.01345,0.16984,,yfinance_generated_csv,0.1046840973086367,0.080751476878097,0.07440820977539087,0.34970285476297813,-0.08466873650699869
70.68000030517578,UCG.MI,2026-05-31,108040781824.0,yfinance_marketcap_proxy,IT,Banks,UniCredit S.p.A.,9.918844,1.5773816,1.092,0.01345,0.16984,,yfinance_generated_csv,0.07711059656816777,0.07827964993105908,0.12990023848339027,0.3100977648278824,-0.014086996721558553
